origin,timestamp,horizon,actual,predicted,persistence,actual_raw
2021-11-06 11:20:00.000002,2021-11-06 11:29:59.999997,1,8.34672,7.877419,7.9548683,8.18
2021-11-06 11:20:00.000002,2021-11-06 11:40:00.000001,2,8.557909,7.7993155,7.9548683,8.71
2021-11-06 11:20:00.000002,2021-11-06 11:49:59.999996,3,8.277063,7.7578673,7.9548683,8.23
2021-11-06 11:20:00.000002,2021-11-06 12:00:00.000000,4,7.9039655,7.7326856,7.9548683,7.79
2021-11-06 11:20:00.000002,2021-11-06 12:10:00.000004,5,7.9532194,7.7242374,7.9548683,8.06
2021-11-06 11:20:00.000002,2021-11-06 12:19:59.999999,6,7.980957,7.7280455,7.9548683,8.09
2021-11-06 11:20:00.000002,2021-11-06 12:30:00.000003,7,7.387094,7.739022,7.9548683,7.18
2021-11-06 11:20:00.000002,2021-11-06 12:39:59.999998,8,6.703455,7.7529955,7.9548683,6.72
2021-11-06 11:20:00.000002,2021-11-06 12:50:00.000002,9,6.7212477,7.7670426,7.9548683,6.88
2021-11-06 11:20:00.000002,2021-11-06 12:59:59.999997,10,7.2135596,7.779368,7.9548683,7.12
2021-11-06 11:20:00.000002,2021-11-06 13:10:00.000001,11,7.561572,7.789057,7.9548683,7.56
2021-11-06 11:20:00.000002,2021-11-06 13:19:59.999996,12,7.64382,7.795822,7.9548683,7.6
2021-11-06 11:20:00.000002,2021-11-06 13:30:00.000000,13,7.6199503,7.7997932,7.9548683,7.7
2021-11-06 11:20:00.000002,2021-11-06 13:40:00.000004,14,7.68859,7.801335,7.9548683,7.68
2021-11-06 11:20:00.000002,2021-11-06 13:49:59.999999,15,7.9687524,7.800921,7.9548683,7.92
2021-11-06 11:20:00.000002,2021-11-06 14:00:00.000003,16,8.158249,7.7990513,7.9548683,8.18
2021-11-06 11:20:00.000002,2021-11-06 14:09:59.999998,17,7.868967,7.7961946,7.9548683,7.89
2021-11-06 11:20:00.000002,2021-11-06 14:20:00.000002,18,7.365501,7.792752,7.9548683,7.35
2021-11-06 11:20:00.000002,2021-11-06 14:29:59.999997,19,7.1663685,7.7890496,7.9548683,7.09
2021-11-06 11:20:00.000002,2021-11-06 14:40:00.000001,20,7.1484156,7.785339,7.9548683,7.36
2021-11-06 11:20:00.000002,2021-11-06 14:49:59.999996,21,6.9698415,7.781795,7.9548683,6.78
2021-11-06 11:20:00.000002,2021-11-06 15:00:00.000000,22,6.9493747,7.778533,7.9548683,6.91
2021-11-06 11:20:00.000002,2021-11-06 15:10:00.000004,23,7.4757524,7.7756233,7.9548683,7.63
2021-11-06 11:20:00.000002,2021-11-06 15:19:59.999999,24,8.06669,7.773089,7.9548683,8.07
2021-11-06 11:20:00.000002,2021-11-06 15:30:00.000003,25,8.087277,7.7709355,7.9548683,8.02
2021-11-06 11:20:00.000002,2021-11-06 15:39:59.999998,26,7.7876616,7.769142,7.9548683,7.62
2021-11-06 11:20:00.000002,2021-11-06 15:50:00.000002,27,7.7287307,7.7676787,7.9548683,8.04
2021-11-06 11:20:00.000002,2021-11-06 15:59:59.999997,28,7.894178,7.7665067,7.9548683,7.78
2021-11-06 11:20:00.000002,2021-11-06 16:10:00.000001,29,7.9750113,7.765588,7.9548683,7.89
2021-11-06 11:20:00.000002,2021-11-06 16:19:59.999996,30,7.8745565,7.764882,7.9548683,7.91
2021-11-06 11:20:00.000002,2021-11-06 16:30:00.000000,31,7.644979,7.764354,7.9548683,7.68
2021-11-06 11:20:00.000002,2021-11-06 16:40:00.000004,32,7.3596215,7.763969,7.9548683,7.39
2021-11-06 11:20:00.000002,2021-11-06 16:49:59.999999,33,7.1281385,7.763699,7.9548683,7.09
2021-11-06 11:20:00.000002,2021-11-06 17:00:00.000003,34,7.042628,7.7635183,7.9548683,6.94
2021-11-06 11:20:00.000002,2021-11-06 17:09:59.999998,35,7.0871067,7.7634053,7.9548683,7.27
2021-11-06 11:20:00.000002,2021-11-06 17:20:00.000002,36,7.1754417,7.7633452,7.9548683,7.1
2021-11-06 11:29:59.999997,2021-11-06 11:40:00.000001,1,8.557909,7.913518,8.34672,8.71
2021-11-06 11:29:59.999997,2021-11-06 11:49:59.999996,2,8.277063,7.8639355,8.34672,8.23
2021-11-06 11:29:59.999997,2021-11-06 12:00:00.000000,3,7.9039655,7.851402,8.34672,7.79
2021-11-06 11:29:59.999997,2021-11-06 12:10:00.000004,4,7.9532194,7.8530035,8.34672,8.06
2021-11-06 11:29:59.999997,2021-11-06 12:19:59.999999,5,7.980957,7.8683558,8.34672,8.09
2021-11-06 11:29:59.999997,2021-11-06 12:30:00.000003,6,7.387094,7.8925905,8.34672,7.18
2021-11-06 11:29:59.999997,2021-11-06 12:39:59.999998,7,6.703455,7.9205747,8.34672,6.72
2021-11-06 11:29:59.999997,2021-11-06 12:50:00.000002,8,6.7212477,7.9483223,8.34672,6.88
2021-11-06 11:29:59.999997,2021-11-06 12:59:59.999997,9,7.2135596,7.9732275,8.34672,7.12
2021-11-06 11:29:59.999997,2021-11-06 13:10:00.000001,10,7.561572,7.993874,8.34672,7.56
2021-11-06 11:29:59.999997,2021-11-06 13:19:59.999996,11,7.64382,8.00973,8.34672,7.6
2021-11-06 11:29:59.999997,2021-11-06 13:30:00.000000,12,7.6199503,8.020888,8.34672,7.7
2021-11-06 11:29:59.999997,2021-11-06 13:40:00.000004,13,7.68859,8.027811,8.34672,7.68
2021-11-06 11:29:59.999997,2021-11-06 13:49:59.999999,14,7.9687524,8.031166,8.34672,7.92
2021-11-06 11:29:59.999997,2021-11-06 14:00:00.000003,15,8.158249,8.031688,8.34672,8.18
2021-11-06 11:29:59.999997,2021-11-06 14:09:59.999998,16,7.868967,8.030093,8.34672,7.89
2021-11-06 11:29:59.999997,2021-11-06 14:20:00.000002,17,7.365501,8.027028,8.34672,7.35
2021-11-06 11:29:59.999997,2021-11-06 14:29:59.999997,18,7.1663685,8.023042,8.34672,7.09
2021-11-06 11:29:59.999997,2021-11-06 14:40:00.000001,19,7.1484156,8.018573,8.34672,7.36
2021-11-06 11:29:59.999997,2021-11-06 14:49:59.999996,20,6.9698415,8.013962,8.34672,6.78
2021-11-06 11:29:59.999997,2021-11-06 15:00:00.000000,21,6.9493747,8.009455,8.34672,6.91
2021-11-06 11:29:59.999997,2021-11-06 15:10:00.000004,22,7.4757524,8.005215,8.34672,7.63
2021-11-06 11:29:59.999997,2021-11-06 15:19:59.999999,23,8.06669,8.001348,8.34672,8.07
2021-11-06 11:29:59.999997,2021-11-06 15:30:00.000003,24,8.087277,7.9979043,8.34672,8.02
2021-11-06 11:29:59.999997,2021-11-06 15:39:59.999998,25,7.7876616,7.9949026,8.34672,7.62
2021-11-06 11:29:59.999997,2021-11-06 15:50:00.000002,26,7.7287307,7.992334,8.34672,8.04
2021-11-06 11:29:59.999997,2021-11-06 15:59:59.999997,27,7.894178,7.9901676,8.34672,7.78
2021-11-06 11:29:59.999997,2021-11-06 16:10:00.000001,28,7.9750113,7.988371,8.34672,7.89
2021-11-06 11:29:59.999997,2021-11-06 16:19:59.999996,29,7.8745565,7.9869,8.34672,7.91
2021-11-06 11:29:59.999997,2021-11-06 16:30:00.000000,30,7.644979,7.9857135,8.34672,7.68
2021-11-06 11:29:59.999997,2021-11-06 16:40:00.000004,31,7.3596215,7.9847665,8.34672,7.39
2021-11-06 11:29:59.999997,2021-11-06 16:49:59.999999,32,7.1281385,7.984024,8.34672,7.09
2021-11-06 11:29:59.999997,2021-11-06 17:00:00.000003,33,7.042628,7.983446,8.34672,6.94
2021-11-06 11:29:59.999997,2021-11-06 17:09:59.999998,34,7.0871067,7.9830055,8.34672,7.27
2021-11-06 11:29:59.999997,2021-11-06 17:20:00.000002,35,7.1754417,7.982676,8.34672,7.1
2021-11-06 11:29:59.999997,2021-11-06 17:29:59.999997,36,7.261747,7.982433,8.34672,7.18
2021-11-06 11:40:00.000001,2021-11-06 11:49:59.999996,1,8.277063,7.9753203,8.557909,8.23
2021-11-06 11:40:00.000001,2021-11-06 12:00:00.000000,2,7.9039655,7.955743,8.557909,7.79
2021-11-06 11:40:00.000001,2021-11-06 12:10:00.000004,3,7.9532194,7.96654,8.557909,8.06
2021-11-06 11:40:00.000001,2021-11-06 12:19:59.999999,4,7.980957,7.9847984,8.557909,8.09
2021-11-06 11:40:00.000001,2021-11-06 12:30:00.000003,5,7.387094,8.011345,8.557909,7.18
2021-11-06 11:40:00.000001,2021-11-06 12:39:59.999998,6,6.703455,8.042464,8.557909,6.72
2021-11-06 11:40:00.000001,2021-11-06 12:50:00.000002,7,6.7212477,8.074032,8.557909,6.88
2021-11-06 11:40:00.000001,2021-11-06 12:59:59.999997,8,7.2135596,8.102919,8.557909,7.12
2021-11-06 11:40:00.000001,2021-11-06 13:10:00.000001,9,7.561572,8.127224,8.557909,7.56
2021-11-06 11:40:00.000001,2021-11-06 13:19:59.999996,10,7.64382,8.146095,8.557909,7.6
2021-11-06 11:40:00.000001,2021-11-06 13:30:00.000000,11,7.6199503,8.159445,8.557909,7.7
2021-11-06 11:40:00.000001,2021-11-06 13:40:00.000004,12,7.68859,8.167688,8.557909,7.68
2021-11-06 11:40:00.000001,2021-11-06 13:49:59.999999,13,7.9687524,8.171538,8.557909,7.92
2021-11-06 11:40:00.000001,2021-11-06 14:00:00.000003,14,8.158249,8.171829,8.557909,8.18
2021-11-06 11:40:00.000001,2021-11-06 14:09:59.999998,15,7.868967,8.169408,8.557909,7.89
2021-11-06 11:40:00.000001,2021-11-06 14:20:00.000002,16,7.365501,8.165068,8.557909,7.35
2021-11-06 11:40:00.000001,2021-11-06 14:29:59.999997,17,7.1663685,8.159497,8.557909,7.09
2021-11-06 11:40:00.000001,2021-11-06 14:40:00.000001,18,7.1484156,8.15326,8.557909,7.36
2021-11-06 11:40:00.000001,2021-11-06 14:49:59.999996,19,6.9698415,8.146805,8.557909,6.78
2021-11-06 11:40:00.000001,2021-11-06 15:00:00.000000,20,6.9493747,8.140458,8.557909,6.91
2021-11-06 11:40:00.000001,2021-11-06 15:10:00.000004,21,7.4757524,8.134452,8.557909,7.63
2021-11-06 11:40:00.000001,2021-11-06 15:19:59.999999,22,8.06669,8.128933,8.557909,8.07
2021-11-06 11:40:00.000001,2021-11-06 15:30:00.000003,23,8.087277,8.123984,8.557909,8.02
2021-11-06 11:40:00.000001,2021-11-06 15:39:59.999998,24,7.7876616,8.119635,8.557909,7.62
2021-11-06 11:40:00.000001,2021-11-06 15:50:00.000002,25,7.7287307,8.11588,8.557909,8.04
2021-11-06 11:40:00.000001,2021-11-06 15:59:59.999997,26,7.894178,8.11269,8.557909,7.78
2021-11-06 11:40:00.000001,2021-11-06 16:10:00.000001,27,7.9750113,8.110021,8.557909,7.89
2021-11-06 11:40:00.000001,2021-11-06 16:19:59.999996,28,7.8745565,8.107815,8.557909,7.91
2021-11-06 11:40:00.000001,2021-11-06 16:30:00.000000,29,7.644979,8.106018,8.557909,7.68
2021-11-06 11:40:00.000001,2021-11-06 16:40:00.000004,30,7.3596215,8.104574,8.557909,7.39
2021-11-06 11:40:00.000001,2021-11-06 16:49:59.999999,31,7.1281385,8.103427,8.557909,7.09
2021-11-06 11:40:00.000001,2021-11-06 17:00:00.000003,32,7.042628,8.102529,8.557909,6.94
2021-11-06 11:40:00.000001,2021-11-06 17:09:59.999998,33,7.0871067,8.101837,8.557909,7.27
2021-11-06 11:40:00.000001,2021-11-06 17:20:00.000002,34,7.1754417,8.10131,8.557909,7.1
2021-11-06 11:40:00.000001,2021-11-06 17:29:59.999997,35,7.261747,8.100919,8.557909,7.18
2021-11-06 11:40:00.000001,2021-11-06 17:40:00.000001,36,7.2982645,8.100634,8.557909,7.46
2021-11-06 11:49:59.999996,2021-11-06 12:00:00.000000,1,7.9039655,7.9988976,8.277063,7.79
2021-11-06 11:49:59.999996,2021-11-06 12:10:00.000004,2,7.9532194,7.964618,8.277063,8.06
2021-11-06 11:49:59.999996,2021-11-06 12:19:59.999999,3,7.980957,7.9578648,8.277063,8.09
2021-11-06 11:49:59.999996,2021-11-06 12:30:00.000003,4,7.387094,7.9577775,8.277063,7.18
2021-11-06 11:49:59.999996,2021-11-06 12:39:59.999998,5,6.703455,7.966223,8.277063,6.72
2021-11-06 11:49:59.999996,2021-11-06 12:50:00.000002,6,6.7212477,7.980156,8.277063,6.88
2021-11-06 11:49:59.999996,2021-11-06 12:59:59.999997,7,7.2135596,7.995862,8.277063,7.12
2021-11-06 11:49:59.999996,2021-11-06 13:10:00.000001,8,7.561572,8.010444,8.277063,7.56
2021-11-06 11:49:59.999996,2021-11-06 13:19:59.999996,9,7.64382,8.022104,8.277063,7.6
2021-11-06 11:49:59.999996,2021-11-06 13:30:00.000000,10,7.6199503,8.029993,8.277063,7.7
2021-11-06 11:49:59.999996,2021-11-06 13:40:00.000004,11,7.68859,8.033955,8.277063,7.68
2021-11-06 11:49:59.999996,2021-11-06 13:49:59.999999,12,7.9687524,8.034296,8.277063,7.92
2021-11-06 11:49:59.999996,2021-11-06 14:00:00.000003,13,8.158249,8.031586,8.277063,8.18
2021-11-06 11:49:59.999996,2021-11-06 14:09:59.999998,14,7.868967,8.026507,8.277063,7.89
2021-11-06 11:49:59.999996,2021-11-06 14:20:00.000002,15,7.365501,8.019761,8.277063,7.35
2021-11-06 11:49:59.999996,2021-11-06 14:29:59.999997,16,7.1663685,8.011985,8.277063,7.09
2021-11-06 11:49:59.999996,2021-11-06 14:40:00.000001,17,7.1484156,8.00373,8.277063,7.36
2021-11-06 11:49:59.999996,2021-11-06 14:49:59.999996,18,6.9698415,7.995437,8.277063,6.78
2021-11-06 11:49:59.999996,2021-11-06 15:00:00.000000,19,6.9493747,7.9874396,8.277063,6.91
2021-11-06 11:49:59.999996,2021-11-06 15:10:00.000004,20,7.4757524,7.9799714,8.277063,7.63
2021-11-06 11:49:59.999996,2021-11-06 15:19:59.999999,21,8.06669,7.9731755,8.277063,8.07
2021-11-06 11:49:59.999996,2021-11-06 15:30:00.000003,22,8.087277,7.967131,8.277063,8.02
2021-11-06 11:49:59.999996,2021-11-06 15:39:59.999998,23,7.7876616,7.9618597,8.277063,7.62
2021-11-06 11:49:59.999996,2021-11-06 15:50:00.000002,24,7.7287307,7.957343,8.277063,8.04
2021-11-06 11:49:59.999996,2021-11-06 15:59:59.999997,25,7.894178,7.953535,8.277063,7.78
2021-11-06 11:49:59.999996,2021-11-06 16:10:00.000001,26,7.9750113,7.9503765,8.277063,7.89
2021-11-06 11:49:59.999996,2021-11-06 16:19:59.999996,27,7.8745565,7.9477944,8.277063,7.91
2021-11-06 11:49:59.999996,2021-11-06 16:30:00.000000,28,7.644979,7.9457164,8.277063,7.68
2021-11-06 11:49:59.999996,2021-11-06 16:40:00.000004,29,7.3596215,7.9440684,8.277063,7.39
2021-11-06 11:49:59.999996,2021-11-06 16:49:59.999999,30,7.1281385,7.9427843,8.277063,7.09
2021-11-06 11:49:59.999996,2021-11-06 17:00:00.000003,31,7.042628,7.9418,8.277063,6.94
2021-11-06 11:49:59.999996,2021-11-06 17:09:59.999998,32,7.0871067,7.9410625,8.277063,7.27
2021-11-06 11:49:59.999996,2021-11-06 17:20:00.000002,33,7.1754417,7.9405227,8.277063,7.1
2021-11-06 11:49:59.999996,2021-11-06 17:29:59.999997,34,7.261747,7.9401374,8.277063,7.18
2021-11-06 11:49:59.999996,2021-11-06 17:40:00.000001,35,7.2982645,7.939876,8.277063,7.46
2021-11-06 11:49:59.999996,2021-11-06 17:49:59.999996,36,7.2472672,7.939707,8.277063,7.04
2021-11-06 12:00:00.000000,2021-11-06 12:10:00.000004,1,7.9532194,7.9859834,7.9039655,8.06
2021-11-06 12:00:00.000000,2021-11-06 12:19:59.999999,2,7.980957,7.9176555,7.9039655,8.09
2021-11-06 12:00:00.000000,2021-11-06 12:30:00.000003,3,7.387094,7.8805313,7.9039655,7.18
2021-11-06 12:00:00.000000,2021-11-06 12:39:59.999998,4,6.703455,7.8536897,7.9039655,6.72
2021-11-06 12:00:00.000000,2021-11-06 12:50:00.000002,5,6.7212477,7.839153,7.9039655,6.88
2021-11-06 12:00:00.000000,2021-11-06 12:59:59.999997,6,7.2135596,7.8337035,7.9039655,7.12
2021-11-06 12:00:00.000000,2021-11-06 13:10:00.000001,7,7.561572,7.8333125,7.9039655,7.56
2021-11-06 12:00:00.000000,2021-11-06 13:19:59.999996,8,7.64382,7.834708,7.9039655,7.6
2021-11-06 12:00:00.000000,2021-11-06 13:30:00.000000,9,7.6199503,7.8357177,7.9039655,7.7
2021-11-06 12:00:00.000000,2021-11-06 13:40:00.000004,10,7.68859,7.835126,7.9039655,7.68
2021-11-06 12:00:00.000000,2021-11-06 13:49:59.999999,11,7.9687524,7.8324447,7.9039655,7.92
2021-11-06 12:00:00.000000,2021-11-06 14:00:00.000003,12,8.158249,7.827674,7.9039655,8.18
2021-11-06 12:00:00.000000,2021-11-06 14:09:59.999998,13,7.868967,7.821118,7.9039655,7.89
2021-11-06 12:00:00.000000,2021-11-06 14:20:00.000002,14,7.365501,7.813221,7.9039655,7.35
2021-11-06 12:00:00.000000,2021-11-06 14:29:59.999997,15,7.1663685,7.8044834,7.9039655,7.09
2021-11-06 12:00:00.000000,2021-11-06 14:40:00.000001,16,7.1484156,7.795369,7.9039655,7.36
2021-11-06 12:00:00.000000,2021-11-06 14:49:59.999996,17,6.9698415,7.7862854,7.9039655,6.78
2021-11-06 12:00:00.000000,2021-11-06 15:00:00.000000,18,6.9493747,7.7775536,7.9039655,6.91
2021-11-06 12:00:00.000000,2021-11-06 15:10:00.000004,19,7.4757524,7.7694044,7.9039655,7.63
2021-11-06 12:00:00.000000,2021-11-06 15:19:59.999999,20,8.06669,7.761994,7.9039655,8.07
2021-11-06 12:00:00.000000,2021-11-06 15:30:00.000003,21,8.087277,7.755402,7.9039655,8.02
2021-11-06 12:00:00.000000,2021-11-06 15:39:59.999998,22,7.7876616,7.7496595,7.9039655,7.62
2021-11-06 12:00:00.000000,2021-11-06 15:50:00.000002,23,7.7287307,7.744745,7.9039655,8.04
2021-11-06 12:00:00.000000,2021-11-06 15:59:59.999997,24,7.894178,7.7406135,7.9039655,7.78
2021-11-06 12:00:00.000000,2021-11-06 16:10:00.000001,25,7.9750113,7.737198,7.9039655,7.89
2021-11-06 12:00:00.000000,2021-11-06 16:19:59.999996,26,7.8745565,7.734422,7.9039655,7.91
2021-11-06 12:00:00.000000,2021-11-06 16:30:00.000000,27,7.644979,7.7322044,7.9039655,7.68
2021-11-06 12:00:00.000000,2021-11-06 16:40:00.000004,28,7.3596215,7.7304635,7.9039655,7.39
2021-11-06 12:00:00.000000,2021-11-06 16:49:59.999999,29,7.1281385,7.729123,7.9039655,7.09
2021-11-06 12:00:00.000000,2021-11-06 17:00:00.000003,30,7.042628,7.7281146,7.9039655,6.94
2021-11-06 12:00:00.000000,2021-11-06 17:09:59.999998,31,7.0871067,7.727374,7.9039655,7.27
2021-11-06 12:00:00.000000,2021-11-06 17:20:00.000002,32,7.1754417,7.726852,7.9039655,7.1
2021-11-06 12:00:00.000000,2021-11-06 17:29:59.999997,33,7.261747,7.726495,7.9039655,7.18
2021-11-06 12:00:00.000000,2021-11-06 17:40:00.000001,34,7.2982645,7.726271,7.9039655,7.46
2021-11-06 12:00:00.000000,2021-11-06 17:49:59.999996,35,7.2472672,7.7261424,7.9039655,7.04
2021-11-06 12:00:00.000000,2021-11-06 18:00:00.000000,36,7.3222547,7.726089,7.9039655,7.55
2021-11-06 12:10:00.000004,2021-11-06 12:19:59.999999,1,7.980957,7.969262,7.9532194,8.09
2021-11-06 12:10:00.000004,2021-11-06 12:30:00.000003,2,7.387094,7.9010606,7.9532194,7.18
2021-11-06 12:10:00.000004,2021-11-06 12:39:59.999998,3,6.703455,7.864183,7.9532194,6.72
2021-11-06 12:10:00.000004,2021-11-06 12:50:00.000002,4,6.7212477,7.838324,7.9532194,6.88
2021-11-06 12:10:00.000004,2021-11-06 12:59:59.999997,5,7.2135596,7.8253846,7.9532194,7.12
2021-11-06 12:10:00.000004,2021-11-06 13:10:00.000001,6,7.561572,7.8220496,7.9532194,7.56
2021-11-06 12:10:00.000004,2021-11-06 13:19:59.999996,7,7.64382,7.8241816,7.9532194,7.6
2021-11-06 12:10:00.000004,2021-11-06 13:30:00.000000,8,7.6199503,7.8284097,7.9532194,7.7
2021-11-06 12:10:00.000004,2021-11-06 13:40:00.000004,9,7.68859,7.8324475,7.9532194,7.68
2021-11-06 12:10:00.000004,2021-11-06 13:49:59.999999,10,7.9687524,7.834981,7.9532194,7.92
2021-11-06 12:10:00.000004,2021-11-06 14:00:00.000003,11,8.158249,7.835437,7.9532194,8.18
2021-11-06 12:10:00.000004,2021-11-06 14:09:59.999998,12,7.868967,7.833739,7.9532194,7.89
2021-11-06 12:10:00.000004,2021-11-06 14:20:00.000002,13,7.365501,7.8301277,7.9532194,7.35
2021-11-06 12:10:00.000004,2021-11-06 14:29:59.999997,14,7.1663685,7.8250127,7.9532194,7.09
2021-11-06 12:10:00.000004,2021-11-06 14:40:00.000001,15,7.1484156,7.8188524,7.9532194,7.36
2021-11-06 12:10:00.000004,2021-11-06 14:49:59.999996,16,6.9698415,7.812103,7.9532194,6.78
2021-11-06 12:10:00.000004,2021-11-06 15:00:00.000000,17,6.9493747,7.8051596,7.9532194,6.91
2021-11-06 12:10:00.000004,2021-11-06 15:10:00.000004,18,7.4757524,7.7983427,7.9532194,7.63
2021-11-06 12:10:00.000004,2021-11-06 15:19:59.999999,19,8.06669,7.7918935,7.9532194,8.07
2021-11-06 12:10:00.000004,2021-11-06 15:30:00.000003,20,8.087277,7.7859745,7.9532194,8.02
2021-11-06 12:10:00.000004,2021-11-06 15:39:59.999998,21,7.7876616,7.780683,7.9532194,7.62
2021-11-06 12:10:00.000004,2021-11-06 15:50:00.000002,22,7.7287307,7.77606,7.9532194,8.04
2021-11-06 12:10:00.000004,2021-11-06 15:59:59.999997,23,7.894178,7.772107,7.9532194,7.78
2021-11-06 12:10:00.000004,2021-11-06 16:10:00.000001,24,7.9750113,7.768791,7.9532194,7.89
2021-11-06 12:10:00.000004,2021-11-06 16:19:59.999996,25,7.8745565,7.766065,7.9532194,7.91
2021-11-06 12:10:00.000004,2021-11-06 16:30:00.000000,26,7.644979,7.763865,7.9532194,7.68
2021-11-06 12:10:00.000004,2021-11-06 16:40:00.000004,27,7.3596215,7.7621255,7.9532194,7.39
2021-11-06 12:10:00.000004,2021-11-06 16:49:59.999999,28,7.1281385,7.76078,7.9532194,7.09
2021-11-06 12:10:00.000004,2021-11-06 17:00:00.000003,29,7.042628,7.7597623,7.9532194,6.94
2021-11-06 12:10:00.000004,2021-11-06 17:09:59.999998,30,7.0871067,7.7590146,7.9532194,7.27
2021-11-06 12:10:00.000004,2021-11-06 17:20:00.000002,31,7.1754417,7.7584844,7.9532194,7.1
2021-11-06 12:10:00.000004,2021-11-06 17:29:59.999997,32,7.261747,7.758127,7.9532194,7.18
2021-11-06 12:10:00.000004,2021-11-06 17:40:00.000001,33,7.2982645,7.7579007,7.9532194,7.46
2021-11-06 12:10:00.000004,2021-11-06 17:49:59.999996,34,7.2472672,7.757777,7.9532194,7.04
2021-11-06 12:10:00.000004,2021-11-06 18:00:00.000000,35,7.3222547,7.757726,7.9532194,7.55
2021-11-06 12:10:00.000004,2021-11-06 18:10:00.000004,36,7.7430706,7.75773,7.9532194,7.64
2021-11-06 12:19:59.999999,2021-11-06 12:30:00.000003,1,7.387094,7.9404197,7.980957,7.18
2021-11-06 12:19:59.999999,2021-11-06 12:39:59.999998,2,6.703455,7.869857,7.980957,6.72
2021-11-06 12:19:59.999999,2021-11-06 12:50:00.000002,3,6.7212477,7.830825,7.980957,6.88
2021-11-06 12:19:59.999999,2021-11-06 12:59:59.999997,4,7.2135596,7.803375,7.980957,7.12
2021-11-06 12:19:59.999999,2021-11-06 13:10:00.000001,5,7.561572,7.789699,7.980957,7.56
2021-11-06 12:19:59.999999,2021-11-06 13:19:59.999996,6,7.64382,7.786647,7.980957,7.6
2021-11-06 12:19:59.999999,2021-11-06 13:30:00.000000,7,7.6199503,7.790088,7.980957,7.7
2021-11-06 12:19:59.999999,2021-11-06 13:40:00.000004,8,7.68859,7.7965326,7.980957,7.68
2021-11-06 12:19:59.999999,2021-11-06 13:49:59.999999,9,7.9687524,7.8035192,7.980957,7.92
2021-11-06 12:19:59.999999,2021-11-06 14:00:00.000003,10,8.158249,7.8095307,7.980957,8.18
2021-11-06 12:19:59.999999,2021-11-06 14:09:59.999998,11,7.868967,7.813793,7.980957,7.89
2021-11-06 12:19:59.999999,2021-11-06 14:20:00.000002,12,7.365501,7.8160605,7.980957,7.35
2021-11-06 12:19:59.999999,2021-11-06 14:29:59.999997,13,7.1663685,7.816431,7.980957,7.09
2021-11-06 12:19:59.999999,2021-11-06 14:40:00.000001,14,7.1484156,7.8151956,7.980957,7.36
2021-11-06 12:19:59.999999,2021-11-06 14:49:59.999996,15,6.9698415,7.812733,7.980957,6.78
2021-11-06 12:19:59.999999,2021-11-06 15:00:00.000000,16,6.9493747,7.8094373,7.980957,6.91
2021-11-06 12:19:59.999999,2021-11-06 15:10:00.000004,17,7.4757524,7.805667,7.980957,7.63
2021-11-06 12:19:59.999999,2021-11-06 15:19:59.999999,18,8.06669,7.801726,7.980957,8.07
2021-11-06 12:19:59.999999,2021-11-06 15:30:00.000003,19,8.087277,7.797849,7.980957,8.02
2021-11-06 12:19:59.999999,2021-11-06 15:39:59.999998,20,7.7876616,7.7942047,7.980957,7.62
2021-11-06 12:19:59.999999,2021-11-06 15:50:00.000002,21,7.7287307,7.7909036,7.980957,8.04
2021-11-06 12:19:59.999999,2021-11-06 15:59:59.999997,22,7.894178,7.788006,7.980957,7.78
2021-11-06 12:19:59.999999,2021-11-06 16:10:00.000001,23,7.9750113,7.785536,7.980957,7.89
2021-11-06 12:19:59.999999,2021-11-06 16:19:59.999996,24,7.8745565,7.783483,7.980957,7.91
2021-11-06 12:19:59.999999,2021-11-06 16:30:00.000000,25,7.644979,7.7818217,7.980957,7.68
2021-11-06 12:19:59.999999,2021-11-06 16:40:00.000004,26,7.3596215,7.780516,7.980957,7.39
2021-11-06 12:19:59.999999,2021-11-06 16:49:59.999999,27,7.1281385,7.779518,7.980957,7.09
2021-11-06 12:19:59.999999,2021-11-06 17:00:00.000003,28,7.042628,7.7787824,7.980957,6.94
2021-11-06 12:19:59.999999,2021-11-06 17:09:59.999998,29,7.0871067,7.7782645,7.980957,7.27
2021-11-06 12:19:59.999999,2021-11-06 17:20:00.000002,30,7.1754417,7.777922,7.980957,7.1
2021-11-06 12:19:59.999999,2021-11-06 17:29:59.999997,31,7.261747,7.777717,7.980957,7.18
2021-11-06 12:19:59.999999,2021-11-06 17:40:00.000001,32,7.2982645,7.7776165,7.980957,7.46
2021-11-06 12:19:59.999999,2021-11-06 17:49:59.999996,33,7.2472672,7.777594,7.980957,7.04
2021-11-06 12:19:59.999999,2021-11-06 18:00:00.000000,34,7.3222547,7.7776275,7.980957,7.55
2021-11-06 12:19:59.999999,2021-11-06 18:10:00.000004,35,7.7430706,7.7776985,7.980957,7.64
2021-11-06 12:19:59.999999,2021-11-06 18:19:59.999999,36,8.10339,7.7777915,7.980957,7.97
2021-11-06 12:30:00.000003,2021-11-06 12:39:59.999998,1,6.703455,7.8986397,7.387094,6.72
2021-11-06 12:30:00.000003,2021-11-06 12:50:00.000002,2,6.7212477,7.788317,7.387094,6.88
2021-11-06 12:30:00.000003,2021-11-06 12:59:59.999997,3,7.2135596,7.7099967,7.387094,7.12
2021-11-06 12:30:00.000003,2021-11-06 13:10:00.000001,4,7.561572,7.645313,7.387094,7.56
2021-11-06 12:30:00.000003,2021-11-06 13:19:59.999996,5,7.64382,7.5978937,7.387094,7.6
2021-11-06 12:30:00.000003,2021-11-06 13:30:00.000000,6,7.6199503,7.565229,7.387094,7.7
2021-11-06 12:30:00.000003,2021-11-06 13:40:00.000004,7,7.68859,7.543304,7.387094,7.68
2021-11-06 12:30:00.000003,2021-11-06 13:49:59.999999,8,7.9687524,7.528437,7.387094,7.92
2021-11-06 12:30:00.000003,2021-11-06 14:00:00.000003,9,8.158249,7.517826,7.387094,8.18
2021-11-06 12:30:00.000003,2021-11-06 14:09:59.999998,10,7.868967,7.5095487,7.387094,7.89
2021-11-06 12:30:00.000003,2021-11-06 14:20:00.000002,11,7.365501,7.5024004,7.387094,7.35
2021-11-06 12:30:00.000003,2021-11-06 14:29:59.999997,12,7.1663685,7.4957213,7.387094,7.09
2021-11-06 12:30:00.000003,2021-11-06 14:40:00.000001,13,7.1484156,7.4892135,7.387094,7.36
2021-11-06 12:30:00.000003,2021-11-06 14:49:59.999996,14,6.9698415,7.4828143,7.387094,6.78
2021-11-06 12:30:00.000003,2021-11-06 15:00:00.000000,15,6.9493747,7.4765816,7.387094,6.91
2021-11-06 12:30:00.000003,2021-11-06 15:10:00.000004,16,7.4757524,7.470631,7.387094,7.63
2021-11-06 12:30:00.000003,2021-11-06 15:19:59.999999,17,8.06669,7.4650855,7.387094,8.07
2021-11-06 12:30:00.000003,2021-11-06 15:30:00.000003,18,8.087277,7.460046,7.387094,8.02
2021-11-06 12:30:00.000003,2021-11-06 15:39:59.999998,19,7.7876616,7.4555836,7.387094,7.62
2021-11-06 12:30:00.000003,2021-11-06 15:50:00.000002,20,7.7287307,7.451732,7.387094,8.04
2021-11-06 12:30:00.000003,2021-11-06 15:59:59.999997,21,7.894178,7.4484944,7.387094,7.78
2021-11-06 12:30:00.000003,2021-11-06 16:10:00.000001,22,7.9750113,7.445845,7.387094,7.89
2021-11-06 12:30:00.000003,2021-11-06 16:19:59.999996,23,7.8745565,7.443739,7.387094,7.91
2021-11-06 12:30:00.000003,2021-11-06 16:30:00.000000,24,7.644979,7.4421206,7.387094,7.68
2021-11-06 12:30:00.000003,2021-11-06 16:40:00.000004,25,7.3596215,7.4409256,7.387094,7.39
2021-11-06 12:30:00.000003,2021-11-06 16:49:59.999999,26,7.1281385,7.4400887,7.387094,7.09
2021-11-06 12:30:00.000003,2021-11-06 17:00:00.000003,27,7.042628,7.439545,7.387094,6.94
2021-11-06 12:30:00.000003,2021-11-06 17:09:59.999998,28,7.0871067,7.4392376,7.387094,7.27
2021-11-06 12:30:00.000003,2021-11-06 17:20:00.000002,29,7.1754417,7.439113,7.387094,7.1
2021-11-06 12:30:00.000003,2021-11-06 17:29:59.999997,30,7.261747,7.4391246,7.387094,7.18
2021-11-06 12:30:00.000003,2021-11-06 17:40:00.000001,31,7.2982645,7.4392357,7.387094,7.46
2021-11-06 12:30:00.000003,2021-11-06 17:49:59.999996,32,7.2472672,7.439411,7.387094,7.04
2021-11-06 12:30:00.000003,2021-11-06 18:00:00.000000,33,7.3222547,7.4396286,7.387094,7.55
2021-11-06 12:30:00.000003,2021-11-06 18:10:00.000004,34,7.7430706,7.439865,7.387094,7.64
2021-11-06 12:30:00.000003,2021-11-06 18:19:59.999999,35,8.10339,7.4401107,7.387094,7.97
2021-11-06 12:30:00.000003,2021-11-06 18:30:00.000003,36,7.8894243,7.4403496,7.387094,8.08
2021-11-06 12:39:59.999998,2021-11-06 12:50:00.000002,1,6.7212477,7.816401,6.703455,6.88
2021-11-06 12:39:59.999998,2021-11-06 12:59:59.999997,2,7.2135596,7.6519756,6.703455,7.12
2021-11-06 12:39:59.999998,2021-11-06 13:10:00.000001,3,7.561572,7.521985,6.703455,7.56
2021-11-06 12:39:59.999998,2021-11-06 13:19:59.999996,4,7.64382,7.411837,6.703455,7.6
2021-11-06 12:39:59.999998,2021-11-06 13:30:00.000000,5,7.6199503,7.3257227,6.703455,7.7
2021-11-06 12:39:59.999998,2021-11-06 13:40:00.000004,6,7.68859,7.26106,6.703455,7.68
2021-11-06 12:39:59.999998,2021-11-06 13:49:59.999999,7,7.9687524,7.21335,6.703455,7.92
2021-11-06 12:39:59.999998,2021-11-06 14:00:00.000003,8,8.158249,7.178224,6.703455,8.18
2021-11-06 12:39:59.999998,2021-11-06 14:09:59.999998,9,7.868967,7.152113,6.703455,7.89
2021-11-06 12:39:59.999998,2021-11-06 14:20:00.000002,10,7.365501,7.1323247,6.703455,7.35
2021-11-06 12:39:59.999998,2021-11-06 14:29:59.999997,11,7.1663685,7.116948,6.703455,7.09
2021-11-06 12:39:59.999998,2021-11-06 14:40:00.000001,12,7.1484156,7.1046734,6.703455,7.36
2021-11-06 12:39:59.999998,2021-11-06 14:49:59.999996,13,6.9698415,7.094648,6.703455,6.78
2021-11-06 12:39:59.999998,2021-11-06 15:00:00.000000,14,6.9493747,7.086326,6.703455,6.91
2021-11-06 12:39:59.999998,2021-11-06 15:10:00.000004,15,7.4757524,7.07937,6.703455,7.63
2021-11-06 12:39:59.999998,2021-11-06 15:19:59.999999,16,8.06669,7.073568,6.703455,8.07
2021-11-06 12:39:59.999998,2021-11-06 15:30:00.000003,17,8.087277,7.068777,6.703455,8.02
2021-11-06 12:39:59.999998,2021-11-06 15:39:59.999998,18,7.7876616,7.064893,6.703455,7.62
2021-11-06 12:39:59.999998,2021-11-06 15:50:00.000002,19,7.7287307,7.061825,6.703455,8.04
2021-11-06 12:39:59.999998,2021-11-06 15:59:59.999997,20,7.894178,7.059483,6.703455,7.78
2021-11-06 12:39:59.999998,2021-11-06 16:10:00.000001,21,7.9750113,7.0577846,6.703455,7.89
2021-11-06 12:39:59.999998,2021-11-06 16:19:59.999996,22,7.8745565,7.056635,6.703455,7.91
2021-11-06 12:39:59.999998,2021-11-06 16:30:00.000000,23,7.644979,7.055951,6.703455,7.68
2021-11-06 12:39:59.999998,2021-11-06 16:40:00.000004,24,7.3596215,7.0556493,6.703455,7.39
2021-11-06 12:39:59.999998,2021-11-06 16:49:59.999999,25,7.1281385,7.0556483,6.703455,7.09
2021-11-06 12:39:59.999998,2021-11-06 17:00:00.000003,26,7.042628,7.055877,6.703455,6.94
2021-11-06 12:39:59.999998,2021-11-06 17:09:59.999998,27,7.0871067,7.0562763,6.703455,7.27
2021-11-06 12:39:59.999998,2021-11-06 17:20:00.000002,28,7.1754417,7.056787,6.703455,7.1
2021-11-06 12:39:59.999998,2021-11-06 17:29:59.999997,29,7.261747,7.057367,6.703455,7.18
2021-11-06 12:39:59.999998,2021-11-06 17:40:00.000001,30,7.2982645,7.05798,6.703455,7.46
2021-11-06 12:39:59.999998,2021-11-06 17:49:59.999996,31,7.2472672,7.0585966,6.703455,7.04
2021-11-06 12:39:59.999998,2021-11-06 18:00:00.000000,32,7.3222547,7.0591965,6.703455,7.55
2021-11-06 12:39:59.999998,2021-11-06 18:10:00.000004,33,7.7430706,7.059765,6.703455,7.64
2021-11-06 12:39:59.999998,2021-11-06 18:19:59.999999,34,8.10339,7.060292,6.703455,7.97
2021-11-06 12:39:59.999998,2021-11-06 18:30:00.000003,35,7.8894243,7.0607696,6.703455,8.08
2021-11-06 12:39:59.999998,2021-11-06 18:39:59.999998,36,7.5975237,7.0611973,6.703455,7.64
2021-11-06 12:50:00.000002,2021-11-06 12:59:59.999997,1,7.2135596,7.746299,6.7212477,7.12
2021-11-06 12:50:00.000002,2021-11-06 13:10:00.000001,2,7.561572,7.5682206,6.7212477,7.56
2021-11-06 12:50:00.000002,2021-11-06 13:19:59.999996,3,7.64382,7.4303617,6.7212477,7.6
2021-11-06 12:50:00.000002,2021-11-06 13:30:00.000000,4,7.6199503,7.3175974,6.7212477,7.7
2021-11-06 12:50:00.000002,2021-11-06 13:40:00.000004,5,7.68859,7.232839,6.7212477,7.68
2021-11-06 12:50:00.000002,2021-11-06 13:49:59.999999,6,7.9687524,7.1724606,6.7212477,7.92
2021-11-06 12:50:00.000002,2021-11-06 14:00:00.000003,7,8.158249,7.1310472,6.7212477,8.18
2021-11-06 12:50:00.000002,2021-11-06 14:09:59.999998,8,7.868967,7.103465,6.7212477,7.89
2021-11-06 12:50:00.000002,2021-11-06 14:20:00.000002,9,7.365501,7.085522,6.7212477,7.35
2021-11-06 12:50:00.000002,2021-11-06 14:29:59.999997,10,7.1663685,7.0740547,6.7212477,7.09
2021-11-06 12:50:00.000002,2021-11-06 14:40:00.000001,11,7.1484156,7.0668,6.7212477,7.36
2021-11-06 12:50:00.000002,2021-11-06 14:49:59.999996,12,6.9698415,7.062216,6.7212477,6.78
2021-11-06 12:50:00.000002,2021-11-06 15:00:00.000000,13,6.9493747,7.059291,6.7212477,6.91
2021-11-06 12:50:00.000002,2021-11-06 15:10:00.000004,14,7.4757524,7.0574,6.7212477,7.63
2021-11-06 12:50:00.000002,2021-11-06 15:19:59.999999,15,8.06669,7.0561724,6.7212477,8.07
2021-11-06 12:50:00.000002,2021-11-06 15:30:00.000003,16,8.087277,7.0553994,6.7212477,8.02
2021-11-06 12:50:00.000002,2021-11-06 15:39:59.999998,17,7.7876616,7.0549717,6.7212477,7.62
2021-11-06 12:50:00.000002,2021-11-06 15:50:00.000002,18,7.7287307,7.054826,6.7212477,8.04
2021-11-06 12:50:00.000002,2021-11-06 15:59:59.999997,19,7.894178,7.054927,6.7212477,7.78
2021-11-06 12:50:00.000002,2021-11-06 16:10:00.000001,20,7.9750113,7.055248,6.7212477,7.89
2021-11-06 12:50:00.000002,2021-11-06 16:19:59.999996,21,7.8745565,7.055761,6.7212477,7.91
2021-11-06 12:50:00.000002,2021-11-06 16:30:00.000000,22,7.644979,7.0564322,6.7212477,7.68
2021-11-06 12:50:00.000002,2021-11-06 16:40:00.000004,23,7.3596215,7.0572314,6.7212477,7.39
2021-11-06 12:50:00.000002,2021-11-06 16:49:59.999999,24,7.1281385,7.058123,6.7212477,7.09
2021-11-06 12:50:00.000002,2021-11-06 17:00:00.000003,25,7.042628,7.0590763,6.7212477,6.94
2021-11-06 12:50:00.000002,2021-11-06 17:09:59.999998,26,7.0871067,7.060057,6.7212477,7.27
2021-11-06 12:50:00.000002,2021-11-06 17:20:00.000002,27,7.1754417,7.061037,6.7212477,7.1
2021-11-06 12:50:00.000002,2021-11-06 17:29:59.999997,28,7.261747,7.061995,6.7212477,7.18
2021-11-06 12:50:00.000002,2021-11-06 17:40:00.000001,29,7.2982645,7.062909,6.7212477,7.46
2021-11-06 12:50:00.000002,2021-11-06 17:49:59.999996,30,7.2472672,7.0637674,6.7212477,7.04
2021-11-06 12:50:00.000002,2021-11-06 18:00:00.000000,31,7.3222547,7.0645595,6.7212477,7.55
2021-11-06 12:50:00.000002,2021-11-06 18:10:00.000004,32,7.7430706,7.065277,6.7212477,7.64
2021-11-06 12:50:00.000002,2021-11-06 18:19:59.999999,33,8.10339,7.0659213,6.7212477,7.97
2021-11-06 12:50:00.000002,2021-11-06 18:30:00.000003,34,7.8894243,7.066492,6.7212477,8.08
2021-11-06 12:50:00.000002,2021-11-06 18:39:59.999998,35,7.5975237,7.06699,6.7212477,7.64
2021-11-06 12:50:00.000002,2021-11-06 18:50:00.000002,36,7.987655,7.0674186,6.7212477,7.71
2021-11-06 12:59:59.999997,2021-11-06 13:10:00.000001,1,7.561572,7.691936,7.2135596,7.56
2021-11-06 12:59:59.999997,2021-11-06 13:19:59.999996,2,7.64382,7.5346317,7.2135596,7.6
2021-11-06 12:59:59.999997,2021-11-06 13:30:00.000000,3,7.6199503,7.422145,7.2135596,7.7
2021-11-06 12:59:59.999997,2021-11-06 13:40:00.000004,4,7.68859,7.3375974,7.2135596,7.68
2021-11-06 12:59:59.999997,2021-11-06 13:49:59.999999,5,7.9687524,7.281752,7.2135596,7.92
2021-11-06 12:59:59.999997,2021-11-06 14:00:00.000003,6,8.158249,7.249636,7.2135596,8.18
2021-11-06 12:59:59.999997,2021-11-06 14:09:59.999998,7,7.868967,7.234971,7.2135596,7.89
2021-11-06 12:59:59.999997,2021-11-06 14:20:00.000002,8,7.365501,7.2320833,7.2135596,7.35
2021-11-06 12:59:59.999997,2021-11-06 14:29:59.999997,9,7.1663685,7.2364817,7.2135596,7.09
2021-11-06 12:59:59.999997,2021-11-06 14:40:00.000001,10,7.1484156,7.2448835,7.2135596,7.36
2021-11-06 12:59:59.999997,2021-11-06 14:49:59.999996,11,6.9698415,7.2550344,7.2135596,6.78
2021-11-06 12:59:59.999997,2021-11-06 15:00:00.000000,12,6.9493747,7.2654867,7.2135596,6.91
2021-11-06 12:59:59.999997,2021-11-06 15:10:00.000004,13,7.4757524,7.275398,7.2135596,7.63
2021-11-06 12:59:59.999997,2021-11-06 15:19:59.999999,14,8.06669,7.2843356,7.2135596,8.07
2021-11-06 12:59:59.999997,2021-11-06 15:30:00.000003,15,8.087277,7.292146,7.2135596,8.02
2021-11-06 12:59:59.999997,2021-11-06 15:39:59.999998,16,7.7876616,7.2988367,7.2135596,7.62
2021-11-06 12:59:59.999997,2021-11-06 15:50:00.000002,17,7.7287307,7.3045073,7.2135596,8.04
2021-11-06 12:59:59.999997,2021-11-06 15:59:59.999997,18,7.894178,7.3092937,7.2135596,7.78
2021-11-06 12:59:59.999997,2021-11-06 16:10:00.000001,19,7.9750113,7.3133364,7.2135596,7.89
2021-11-06 12:59:59.999997,2021-11-06 16:19:59.999996,20,7.8745565,7.3167734,7.2135596,7.91
2021-11-06 12:59:59.999997,2021-11-06 16:30:00.000000,21,7.644979,7.319715,7.2135596,7.68
2021-11-06 12:59:59.999997,2021-11-06 16:40:00.000004,22,7.3596215,7.3222556,7.2135596,7.39
2021-11-06 12:59:59.999997,2021-11-06 16:49:59.999999,23,7.1281385,7.3244677,7.2135596,7.09
2021-11-06 12:59:59.999997,2021-11-06 17:00:00.000003,24,7.042628,7.326406,7.2135596,6.94
2021-11-06 12:59:59.999997,2021-11-06 17:09:59.999998,25,7.0871067,7.328112,7.2135596,7.27
2021-11-06 12:59:59.999997,2021-11-06 17:20:00.000002,26,7.1754417,7.3296165,7.2135596,7.1
2021-11-06 12:59:59.999997,2021-11-06 17:29:59.999997,27,7.261747,7.330945,7.2135596,7.18
2021-11-06 12:59:59.999997,2021-11-06 17:40:00.000001,28,7.2982645,7.3321137,7.2135596,7.46
2021-11-06 12:59:59.999997,2021-11-06 17:49:59.999996,29,7.2472672,7.3331375,7.2135596,7.04
2021-11-06 12:59:59.999997,2021-11-06 18:00:00.000000,30,7.3222547,7.3340282,7.2135596,7.55
2021-11-06 12:59:59.999997,2021-11-06 18:10:00.000004,31,7.7430706,7.334802,7.2135596,7.64
2021-11-06 12:59:59.999997,2021-11-06 18:19:59.999999,32,8.10339,7.3354635,7.2135596,7.97
2021-11-06 12:59:59.999997,2021-11-06 18:30:00.000003,33,7.8894243,7.336029,7.2135596,8.08
2021-11-06 12:59:59.999997,2021-11-06 18:39:59.999998,34,7.5975237,7.3365035,7.2135596,7.64
2021-11-06 12:59:59.999997,2021-11-06 18:50:00.000002,35,7.987655,7.336901,7.2135596,7.71
2021-11-06 12:59:59.999997,2021-11-06 18:59:59.999997,36,8.528751,7.3372273,7.2135596,8.79
2021-11-06 13:10:00.000001,2021-11-06 13:19:59.999996,1,7.64382,7.681755,7.561572,7.6
2021-11-06 13:10:00.000001,2021-11-06 13:30:00.000000,2,7.6199503,7.5508947,7.561572,7.7
2021-11-06 13:10:00.000001,2021-11-06 13:40:00.000004,3,7.68859,7.463643,7.561572,7.68
2021-11-06 13:10:00.000001,2021-11-06 13:49:59.999999,4,7.9687524,7.4022875,7.561572,7.92
2021-11-06 13:10:00.000001,2021-11-06 14:00:00.000003,5,8.158249,7.3671684,7.561572,8.18
2021-11-06 13:10:00.000001,2021-11-06 14:09:59.999998,6,7.868967,7.353249,7.561572,7.89
2021-11-06 13:10:00.000001,2021-11-06 14:20:00.000002,7,7.365501,7.3543468,7.561572,7.35
2021-11-06 13:10:00.000001,2021-11-06 14:29:59.999997,8,7.1663685,7.364965,7.561572,7.09
2021-11-06 13:10:00.000001,2021-11-06 14:40:00.000001,9,7.1484156,7.3808193,7.561572,7.36
2021-11-06 13:10:00.000001,2021-11-06 14:49:59.999996,10,6.9698415,7.398839,7.561572,6.78
2021-11-06 13:10:00.000001,2021-11-06 15:00:00.000000,11,6.9493747,7.416985,7.561572,6.91
2021-11-06 13:10:00.000001,2021-11-06 15:10:00.000004,12,7.4757524,7.4340262,7.561572,7.63
2021-11-06 13:10:00.000001,2021-11-06 15:19:59.999999,13,8.06669,7.4493074,7.561572,8.07
2021-11-06 13:10:00.000001,2021-11-06 15:30:00.000003,14,8.087277,7.462583,7.561572,8.02
2021-11-06 13:10:00.000001,2021-11-06 15:39:59.999998,15,7.7876616,7.473858,7.561572,7.62
2021-11-06 13:10:00.000001,2021-11-06 15:50:00.000002,16,7.7287307,7.4832835,7.561572,8.04
2021-11-06 13:10:00.000001,2021-11-06 15:59:59.999997,17,7.894178,7.4910884,7.561572,7.78
2021-11-06 13:10:00.000001,2021-11-06 16:10:00.000001,18,7.9750113,7.4975142,7.561572,7.89
2021-11-06 13:10:00.000001,2021-11-06 16:19:59.999996,19,7.8745565,7.502803,7.561572,7.91
2021-11-06 13:10:00.000001,2021-11-06 16:30:00.000000,20,7.644979,7.5071626,7.561572,7.68
2021-11-06 13:10:00.000001,2021-11-06 16:40:00.000004,21,7.3596215,7.510774,7.561572,7.39
2021-11-06 13:10:00.000001,2021-11-06 16:49:59.999999,22,7.1281385,7.513786,7.561572,7.09
2021-11-06 13:10:00.000001,2021-11-06 17:00:00.000003,23,7.042628,7.516314,7.561572,6.94
2021-11-06 13:10:00.000001,2021-11-06 17:09:59.999998,24,7.0871067,7.5184503,7.561572,7.27
2021-11-06 13:10:00.000001,2021-11-06 17:20:00.000002,25,7.1754417,7.520267,7.561572,7.1
2021-11-06 13:10:00.000001,2021-11-06 17:29:59.999997,26,7.261747,7.5218167,7.561572,7.18
2021-11-06 13:10:00.000001,2021-11-06 17:40:00.000001,27,7.2982645,7.523142,7.561572,7.46
2021-11-06 13:10:00.000001,2021-11-06 17:49:59.999996,28,7.2472672,7.5242763,7.561572,7.04
2021-11-06 13:10:00.000001,2021-11-06 18:00:00.000000,29,7.3222547,7.525241,7.561572,7.55
2021-11-06 13:10:00.000001,2021-11-06 18:10:00.000004,30,7.7430706,7.5260644,7.561572,7.64
2021-11-06 13:10:00.000001,2021-11-06 18:19:59.999999,31,8.10339,7.5267596,7.561572,7.97
2021-11-06 13:10:00.000001,2021-11-06 18:30:00.000003,32,7.8894243,7.527343,7.561572,8.08
2021-11-06 13:10:00.000001,2021-11-06 18:39:59.999998,33,7.5975237,7.5278287,7.561572,7.64
2021-11-06 13:10:00.000001,2021-11-06 18:50:00.000002,34,7.987655,7.5282297,7.561572,7.71
2021-11-06 13:10:00.000001,2021-11-06 18:59:59.999997,35,8.528751,7.528557,7.561572,8.79
2021-11-06 13:10:00.000001,2021-11-06 19:10:00.000001,36,8.323731,7.528818,7.561572,8.27
2021-11-06 13:19:59.999996,2021-11-06 13:30:00.000000,1,7.6199503,7.65237,7.64382,7.7
2021-11-06 13:19:59.999996,2021-11-06 13:40:00.000004,2,7.68859,7.536921,7.64382,7.68
2021-11-06 13:19:59.999996,2021-11-06 13:49:59.999999,3,7.9687524,7.459633,7.64382,7.92
2021-11-06 13:19:59.999996,2021-11-06 14:00:00.000003,4,8.158249,7.4044533,7.64382,8.18
2021-11-06 13:19:59.999996,2021-11-06 14:09:59.999998,5,7.868967,7.373144,7.64382,7.89
2021-11-06 13:19:59.999996,2021-11-06 14:20:00.000002,6,7.365501,7.3617463,7.64382,7.35
2021-11-06 13:19:59.999996,2021-11-06 14:29:59.999997,7,7.1663685,7.364782,7.64382,7.09
2021-11-06 13:19:59.999996,2021-11-06 14:40:00.000001,8,7.1484156,7.3771596,7.64382,7.36
2021-11-06 13:19:59.999996,2021-11-06 14:49:59.999996,9,6.9698415,7.394801,7.64382,6.78
2021-11-06 13:19:59.999996,2021-11-06 15:00:00.000000,10,6.9493747,7.41472,7.64382,6.91
2021-11-06 13:19:59.999996,2021-11-06 15:10:00.000004,11,7.4757524,7.434886,7.64382,7.63
2021-11-06 13:19:59.999996,2021-11-06 15:19:59.999999,12,8.06669,7.454031,7.64382,8.07
2021-11-06 13:19:59.999996,2021-11-06 15:30:00.000003,13,8.087277,7.471457,7.64382,8.02
2021-11-06 13:19:59.999996,2021-11-06 15:39:59.999998,14,7.7876616,7.486867,7.64382,7.62
2021-11-06 13:19:59.999996,2021-11-06 15:50:00.000002,15,7.7287307,7.5002184,7.64382,8.04
2021-11-06 13:19:59.999996,2021-11-06 15:59:59.999997,16,7.894178,7.511629,7.64382,7.78
2021-11-06 13:19:59.999996,2021-11-06 16:10:00.000001,17,7.9750113,7.5212946,7.64382,7.89
2021-11-06 13:19:59.999996,2021-11-06 16:19:59.999996,18,7.8745565,7.529443,7.64382,7.91
2021-11-06 13:19:59.999996,2021-11-06 16:30:00.000000,19,7.644979,7.5362997,7.64382,7.68
2021-11-06 13:19:59.999996,2021-11-06 16:40:00.000004,20,7.3596215,7.5420723,7.64382,7.39
2021-11-06 13:19:59.999996,2021-11-06 16:49:59.999999,21,7.1281385,7.5469427,7.64382,7.09
2021-11-06 13:19:59.999996,2021-11-06 17:00:00.000003,22,7.042628,7.5510635,7.64382,6.94
2021-11-06 13:19:59.999996,2021-11-06 17:09:59.999998,23,7.0871067,7.5545607,7.64382,7.27
2021-11-06 13:19:59.999996,2021-11-06 17:20:00.000002,24,7.1754417,7.557537,7.64382,7.1
2021-11-06 13:19:59.999996,2021-11-06 17:29:59.999997,25,7.261747,7.560075,7.64382,7.18
2021-11-06 13:19:59.999996,2021-11-06 17:40:00.000001,26,7.2982645,7.562238,7.64382,7.46
2021-11-06 13:19:59.999996,2021-11-06 17:49:59.999996,27,7.2472672,7.5640855,7.64382,7.04
2021-11-06 13:19:59.999996,2021-11-06 18:00:00.000000,28,7.3222547,7.5656548,7.64382,7.55
2021-11-06 13:19:59.999996,2021-11-06 18:10:00.000004,29,7.7430706,7.566988,7.64382,7.64
2021-11-06 13:19:59.999996,2021-11-06 18:19:59.999999,30,8.10339,7.568112,7.64382,7.97
2021-11-06 13:19:59.999996,2021-11-06 18:30:00.000003,31,7.8894243,7.5690556,7.64382,8.08
2021-11-06 13:19:59.999996,2021-11-06 18:39:59.999998,32,7.5975237,7.569842,7.64382,7.64
2021-11-06 13:19:59.999996,2021-11-06 18:50:00.000002,33,7.987655,7.5704923,7.64382,7.71
2021-11-06 13:19:59.999996,2021-11-06 18:59:59.999997,34,8.528751,7.5710254,7.64382,8.79
2021-11-06 13:19:59.999996,2021-11-06 19:10:00.000001,35,8.323731,7.5714574,7.64382,8.27
2021-11-06 13:19:59.999996,2021-11-06 19:19:59.999996,36,7.97074,7.5718026,7.64382,7.8
2021-11-06 13:30:00.000000,2021-11-06 13:40:00.000004,1,7.68859,7.625911,7.6199503,7.68
2021-11-06 13:30:00.000000,2021-11-06 13:49:59.999999,2,7.9687524,7.5237055,7.6199503,7.92
2021-11-06 13:30:00.000000,2021-11-06 14:00:00.000003,3,8.158249,7.452201,7.6199503,8.18
2021-11-06 13:30:00.000000,2021-11-06 14:09:59.999998,4,7.868967,7.398147,7.6199503,7.89
2021-11-06 13:30:00.000000,2021-11-06 14:20:00.000002,5,7.365501,7.3651824,7.6199503,7.35
2021-11-06 13:30:00.000000,2021-11-06 14:29:59.999997,6,7.1663685,7.3507257,7.6199503,7.09
2021-11-06 13:30:00.000000,2021-11-06 14:40:00.000001,7,7.1484156,7.350245,7.6199503,7.36
2021-11-06 13:30:00.000000,2021-11-06 14:49:59.999996,8,6.9698415,7.359237,7.6199503,6.78
2021-11-06 13:30:00.000000,2021-11-06 15:00:00.000000,9,6.9493747,7.37396,7.6199503,6.91
2021-11-06 13:30:00.000000,2021-11-06 15:10:00.000004,10,7.4757524,7.391573,7.6199503,7.63
2021-11-06 13:30:00.000000,2021-11-06 15:19:59.999999,11,8.06669,7.410084,7.6199503,8.07
2021-11-06 13:30:00.000000,2021-11-06 15:30:00.000003,12,8.087277,7.4281926,7.6199503,8.02
2021-11-06 13:30:00.000000,2021-11-06 15:39:59.999998,13,7.7876616,7.4451194,7.6199503,7.62
2021-11-06 13:30:00.000000,2021-11-06 15:50:00.000002,14,7.7287307,7.4604793,7.6199503,8.04
2021-11-06 13:30:00.000000,2021-11-06 15:59:59.999997,15,7.894178,7.474137,7.6199503,7.78
2021-11-06 13:30:00.000000,2021-11-06 16:10:00.000001,16,7.9750113,7.4861164,7.6199503,7.89
2021-11-06 13:30:00.000000,2021-11-06 16:19:59.999996,17,7.8745565,7.496537,7.6199503,7.91
2021-11-06 13:30:00.000000,2021-11-06 16:30:00.000000,18,7.644979,7.5055547,7.6199503,7.68
2021-11-06 13:30:00.000000,2021-11-06 16:40:00.000004,19,7.3596215,7.513344,7.6199503,7.39
2021-11-06 13:30:00.000000,2021-11-06 16:49:59.999999,20,7.1281385,7.520066,7.6199503,7.09
2021-11-06 13:30:00.000000,2021-11-06 17:00:00.000003,21,7.042628,7.5258694,7.6199503,6.94
2021-11-06 13:30:00.000000,2021-11-06 17:09:59.999998,22,7.0871067,7.530884,7.6199503,7.27
2021-11-06 13:30:00.000000,2021-11-06 17:20:00.000002,23,7.1754417,7.535219,7.6199503,7.1
2021-11-06 13:30:00.000000,2021-11-06 17:29:59.999997,24,7.261747,7.538967,7.6199503,7.18
2021-11-06 13:30:00.000000,2021-11-06 17:40:00.000001,25,7.2982645,7.5422053,7.6199503,7.46
2021-11-06 13:30:00.000000,2021-11-06 17:49:59.999996,26,7.2472672,7.544999,7.6199503,7.04
2021-11-06 13:30:00.000000,2021-11-06 18:00:00.000000,27,7.3222547,7.547401,7.6199503,7.55
2021-11-06 13:30:00.000000,2021-11-06 18:10:00.000004,28,7.7430706,7.5494614,7.6199503,7.64
2021-11-06 13:30:00.000000,2021-11-06 18:19:59.999999,29,8.10339,7.5512166,7.6199503,7.97
2021-11-06 13:30:00.000000,2021-11-06 18:30:00.000003,30,7.8894243,7.5527077,7.6199503,8.08
2021-11-06 13:30:00.000000,2021-11-06 18:39:59.999998,31,7.5975237,7.5539646,7.6199503,7.64
2021-11-06 13:30:00.000000,2021-11-06 18:50:00.000002,32,7.987655,7.555017,7.6199503,7.71
2021-11-06 13:30:00.000000,2021-11-06 18:59:59.999997,33,8.528751,7.5558896,7.6199503,8.79
2021-11-06 13:30:00.000000,2021-11-06 19:10:00.000001,34,8.323731,7.5566077,7.6199503,8.27
2021-11-06 13:30:00.000000,2021-11-06 19:19:59.999996,35,7.97074,7.5571933,7.6199503,7.8
2021-11-06 13:30:00.000000,2021-11-06 19:30:00.000000,36,8.433108,7.5576653,7.6199503,8.7
2021-11-06 13:40:00.000004,2021-11-06 13:49:59.999999,1,7.9687524,7.6075425,7.68859,7.92
2021-11-06 13:40:00.000004,2021-11-06 14:00:00.000003,2,8.158249,7.523814,7.68859,8.18
2021-11-06 13:40:00.000004,2021-11-06 14:09:59.999998,3,7.868967,7.464468,7.68859,7.89
2021-11-06 13:40:00.000004,2021-11-06 14:20:00.000002,4,7.365501,7.4174495,7.68859,7.35
2021-11-06 13:40:00.000004,2021-11-06 14:29:59.999997,5,7.1663685,7.388245,7.68859,7.09
2021-11-06 13:40:00.000004,2021-11-06 14:40:00.000001,6,7.1484156,7.37554,7.68859,7.36
2021-11-06 13:40:00.000004,2021-11-06 14:49:59.999996,7,6.9698415,7.3756433,7.68859,6.78
2021-11-06 13:40:00.000004,2021-11-06 15:00:00.000000,8,6.9493747,7.384613,7.68859,6.91
2021-11-06 13:40:00.000004,2021-11-06 15:10:00.000004,9,7.4757524,7.399062,7.68859,7.63
2021-11-06 13:40:00.000004,2021-11-06 15:19:59.999999,10,8.06669,7.416376,7.68859,8.07
2021-11-06 13:40:00.000004,2021-11-06 15:30:00.000003,11,8.087277,7.4346876,7.68859,8.02
2021-11-06 13:40:00.000004,2021-11-06 15:39:59.999998,12,7.7876616,7.4527526,7.68859,7.62
2021-11-06 13:40:00.000004,2021-11-06 15:50:00.000002,13,7.7287307,7.4698133,7.68859,8.04
2021-11-06 13:40:00.000004,2021-11-06 15:59:59.999997,14,7.894178,7.4854684,7.68859,7.78
2021-11-06 13:40:00.000004,2021-11-06 16:10:00.000001,15,7.9750113,7.499558,7.68859,7.89
2021-11-06 13:40:00.000004,2021-11-06 16:19:59.999996,16,7.8745565,7.512074,7.68859,7.91
2021-11-06 13:40:00.000004,2021-11-06 16:30:00.000000,17,7.644979,7.5231028,7.68859,7.68
2021-11-06 13:40:00.000004,2021-11-06 16:40:00.000004,18,7.3596215,7.5327706,7.68859,7.39
2021-11-06 13:40:00.000004,2021-11-06 16:49:59.999999,19,7.1281385,7.5412197,7.68859,7.09
2021-11-06 13:40:00.000004,2021-11-06 17:00:00.000003,20,7.042628,7.548596,7.68859,6.94
2021-11-06 13:40:00.000004,2021-11-06 17:09:59.999998,21,7.0871067,7.5550284,7.68859,7.27
2021-11-06 13:40:00.000004,2021-11-06 17:20:00.000002,22,7.1754417,7.5606356,7.68859,7.1
2021-11-06 13:40:00.000004,2021-11-06 17:29:59.999997,23,7.261747,7.5655184,7.68859,7.18
2021-11-06 13:40:00.000004,2021-11-06 17:40:00.000001,24,7.2982645,7.569765,7.68859,7.46
2021-11-06 13:40:00.000004,2021-11-06 17:49:59.999996,25,7.2472672,7.57345,7.68859,7.04
2021-11-06 13:40:00.000004,2021-11-06 18:00:00.000000,26,7.3222547,7.576638,7.68859,7.55
2021-11-06 13:40:00.000004,2021-11-06 18:10:00.000004,27,7.7430706,7.579388,7.68859,7.64
2021-11-06 13:40:00.000004,2021-11-06 18:19:59.999999,28,8.10339,7.581746,7.68859,7.97
2021-11-06 13:40:00.000004,2021-11-06 18:30:00.000003,29,7.8894243,7.5837584,7.68859,8.08
2021-11-06 13:40:00.000004,2021-11-06 18:39:59.999998,30,7.5975237,7.585468,7.68859,7.64
2021-11-06 13:40:00.000004,2021-11-06 18:50:00.000002,31,7.987655,7.586907,7.68859,7.71
2021-11-06 13:40:00.000004,2021-11-06 18:59:59.999997,32,8.528751,7.5881104,7.68859,8.79
2021-11-06 13:40:00.000004,2021-11-06 19:10:00.000001,33,8.323731,7.589109,7.68859,8.27
2021-11-06 13:40:00.000004,2021-11-06 19:19:59.999996,34,7.97074,7.5899286,7.68859,7.8
2021-11-06 13:40:00.000004,2021-11-06 19:30:00.000000,35,8.433108,7.5905952,7.68859,8.7
2021-11-06 13:40:00.000004,2021-11-06 19:40:00.000004,36,8.969177,7.5911326,7.68859,8.79
2021-11-06 13:49:59.999999,2021-11-06 14:00:00.000003,1,8.158249,7.6166472,7.9687524,8.18
2021-11-06 13:49:59.999999,2021-11-06 14:09:59.999998,2,7.868967,7.561212,7.9687524,7.89
2021-11-06 13:49:59.999999,2021-11-06 14:20:00.000002,3,7.365501,7.525068,7.9687524,7.35
2021-11-06 13:49:59.999999,2021-11-06 14:29:59.999997,4,7.1663685,7.4972506,7.9687524,7.09
2021-11-06 13:49:59.999999,2021-11-06 14:40:00.000001,5,7.1484156,7.4836416,7.9687524,7.36
2021-11-06 13:49:59.999999,2021-11-06 14:49:59.999996,6,6.9698415,7.4834743,7.9687524,6.78
2021-11-06 13:49:59.999999,2021-11-06 15:00:00.000000,7,6.9493747,7.4935946,7.9687524,6.91
2021-11-06 13:49:59.999999,2021-11-06 15:10:00.000004,8,7.4757524,7.510529,7.9687524,7.63
2021-11-06 13:49:59.999999,2021-11-06 15:19:59.999999,9,8.06669,7.5312896,7.9687524,8.07
2021-11-06 13:49:59.999999,2021-11-06 15:30:00.000003,10,8.087277,7.553591,7.9687524,8.02
2021-11-06 13:49:59.999999,2021-11-06 15:39:59.999998,11,7.7876616,7.5758305,7.9687524,7.62
2021-11-06 13:49:59.999999,2021-11-06 15:50:00.000002,12,7.7287307,7.596977,7.9687524,8.04
2021-11-06 13:49:59.999999,2021-11-06 15:59:59.999997,13,7.894178,7.6164474,7.9687524,7.78
2021-11-06 13:49:59.999999,2021-11-06 16:10:00.000001,14,7.9750113,7.6339765,7.9687524,7.89
2021-11-06 13:49:59.999999,2021-11-06 16:19:59.999996,15,7.8745565,7.649512,7.9687524,7.91
2021-11-06 13:49:59.999999,2021-11-06 16:30:00.000000,16,7.644979,7.663138,7.9687524,7.68
2021-11-06 13:49:59.999999,2021-11-06 16:40:00.000004,17,7.3596215,7.675007,7.9687524,7.39
2021-11-06 13:49:59.999999,2021-11-06 16:49:59.999999,18,7.1281385,7.6853037,7.9687524,7.09
2021-11-06 13:49:59.999999,2021-11-06 17:00:00.000003,19,7.042628,7.694218,7.9687524,6.94
2021-11-06 13:49:59.999999,2021-11-06 17:09:59.999998,20,7.0871067,7.701929,7.9687524,7.27
2021-11-06 13:49:59.999999,2021-11-06 17:20:00.000002,21,7.1754417,7.7085958,7.9687524,7.1
2021-11-06 13:49:59.999999,2021-11-06 17:29:59.999997,22,7.261747,7.7143617,7.9687524,7.18
2021-11-06 13:49:59.999999,2021-11-06 17:40:00.000001,23,7.2982645,7.7193437,7.9687524,7.46
2021-11-06 13:49:59.999999,2021-11-06 17:49:59.999996,24,7.2472672,7.7236466,7.9687524,7.04
2021-11-06 13:49:59.999999,2021-11-06 18:00:00.000000,25,7.3222547,7.7273564,7.9687524,7.55
2021-11-06 13:49:59.999999,2021-11-06 18:10:00.000004,26,7.7430706,7.7305474,7.9687524,7.64
2021-11-06 13:49:59.999999,2021-11-06 18:19:59.999999,27,8.10339,7.7332835,7.9687524,7.97
2021-11-06 13:49:59.999999,2021-11-06 18:30:00.000003,28,7.8894243,7.73562,7.9687524,8.08
2021-11-06 13:49:59.999999,2021-11-06 18:39:59.999998,29,7.5975237,7.737605,7.9687524,7.64
2021-11-06 13:49:59.999999,2021-11-06 18:50:00.000002,30,7.987655,7.7392817,7.9687524,7.71
2021-11-06 13:49:59.999999,2021-11-06 18:59:59.999997,31,8.528751,7.740689,7.9687524,8.79
2021-11-06 13:49:59.999999,2021-11-06 19:10:00.000001,32,8.323731,7.7418613,7.9687524,8.27
2021-11-06 13:49:59.999999,2021-11-06 19:19:59.999996,33,7.97074,7.74283,7.9687524,7.8
2021-11-06 13:49:59.999999,2021-11-06 19:30:00.000000,34,8.433108,7.7436237,7.9687524,8.7
2021-11-06 13:49:59.999999,2021-11-06 19:40:00.000004,35,8.969177,7.744265,7.9687524,8.79
2021-11-06 13:49:59.999999,2021-11-06 19:49:59.999999,36,8.484435,7.7447796,7.9687524,8.51
2021-11-06 14:00:00.000003,2021-11-06 14:09:59.999998,1,7.868967,7.600109,8.158249,7.89
2021-11-06 14:00:00.000003,2021-11-06 14:20:00.000002,2,7.365501,7.575502,8.158249,7.35
2021-11-06 14:00:00.000003,2021-11-06 14:29:59.999997,3,7.1663685,7.5629563,8.158249,7.09
2021-11-06 14:00:00.000003,2021-11-06 14:40:00.000001,4,7.1484156,7.552692,8.158249,7.36
2021-11-06 14:00:00.000003,2021-11-06 14:49:59.999996,5,6.9698415,7.551999,8.158249,6.78
2021-11-06 14:00:00.000003,2021-11-06 15:00:00.000000,6,6.9493747,7.5612307,8.158249,6.91
2021-11-06 14:00:00.000003,2021-11-06 15:10:00.000004,7,7.4757524,7.5780945,8.158249,7.63
2021-11-06 14:00:00.000003,2021-11-06 15:19:59.999999,8,8.06669,7.5997863,8.158249,8.07
2021-11-06 14:00:00.000003,2021-11-06 15:30:00.000003,9,8.087277,7.6238327,8.158249,8.02
2021-11-06 14:00:00.000003,2021-11-06 15:39:59.999998,10,7.7876616,7.6483426,8.158249,7.62
2021-11-06 14:00:00.000003,2021-11-06 15:50:00.000002,11,7.7287307,7.6720185,8.158249,8.04
2021-11-06 14:00:00.000003,2021-11-06 15:59:59.999997,12,7.894178,7.6940527,8.158249,7.78
2021-11-06 14:00:00.000003,2021-11-06 16:10:00.000001,13,7.9750113,7.7140317,8.158249,7.89
2021-11-06 14:00:00.000003,2021-11-06 16:19:59.999996,14,7.8745565,7.7318125,8.158249,7.91
2021-11-06 14:00:00.000003,2021-11-06 16:30:00.000000,15,7.644979,7.7474337,8.158249,7.68
2021-11-06 14:00:00.000003,2021-11-06 16:40:00.000004,16,7.3596215,7.7610435,8.158249,7.39
2021-11-06 14:00:00.000003,2021-11-06 16:49:59.999999,17,7.1281385,7.7728343,8.158249,7.09
2021-11-06 14:00:00.000003,2021-11-06 17:00:00.000003,18,7.042628,7.7830224,8.158249,6.94
2021-11-06 14:00:00.000003,2021-11-06 17:09:59.999998,19,7.0871067,7.791818,8.158249,7.27
2021-11-06 14:00:00.000003,2021-11-06 17:20:00.000002,20,7.1754417,7.7994103,8.158249,7.1
2021-11-06 14:00:00.000003,2021-11-06 17:29:59.999997,21,7.261747,7.805969,8.158249,7.18
2021-11-06 14:00:00.000003,2021-11-06 17:40:00.000001,22,7.2982645,7.8116384,8.158249,7.46
2021-11-06 14:00:00.000003,2021-11-06 17:49:59.999996,23,7.2472672,7.81654,8.158249,7.04
2021-11-06 14:00:00.000003,2021-11-06 18:00:00.000000,24,7.3222547,7.8207765,8.158249,7.55
2021-11-06 14:00:00.000003,2021-11-06 18:10:00.000004,25,7.7430706,7.824433,8.158249,7.64
2021-11-06 14:00:00.000003,2021-11-06 18:19:59.999999,26,8.10339,7.827583,8.158249,7.97
2021-11-06 14:00:00.000003,2021-11-06 18:30:00.000003,27,7.8894243,7.8302894,8.158249,8.08
2021-11-06 14:00:00.000003,2021-11-06 18:39:59.999998,28,7.5975237,7.8326054,8.158249,7.64
2021-11-06 14:00:00.000003,2021-11-06 18:50:00.000002,29,7.987655,7.834576,8.158249,7.71
2021-11-06 14:00:00.000003,2021-11-06 18:59:59.999997,30,8.528751,7.836246,8.158249,8.79
2021-11-06 14:00:00.000003,2021-11-06 19:10:00.000001,31,8.323731,7.8376517,8.158249,8.27
2021-11-06 14:00:00.000003,2021-11-06 19:19:59.999996,32,7.97074,7.8388267,8.158249,7.8
2021-11-06 14:00:00.000003,2021-11-06 19:30:00.000000,33,8.433108,7.8398,8.158249,8.7
2021-11-06 14:00:00.000003,2021-11-06 19:40:00.000004,34,8.969177,7.8405986,8.158249,8.79
2021-11-06 14:00:00.000003,2021-11-06 19:49:59.999999,35,8.484435,7.84125,8.158249,8.51
2021-11-06 14:00:00.000003,2021-11-06 20:00:00.000003,36,7.755174,7.841774,8.158249,7.82
2021-11-06 14:09:59.999998,2021-11-06 14:20:00.000002,1,7.365501,7.542658,7.868967,7.35
2021-11-06 14:09:59.999998,2021-11-06 14:29:59.999997,2,7.1663685,7.5165706,7.868967,7.09
2021-11-06 14:09:59.999998,2021-11-06 14:40:00.000001,3,7.1484156,7.4933515,7.868967,7.36
2021-11-06 14:09:59.999998,2021-11-06 14:49:59.999996,4,6.9698415,7.468514,7.868967,6.78
2021-11-06 14:09:59.999998,2021-11-06 15:00:00.000000,5,6.9493747,7.451878,7.868967,6.91
2021-11-06 14:09:59.999998,2021-11-06 15:10:00.000004,6,7.4757524,7.4454517,7.868967,7.63
2021-11-06 14:09:59.999998,2021-11-06 15:19:59.999999,7,8.06669,7.447917,7.868967,8.07
2021-11-06 14:09:59.999998,2021-11-06 15:30:00.000003,8,8.087277,7.4569874,7.868967,8.02
2021-11-06 14:09:59.999998,2021-11-06 15:39:59.999998,9,7.7876616,7.470382,7.868967,7.62
2021-11-06 14:09:59.999998,2021-11-06 15:50:00.000002,10,7.7287307,7.486209,7.868967,8.04
2021-11-06 14:09:59.999998,2021-11-06 15:59:59.999997,11,7.894178,7.503031,7.868967,7.78
2021-11-06 14:09:59.999998,2021-11-06 16:10:00.000001,12,7.9750113,7.519852,7.868967,7.89
2021-11-06 14:09:59.999998,2021-11-06 16:19:59.999996,13,7.8745565,7.5360284,7.868967,7.91
2021-11-06 14:09:59.999998,2021-11-06 16:30:00.000000,14,7.644979,7.5511885,7.868967,7.68
2021-11-06 14:09:59.999998,2021-11-06 16:40:00.000004,15,7.3596215,7.5651517,7.868967,7.39
2021-11-06 14:09:59.999998,2021-11-06 16:49:59.999999,16,7.1281385,7.57786,7.868967,7.09
2021-11-06 14:09:59.999998,2021-11-06 17:00:00.000003,17,7.042628,7.5893383,7.868967,6.94
2021-11-06 14:09:59.999998,2021-11-06 17:09:59.999998,18,7.0871067,7.599652,7.868967,7.27
2021-11-06 14:09:59.999998,2021-11-06 17:20:00.000002,19,7.1754417,7.608883,7.868967,7.1
2021-11-06 14:09:59.999998,2021-11-06 17:29:59.999997,20,7.261747,7.6171246,7.868967,7.18
2021-11-06 14:09:59.999998,2021-11-06 17:40:00.000001,21,7.2982645,7.624462,7.868967,7.46
2021-11-06 14:09:59.999998,2021-11-06 17:49:59.999996,22,7.2472672,7.63098,7.868967,7.04
2021-11-06 14:09:59.999998,2021-11-06 18:00:00.000000,23,7.3222547,7.636754,7.868967,7.55
2021-11-06 14:09:59.999998,2021-11-06 18:10:00.000004,24,7.7430706,7.6418495,7.868967,7.64
2021-11-06 14:09:59.999998,2021-11-06 18:19:59.999999,25,8.10339,7.6463304,7.868967,7.97
2021-11-06 14:09:59.999998,2021-11-06 18:30:00.000003,26,7.8894243,7.650254,7.868967,8.08
2021-11-06 14:09:59.999998,2021-11-06 18:39:59.999998,27,7.5975237,7.65367,7.868967,7.64
2021-11-06 14:09:59.999998,2021-11-06 18:50:00.000002,28,7.987655,7.656631,7.868967,7.71
2021-11-06 14:09:59.999998,2021-11-06 18:59:59.999997,29,8.528751,7.6591825,7.868967,8.79
2021-11-06 14:09:59.999998,2021-11-06 19:10:00.000001,30,8.323731,7.661364,7.868967,8.27
2021-11-06 14:09:59.999998,2021-11-06 19:19:59.999996,31,7.97074,7.6632204,7.868967,7.8
2021-11-06 14:09:59.999998,2021-11-06 19:30:00.000000,32,8.433108,7.6647863,7.868967,8.7
2021-11-06 14:09:59.999998,2021-11-06 19:40:00.000004,33,8.969177,7.6660986,7.868967,8.79
2021-11-06 14:09:59.999998,2021-11-06 19:49:59.999999,34,8.484435,7.6671877,7.868967,8.51
2021-11-06 14:09:59.999998,2021-11-06 20:00:00.000003,35,7.755174,7.6680846,7.868967,7.82
2021-11-06 14:09:59.999998,2021-11-06 20:09:59.999998,36,8.024384,7.668816,7.868967,7.9
2021-11-06 14:20:00.000002,2021-11-06 14:29:59.999997,1,7.1663685,7.4848123,7.365501,7.09
2021-11-06 14:20:00.000002,2021-11-06 14:40:00.000001,2,7.1484156,7.424152,7.365501,7.36
2021-11-06 14:20:00.000002,2021-11-06 14:49:59.999996,3,6.9698415,7.368181,7.365501,6.78
2021-11-06 14:20:00.000002,2021-11-06 15:00:00.000000,4,6.9493747,7.313748,7.365501,6.91
2021-11-06 14:20:00.000002,2021-11-06 15:10:00.000004,5,7.4757524,7.2711816,7.365501,7.63
2021-11-06 14:20:00.000002,2021-11-06 15:19:59.999999,6,8.06669,7.2424545,7.365501,8.07
2021-11-06 14:20:00.000002,2021-11-06 15:30:00.000003,7,8.087277,7.225997,7.365501,8.02
2021-11-06 14:20:00.000002,2021-11-06 15:39:59.999998,8,7.7876616,7.2191906,7.365501,7.62
2021-11-06 14:20:00.000002,2021-11-06 15:50:00.000002,9,7.7287307,7.2194085,7.365501,8.04
2021-11-06 14:20:00.000002,2021-11-06 15:59:59.999997,10,7.894178,7.224413,7.365501,7.78
2021-11-06 14:20:00.000002,2021-11-06 16:10:00.000001,11,7.9750113,7.232454,7.365501,7.89
2021-11-06 14:20:00.000002,2021-11-06 16:19:59.999996,12,7.8745565,7.2422347,7.365501,7.91
2021-11-06 14:20:00.000002,2021-11-06 16:30:00.000000,13,7.644979,7.2528434,7.365501,7.68
2021-11-06 14:20:00.000002,2021-11-06 16:40:00.000004,14,7.3596215,7.263667,7.365501,7.39
2021-11-06 14:20:00.000002,2021-11-06 16:49:59.999999,15,7.1281385,7.2743115,7.365501,7.09
2021-11-06 14:20:00.000002,2021-11-06 17:00:00.000003,16,7.042628,7.2845345,7.365501,6.94
2021-11-06 14:20:00.000002,2021-11-06 17:09:59.999998,17,7.0871067,7.2941985,7.365501,7.27
2021-11-06 14:20:00.000002,2021-11-06 17:20:00.000002,18,7.1754417,7.303234,7.365501,7.1
2021-11-06 14:20:00.000002,2021-11-06 17:29:59.999997,19,7.261747,7.3116083,7.365501,7.18
2021-11-06 14:20:00.000002,2021-11-06 17:40:00.000001,20,7.2982645,7.3193164,7.365501,7.46
2021-11-06 14:20:00.000002,2021-11-06 17:49:59.999996,21,7.2472672,7.326366,7.365501,7.04
2021-11-06 14:20:00.000002,2021-11-06 18:00:00.000000,22,7.3222547,7.33278,7.365501,7.55
2021-11-06 14:20:00.000002,2021-11-06 18:10:00.000004,23,7.7430706,7.3385787,7.365501,7.64
2021-11-06 14:20:00.000002,2021-11-06 18:19:59.999999,24,8.10339,7.34379,7.365501,7.97
2021-11-06 14:20:00.000002,2021-11-06 18:30:00.000003,25,7.8894243,7.348448,7.365501,8.08
2021-11-06 14:20:00.000002,2021-11-06 18:39:59.999998,26,7.5975237,7.352581,7.365501,7.64
2021-11-06 14:20:00.000002,2021-11-06 18:50:00.000002,27,7.987655,7.356228,7.365501,7.71
2021-11-06 14:20:00.000002,2021-11-06 18:59:59.999997,28,8.528751,7.359421,7.365501,8.79
2021-11-06 14:20:00.000002,2021-11-06 19:10:00.000001,29,8.323731,7.3621974,7.365501,8.27
2021-11-06 14:20:00.000002,2021-11-06 19:19:59.999996,30,7.97074,7.364597,7.365501,7.8
2021-11-06 14:20:00.000002,2021-11-06 19:30:00.000000,31,8.433108,7.366653,7.365501,8.7
2021-11-06 14:20:00.000002,2021-11-06 19:40:00.000004,32,8.969177,7.3684,7.365501,8.79
2021-11-06 14:20:00.000002,2021-11-06 19:49:59.999999,33,8.484435,7.3698754,7.365501,8.51
2021-11-06 14:20:00.000002,2021-11-06 20:00:00.000003,34,7.755174,7.3711095,7.365501,7.82
2021-11-06 14:20:00.000002,2021-11-06 20:09:59.999998,35,8.024384,7.3721337,7.365501,7.9
2021-11-06 14:20:00.000002,2021-11-06 20:20:00.000002,36,8.786168,7.3729753,7.365501,8.98
2021-11-06 14:29:59.999997,2021-11-06 14:40:00.000001,1,7.1484156,7.444084,7.1663685,7.36
2021-11-06 14:29:59.999997,2021-11-06 14:49:59.999996,2,6.9698415,7.359422,7.1663685,6.78
2021-11-06 14:29:59.999997,2021-11-06 15:00:00.000000,3,6.9493747,7.2844977,7.1663685,6.91
2021-11-06 14:29:59.999997,2021-11-06 15:10:00.000004,4,7.4757524,7.2161155,7.1663685,7.63
2021-11-06 14:29:59.999997,2021-11-06 15:19:59.999999,5,8.06669,7.1634817,7.1663685,8.07
2021-11-06 14:29:59.999997,2021-11-06 15:30:00.000003,6,8.087277,7.1276207,7.1663685,8.02
2021-11-06 14:29:59.999997,2021-11-06 15:39:59.999998,7,7.7876616,7.106232,7.1663685,7.62
2021-11-06 14:29:59.999997,2021-11-06 15:50:00.000002,8,7.7287307,7.096135,7.1663685,8.04
2021-11-06 14:29:59.999997,2021-11-06 15:59:59.999997,9,7.894178,7.0942793,7.1663685,7.78
2021-11-06 14:29:59.999997,2021-11-06 16:10:00.000001,10,7.9750113,7.0981026,7.1663685,7.89
2021-11-06 14:29:59.999997,2021-11-06 16:19:59.999996,11,7.8745565,7.105606,7.1663685,7.91
2021-11-06 14:29:59.999997,2021-11-06 16:30:00.000000,12,7.644979,7.115307,7.1663685,7.68
2021-11-06 14:29:59.999997,2021-11-06 16:40:00.000004,13,7.3596215,7.126146,7.1663685,7.39
2021-11-06 14:29:59.999997,2021-11-06 16:49:59.999999,14,7.1281385,7.137407,7.1663685,7.09
2021-11-06 14:29:59.999997,2021-11-06 17:00:00.000003,15,7.042628,7.148612,7.1663685,6.94
2021-11-06 14:29:59.999997,2021-11-06 17:09:59.999998,16,7.0871067,7.15946,7.1663685,7.27
2021-11-06 14:29:59.999997,2021-11-06 17:20:00.000002,17,7.1754417,7.169773,7.1663685,7.1
2021-11-06 14:29:59.999997,2021-11-06 17:29:59.999997,18,7.261747,7.1794467,7.1663685,7.18
2021-11-06 14:29:59.999997,2021-11-06 17:40:00.000001,19,7.2982645,7.188431,7.1663685,7.46
2021-11-06 14:29:59.999997,2021-11-06 17:49:59.999996,20,7.2472672,7.1967053,7.1663685,7.04
2021-11-06 14:29:59.999997,2021-11-06 18:00:00.000000,21,7.3222547,7.204273,7.1663685,7.55
2021-11-06 14:29:59.999997,2021-11-06 18:10:00.000004,22,7.7430706,7.2111506,7.1663685,7.64
2021-11-06 14:29:59.999997,2021-11-06 18:19:59.999999,23,8.10339,7.2173595,7.1663685,7.97
2021-11-06 14:29:59.999997,2021-11-06 18:30:00.000003,24,7.8894243,7.2229295,7.1663685,8.08
2021-11-06 14:29:59.999997,2021-11-06 18:39:59.999998,25,7.5975237,7.2278934,7.1663685,7.64
2021-11-06 14:29:59.999997,2021-11-06 18:50:00.000002,26,7.987655,7.2322907,7.1663685,7.71
2021-11-06 14:29:59.999997,2021-11-06 18:59:59.999997,27,8.528751,7.236157,7.1663685,8.79
2021-11-06 14:29:59.999997,2021-11-06 19:10:00.000001,28,8.323731,7.239534,7.1663685,8.27
2021-11-06 14:29:59.999997,2021-11-06 19:19:59.999996,29,7.97074,7.2424617,7.1663685,7.8
2021-11-06 14:29:59.999997,2021-11-06 19:30:00.000000,30,8.433108,7.244984,7.1663685,8.7
2021-11-06 14:29:59.999997,2021-11-06 19:40:00.000004,31,8.969177,7.2471385,7.1663685,8.79
2021-11-06 14:29:59.999997,2021-11-06 19:49:59.999999,32,8.484435,7.248966,7.1663685,8.51
2021-11-06 14:29:59.999997,2021-11-06 20:00:00.000003,33,7.755174,7.250501,7.1663685,7.82
2021-11-06 14:29:59.999997,2021-11-06 20:09:59.999998,34,8.024384,7.2517824,7.1663685,7.9
2021-11-06 14:29:59.999997,2021-11-06 20:20:00.000002,35,8.786168,7.252843,7.1663685,8.98
2021-11-06 14:29:59.999997,2021-11-06 20:29:59.999997,36,8.9141865,7.2537107,7.1663685,8.7
2021-11-06 14:40:00.000001,2021-11-06 14:49:59.999996,1,6.9698415,7.4353065,7.1484156,6.78
2021-11-06 14:40:00.000001,2021-11-06 15:00:00.000000,2,6.9493747,7.344189,7.1484156,6.91
2021-11-06 14:40:00.000001,2021-11-06 15:10:00.000004,3,7.4757524,7.266626,7.1484156,7.63
2021-11-06 14:40:00.000001,2021-11-06 15:19:59.999999,4,8.06669,7.1978154,7.1484156,8.07
2021-11-06 14:40:00.000001,2021-11-06 15:30:00.000003,5,8.087277,7.1459,7.1484156,8.02
2021-11-06 14:40:00.000001,2021-11-06 15:39:59.999998,6,7.7876616,7.1112194,7.1484156,7.62
2021-11-06 14:40:00.000001,2021-11-06 15:50:00.000002,7,7.7287307,7.09107,7.1484156,8.04
2021-11-06 14:40:00.000001,2021-11-06 15:59:59.999997,8,7.894178,7.082059,7.1484156,7.78
2021-11-06 14:40:00.000001,2021-11-06 16:10:00.000001,9,7.9750113,7.0810423,7.1484156,7.89
2021-11-06 14:40:00.000001,2021-11-06 16:19:59.999996,10,7.8745565,7.0854354,7.1484156,7.91
2021-11-06 14:40:00.000001,2021-11-06 16:30:00.000000,11,7.644979,7.093257,7.1484156,7.68
2021-11-06 14:40:00.000001,2021-11-06 16:40:00.000004,12,7.3596215,7.1030493,7.1484156,7.39
2021-11-06 14:40:00.000001,2021-11-06 16:49:59.999999,13,7.1281385,7.113806,7.1484156,7.09
2021-11-06 14:40:00.000001,2021-11-06 17:00:00.000003,14,7.042628,7.124845,7.1484156,6.94
2021-11-06 14:40:00.000001,2021-11-06 17:09:59.999998,15,7.0871067,7.1357327,7.1484156,7.27
2021-11-06 14:40:00.000001,2021-11-06 17:20:00.000002,16,7.1754417,7.1462016,7.1484156,7.1
2021-11-06 14:40:00.000001,2021-11-06 17:29:59.999997,17,7.261747,7.1560984,7.1484156,7.18
2021-11-06 14:40:00.000001,2021-11-06 17:40:00.000001,18,7.2982645,7.1653433,7.1484156,7.46
2021-11-06 14:40:00.000001,2021-11-06 17:49:59.999996,19,7.2472672,7.1739044,7.1484156,7.04
2021-11-06 14:40:00.000001,2021-11-06 18:00:00.000000,20,7.3222547,7.1817737,7.1484156,7.55
2021-11-06 14:40:00.000001,2021-11-06 18:10:00.000004,21,7.7430706,7.188962,7.1484156,7.64
2021-11-06 14:40:00.000001,2021-11-06 18:19:59.999999,22,8.10339,7.1954875,7.1484156,7.97
2021-11-06 14:40:00.000001,2021-11-06 18:30:00.000003,23,7.8894243,7.2013793,7.1484156,8.08
2021-11-06 14:40:00.000001,2021-11-06 18:39:59.999998,24,7.5975237,7.2066655,7.1484156,7.64
2021-11-06 14:40:00.000001,2021-11-06 18:50:00.000002,25,7.987655,7.2113795,7.1484156,7.71
2021-11-06 14:40:00.000001,2021-11-06 18:59:59.999997,26,8.528751,7.2155538,7.1484156,8.79
2021-11-06 14:40:00.000001,2021-11-06 19:10:00.000001,27,8.323731,7.2192297,7.1484156,8.27
2021-11-06 14:40:00.000001,2021-11-06 19:19:59.999996,28,7.97074,7.222443,7.1484156,7.8
2021-11-06 14:40:00.000001,2021-11-06 19:30:00.000000,29,8.433108,7.225231,7.1484156,8.7
2021-11-06 14:40:00.000001,2021-11-06 19:40:00.000004,30,8.969177,7.2276325,7.1484156,8.79
2021-11-06 14:40:00.000001,2021-11-06 19:49:59.999999,31,8.484435,7.2296867,7.1484156,8.51
2021-11-06 14:40:00.000001,2021-11-06 20:00:00.000003,32,7.755174,7.231428,7.1484156,7.82
2021-11-06 14:40:00.000001,2021-11-06 20:09:59.999998,33,8.024384,7.232894,7.1484156,7.9
2021-11-06 14:40:00.000001,2021-11-06 20:20:00.000002,34,8.786168,7.234117,7.1484156,8.98
2021-11-06 14:40:00.000001,2021-11-06 20:29:59.999997,35,8.9141865,7.235126,7.1484156,8.7
2021-11-06 14:40:00.000001,2021-11-06 20:40:00.000001,36,8.525953,7.2359543,7.1484156,8.67
2021-11-06 14:49:59.999996,2021-11-06 15:00:00.000000,1,6.9493747,7.3803163,6.9698415,6.91
2021-11-06 14:49:59.999996,2021-11-06 15:10:00.000004,2,7.4757524,7.272745,6.9698415,7.63
2021-11-06 14:49:59.999996,2021-11-06 15:19:59.999999,3,8.06669,7.181681,6.9698415,8.07
2021-11-06 14:49:59.999996,2021-11-06 15:30:00.000003,4,8.087277,7.102182,6.9698415,8.02
2021-11-06 14:49:59.999996,2021-11-06 15:39:59.999998,5,7.7876616,7.04201,6.9698415,7.62
2021-11-06 14:49:59.999996,2021-11-06 15:50:00.000002,6,7.7287307,7.001172,6.9698415,8.04
2021-11-06 14:49:59.999996,2021-11-06 15:59:59.999997,7,7.894178,6.9766474,6.9698415,7.78
2021-11-06 14:49:59.999996,2021-11-06 16:10:00.000001,8,7.9750113,6.964724,6.9698415,7.89
2021-11-06 14:49:59.999996,2021-11-06 16:19:59.999996,9,7.8745565,6.961975,6.9698415,7.91
2021-11-06 14:49:59.999996,2021-11-06 16:30:00.000000,10,7.644979,6.9655566,6.9698415,7.68
2021-11-06 14:49:59.999996,2021-11-06 16:40:00.000004,11,7.3596215,6.97326,6.9698415,7.39
2021-11-06 14:49:59.999996,2021-11-06 16:49:59.999999,12,7.1281385,6.9834476,6.9698415,7.09
2021-11-06 14:49:59.999996,2021-11-06 17:00:00.000003,13,7.042628,6.994952,6.9698415,6.94
2021-11-06 14:49:59.999996,2021-11-06 17:09:59.999998,14,7.0871067,7.0069704,6.9698415,7.27
2021-11-06 14:49:59.999996,2021-11-06 17:20:00.000002,15,7.1754417,7.018966,6.9698415,7.1
2021-11-06 14:49:59.999996,2021-11-06 17:29:59.999997,16,7.261747,7.0306,6.9698415,7.18
2021-11-06 14:49:59.999996,2021-11-06 17:40:00.000001,17,7.2982645,7.0416603,6.9698415,7.46
2021-11-06 14:49:59.999996,2021-11-06 17:49:59.999996,18,7.2472672,7.0520287,6.9698415,7.04
2021-11-06 14:49:59.999996,2021-11-06 18:00:00.000000,19,7.3222547,7.061643,6.9698415,7.55
2021-11-06 14:49:59.999996,2021-11-06 18:10:00.000004,20,7.7430706,7.070481,6.9698415,7.64
2021-11-06 14:49:59.999996,2021-11-06 18:19:59.999999,21,8.10339,7.0785413,6.9698415,7.97
2021-11-06 14:49:59.999996,2021-11-06 18:30:00.000003,22,7.8894243,7.0858426,6.9698415,8.08
2021-11-06 14:49:59.999996,2021-11-06 18:39:59.999998,23,7.5975237,7.092412,6.9698415,7.64
2021-11-06 14:49:59.999996,2021-11-06 18:50:00.000002,24,7.987655,7.0982842,6.9698415,7.71
2021-11-06 14:49:59.999996,2021-11-06 18:59:59.999997,25,8.528751,7.1035,6.9698415,8.79
2021-11-06 14:49:59.999996,2021-11-06 19:10:00.000001,26,8.323731,7.1080985,6.9698415,8.27
2021-11-06 14:49:59.999996,2021-11-06 19:19:59.999996,27,7.97074,7.112127,6.9698415,7.8
2021-11-06 14:49:59.999996,2021-11-06 19:30:00.000000,28,8.433108,7.115633,6.9698415,8.7
2021-11-06 14:49:59.999996,2021-11-06 19:40:00.000004,29,8.969177,7.11866,6.9698415,8.79
2021-11-06 14:49:59.999996,2021-11-06 19:49:59.999999,30,8.484435,7.121255,6.9698415,8.51
2021-11-06 14:49:59.999996,2021-11-06 20:00:00.000003,31,7.755174,7.1234617,6.9698415,7.82
2021-11-06 14:49:59.999996,2021-11-06 20:09:59.999998,32,8.024384,7.1253257,6.9698415,7.9
2021-11-06 14:49:59.999996,2021-11-06 20:20:00.000002,33,8.786168,7.126885,6.9698415,8.98
2021-11-06 14:49:59.999996,2021-11-06 20:29:59.999997,34,8.9141865,7.128179,6.9698415,8.7
2021-11-06 14:49:59.999996,2021-11-06 20:40:00.000001,35,8.525953,7.1292434,6.9698415,8.67
2021-11-06 14:49:59.999996,2021-11-06 20:49:59.999996,36,8.289915,7.1301107,6.9698415,8.29
2021-11-06 15:00:00.000000,2021-11-06 15:10:00.000004,1,7.4757524,7.302526,6.9493747,7.63
2021-11-06 15:00:00.000000,2021-11-06 15:19:59.999999,2,8.06669,7.1952353,6.9493747,8.07
2021-11-06 15:00:00.000000,2021-11-06 15:30:00.000003,3,8.087277,7.1040225,6.9493747,8.02
2021-11-06 15:00:00.000000,2021-11-06 15:39:59.999998,4,7.7876616,7.0248537,6.9493747,7.62
2021-11-06 15:00:00.000000,2021-11-06 15:50:00.000002,5,7.7287307,6.965634,6.9493747,8.04
2021-11-06 15:00:00.000000,2021-11-06 15:59:59.999997,6,7.894178,6.926491,6.9493747,7.78
2021-11-06 15:00:00.000000,2021-11-06 16:10:00.000001,7,7.9750113,6.9044037,6.9493747,7.89
2021-11-06 15:00:00.000000,2021-11-06 16:19:59.999996,8,7.8745565,6.8955746,6.9493747,7.91
2021-11-06 15:00:00.000000,2021-11-06 16:30:00.000000,9,7.644979,6.896423,6.9493747,7.68
2021-11-06 15:00:00.000000,2021-11-06 16:40:00.000004,10,7.3596215,6.903945,6.9493747,7.39
2021-11-06 15:00:00.000000,2021-11-06 16:49:59.999999,11,7.1281385,6.915769,6.9493747,7.09
2021-11-06 15:00:00.000000,2021-11-06 17:00:00.000003,12,7.042628,6.930116,6.9493747,6.94
2021-11-06 15:00:00.000000,2021-11-06 17:09:59.999998,13,7.0871067,6.9457026,6.9493747,7.27
2021-11-06 15:00:00.000000,2021-11-06 17:20:00.000002,14,7.1754417,6.9616323,6.9493747,7.1
2021-11-06 15:00:00.000000,2021-11-06 17:29:59.999997,15,7.261747,6.9773045,6.9493747,7.18
2021-11-06 15:00:00.000000,2021-11-06 17:40:00.000001,16,7.2982645,6.9923344,6.9493747,7.46
2021-11-06 15:00:00.000000,2021-11-06 17:49:59.999996,17,7.2472672,7.006484,6.9493747,7.04
2021-11-06 15:00:00.000000,2021-11-06 18:00:00.000000,18,7.3222547,7.01963,6.9493747,7.55
2021-11-06 15:00:00.000000,2021-11-06 18:10:00.000004,19,7.7430706,7.0317063,6.9493747,7.64
2021-11-06 15:00:00.000000,2021-11-06 18:19:59.999999,20,8.10339,7.042704,6.9493747,7.97
2021-11-06 15:00:00.000000,2021-11-06 18:30:00.000003,21,7.8894243,7.0526404,6.9493747,8.08
2021-11-06 15:00:00.000000,2021-11-06 18:39:59.999998,22,7.5975237,7.061555,6.9493747,7.64
2021-11-06 15:00:00.000000,2021-11-06 18:50:00.000002,23,7.987655,7.0694985,6.9493747,7.71
2021-11-06 15:00:00.000000,2021-11-06 18:59:59.999997,24,8.528751,7.076531,6.9493747,8.79
2021-11-06 15:00:00.000000,2021-11-06 19:10:00.000001,25,8.323731,7.082716,6.9493747,8.27
2021-11-06 15:00:00.000000,2021-11-06 19:19:59.999996,26,7.97074,7.0881214,6.9493747,7.8
2021-11-06 15:00:00.000000,2021-11-06 19:30:00.000000,27,8.433108,7.092813,6.9493747,8.7
2021-11-06 15:00:00.000000,2021-11-06 19:40:00.000004,28,8.969177,7.096857,6.9493747,8.79
2021-11-06 15:00:00.000000,2021-11-06 19:49:59.999999,29,8.484435,7.1003194,6.9493747,8.51
2021-11-06 15:00:00.000000,2021-11-06 20:00:00.000003,30,7.755174,7.1032624,6.9493747,7.82
2021-11-06 15:00:00.000000,2021-11-06 20:09:59.999998,31,8.024384,7.1057453,6.9493747,7.9
2021-11-06 15:00:00.000000,2021-11-06 20:20:00.000002,32,8.786168,7.1078234,6.9493747,8.98
2021-11-06 15:00:00.000000,2021-11-06 20:29:59.999997,33,8.9141865,7.109549,6.9493747,8.7
2021-11-06 15:00:00.000000,2021-11-06 20:40:00.000001,34,8.525953,7.1109695,6.9493747,8.67
2021-11-06 15:00:00.000000,2021-11-06 20:49:59.999996,35,8.289915,7.112127,6.9493747,8.29
2021-11-06 15:00:00.000000,2021-11-06 21:00:00.000000,36,8.178341,7.1130624,6.9493747,8.05
2021-11-06 15:10:00.000004,2021-11-06 15:19:59.999999,1,8.06669,7.283679,7.4757524,8.07
2021-11-06 15:10:00.000004,2021-11-06 15:30:00.000003,2,8.087277,7.231864,7.4757524,8.02
2021-11-06 15:10:00.000004,2021-11-06 15:39:59.999998,3,7.7876616,7.188694,7.4757524,7.62
2021-11-06 15:10:00.000004,2021-11-06 15:50:00.000002,4,7.7287307,7.1501465,7.4757524,8.04
2021-11-06 15:10:00.000004,2021-11-06 15:59:59.999997,5,7.894178,7.1246057,7.4757524,7.78
2021-11-06 15:10:00.000004,2021-11-06 16:10:00.000001,6,7.9750113,7.1130447,7.4757524,7.89
2021-11-06 15:10:00.000004,2021-11-06 16:19:59.999996,7,7.8745565,7.1133432,7.4757524,7.91
2021-11-06 15:10:00.000004,2021-11-06 16:30:00.000000,8,7.644979,7.1225424,7.4757524,7.68
2021-11-06 15:10:00.000004,2021-11-06 16:40:00.000004,9,7.3596215,7.137801,7.4757524,7.39
2021-11-06 15:10:00.000004,2021-11-06 16:49:59.999999,10,7.1281385,7.156749,7.4757524,7.09
2021-11-06 15:10:00.000004,2021-11-06 17:00:00.000003,11,7.042628,7.177556,7.4757524,6.94
2021-11-06 15:10:00.000004,2021-11-06 17:09:59.999998,12,7.0871067,7.1989,7.4757524,7.27
2021-11-06 15:10:00.000004,2021-11-06 17:20:00.000002,13,7.1754417,7.2198734,7.4757524,7.1
2021-11-06 15:10:00.000004,2021-11-06 17:29:59.999997,14,7.261747,7.2398973,7.4757524,7.18
2021-11-06 15:10:00.000004,2021-11-06 17:40:00.000001,15,7.2982645,7.2586317,7.4757524,7.46
2021-11-06 15:10:00.000004,2021-11-06 17:49:59.999996,16,7.2472672,7.275901,7.4757524,7.04
2021-11-06 15:10:00.000004,2021-11-06 18:00:00.000000,17,7.3222547,7.2916503,7.4757524,7.55
2021-11-06 15:10:00.000004,2021-11-06 18:10:00.000004,18,7.7430706,7.3058896,7.4757524,7.64
2021-11-06 15:10:00.000004,2021-11-06 18:19:59.999999,19,8.10339,7.3186765,7.4757524,7.97
2021-11-06 15:10:00.000004,2021-11-06 18:30:00.000003,20,7.8894243,7.330093,7.4757524,8.08
2021-11-06 15:10:00.000004,2021-11-06 18:39:59.999998,21,7.5975237,7.3402286,7.4757524,7.64
2021-11-06 15:10:00.000004,2021-11-06 18:50:00.000002,22,7.987655,7.349184,7.4757524,7.71
2021-11-06 15:10:00.000004,2021-11-06 18:59:59.999997,23,8.528751,7.357059,7.4757524,8.79
2021-11-06 15:10:00.000004,2021-11-06 19:10:00.000001,24,8.323731,7.363944,7.4757524,8.27
2021-11-06 15:10:00.000004,2021-11-06 19:19:59.999996,25,7.97074,7.369935,7.4757524,7.8
2021-11-06 15:10:00.000004,2021-11-06 19:30:00.000000,26,8.433108,7.375118,7.4757524,8.7
2021-11-06 15:10:00.000004,2021-11-06 19:40:00.000004,27,8.969177,7.3795757,7.4757524,8.79
2021-11-06 15:10:00.000004,2021-11-06 19:49:59.999999,28,8.484435,7.383386,7.4757524,8.51
2021-11-06 15:10:00.000004,2021-11-06 20:00:00.000003,29,7.755174,7.386622,7.4757524,7.82
2021-11-06 15:10:00.000004,2021-11-06 20:09:59.999998,30,8.024384,7.3893514,7.4757524,7.9
2021-11-06 15:10:00.000004,2021-11-06 20:20:00.000002,31,8.786168,7.3916354,7.4757524,8.98
2021-11-06 15:10:00.000004,2021-11-06 20:29:59.999997,32,8.9141865,7.3935337,7.4757524,8.7
2021-11-06 15:10:00.000004,2021-11-06 20:40:00.000001,33,8.525953,7.3950973,7.4757524,8.67
2021-11-06 15:10:00.000004,2021-11-06 20:49:59.999996,34,8.289915,7.396372,7.4757524,8.29
2021-11-06 15:10:00.000004,2021-11-06 21:00:00.000000,35,8.178341,7.3974023,7.4757524,8.05
2021-11-06 15:10:00.000004,2021-11-06 21:10:00.000004,36,7.906428,7.3982263,7.4757524,7.97
2021-11-06 15:19:59.999999,2021-11-06 15:30:00.000003,1,8.087277,7.299471,8.06669,8.02
2021-11-06 15:19:59.999999,2021-11-06 15:39:59.999998,2,7.7876616,7.3053823,8.06669,7.62
2021-11-06 15:19:59.999999,2021-11-06 15:50:00.000002,3,7.7287307,7.3132443,8.06669,8.04
2021-11-06 15:19:59.999999,2021-11-06 15:59:59.999997,4,7.894178,7.318657,8.06669,7.78
2021-11-06 15:19:59.999999,2021-11-06 16:10:00.000001,5,7.9750113,7.329858,8.06669,7.89
2021-11-06 15:19:59.999999,2021-11-06 16:19:59.999996,6,7.8745565,7.3483763,8.06669,7.91
2021-11-06 15:19:59.999999,2021-11-06 16:30:00.000000,7,7.644979,7.372904,8.06669,7.68
2021-11-06 15:19:59.999999,2021-11-06 16:40:00.000004,8,7.3596215,7.4013453,8.06669,7.39
2021-11-06 15:19:59.999999,2021-11-06 16:49:59.999999,9,7.1281385,7.4316726,8.06669,7.09
2021-11-06 15:19:59.999999,2021-11-06 17:00:00.000003,10,7.042628,7.4622474,8.06669,6.94
2021-11-06 15:19:59.999999,2021-11-06 17:09:59.999998,11,7.0871067,7.4918733,8.06669,7.27
2021-11-06 15:19:59.999999,2021-11-06 17:20:00.000002,12,7.1754417,7.5197697,8.06669,7.1
2021-11-06 15:19:59.999999,2021-11-06 17:29:59.999997,13,7.261747,7.545488,8.06669,7.18
2021-11-06 15:19:59.999999,2021-11-06 17:40:00.000001,14,7.2982645,7.568833,8.06669,7.46
2021-11-06 15:19:59.999999,2021-11-06 17:49:59.999996,15,7.2472672,7.5897818,8.06669,7.04
2021-11-06 15:19:59.999999,2021-11-06 18:00:00.000000,16,7.3222547,7.6084185,8.06669,7.55
2021-11-06 15:19:59.999999,2021-11-06 18:10:00.000004,17,7.7430706,7.624899,8.06669,7.64
2021-11-06 15:19:59.999999,2021-11-06 18:19:59.999999,18,8.10339,7.6394014,8.06669,7.97
2021-11-06 15:19:59.999999,2021-11-06 18:30:00.000003,19,7.8894243,7.652118,8.06669,8.08
2021-11-06 15:19:59.999999,2021-11-06 18:39:59.999998,20,7.5975237,7.6632338,8.06669,7.64
2021-11-06 15:19:59.999999,2021-11-06 18:50:00.000002,21,7.987655,7.6729217,8.06669,7.71
2021-11-06 15:19:59.999999,2021-11-06 18:59:59.999997,22,8.528751,7.6813445,8.06669,8.79
2021-11-06 15:19:59.999999,2021-11-06 19:10:00.000001,23,8.323731,7.6886415,8.06669,8.27
2021-11-06 15:19:59.999999,2021-11-06 19:19:59.999996,24,7.97074,7.6949444,8.06669,7.8
2021-11-06 15:19:59.999999,2021-11-06 19:30:00.000000,25,8.433108,7.700366,8.06669,8.7
2021-11-06 15:19:59.999999,2021-11-06 19:40:00.000004,26,8.969177,7.7050133,8.06669,8.79
2021-11-06 15:19:59.999999,2021-11-06 19:49:59.999999,27,8.484435,7.7089744,8.06669,8.51
2021-11-06 15:19:59.999999,2021-11-06 20:00:00.000003,28,7.755174,7.712335,8.06669,7.82
2021-11-06 15:19:59.999999,2021-11-06 20:09:59.999998,29,8.024384,7.7151694,8.06669,7.9
2021-11-06 15:19:59.999999,2021-11-06 20:20:00.000002,30,8.786168,7.7175436,8.06669,8.98
2021-11-06 15:19:59.999999,2021-11-06 20:29:59.999997,31,8.9141865,7.71952,8.06669,8.7
2021-11-06 15:19:59.999999,2021-11-06 20:40:00.000001,32,8.525953,7.721152,8.06669,8.67
2021-11-06 15:19:59.999999,2021-11-06 20:49:59.999996,33,8.289915,7.7224884,8.06669,8.29
2021-11-06 15:19:59.999999,2021-11-06 21:00:00.000000,34,8.178341,7.723574,8.06669,8.05
2021-11-06 15:19:59.999999,2021-11-06 21:10:00.000004,35,7.906428,7.7244463,8.06669,7.97
2021-11-06 15:19:59.999999,2021-11-06 21:19:59.999999,36,7.677072,7.7251377,8.06669,7.88
2021-11-06 15:30:00.000003,2021-11-06 15:39:59.999998,1,7.7876616,7.308261,8.087277,7.62
2021-11-06 15:30:00.000003,2021-11-06 15:50:00.000002,2,7.7287307,7.3301067,8.087277,8.04
2021-11-06 15:30:00.000003,2021-11-06 15:59:59.999997,3,7.894178,7.3490148,8.087277,7.78
2021-11-06 15:30:00.000003,2021-11-06 16:10:00.000001,4,7.9750113,7.3614163,8.087277,7.89
2021-11-06 15:30:00.000003,2021-11-06 16:19:59.999996,5,7.8745565,7.376248,8.087277,7.91
2021-11-06 15:30:00.000003,2021-11-06 16:30:00.000000,6,7.644979,7.395749,8.087277,7.68
2021-11-06 15:30:00.000003,2021-11-06 16:40:00.000004,7,7.3596215,7.4193034,8.087277,7.39
2021-11-06 15:30:00.000003,2021-11-06 16:49:59.999999,8,7.1281385,7.445413,8.087277,7.09
2021-11-06 15:30:00.000003,2021-11-06 17:00:00.000003,9,7.042628,7.472545,8.087277,6.94
2021-11-06 15:30:00.000003,2021-11-06 17:09:59.999998,10,7.0871067,7.499442,8.087277,7.27
2021-11-06 15:30:00.000003,2021-11-06 17:20:00.000002,11,7.1754417,7.525198,8.087277,7.1
2021-11-06 15:30:00.000003,2021-11-06 17:29:59.999997,12,7.261747,7.5492425,8.087277,7.18
2021-11-06 15:30:00.000003,2021-11-06 17:40:00.000001,13,7.2982645,7.571266,8.087277,7.46
2021-11-06 15:30:00.000003,2021-11-06 17:49:59.999996,14,7.2472672,7.591165,8.087277,7.04
2021-11-06 15:30:00.000003,2021-11-06 18:00:00.000000,15,7.3222547,7.608969,8.087277,7.55
2021-11-06 15:30:00.000003,2021-11-06 18:10:00.000004,16,7.7430706,7.6247907,8.087277,7.64
2021-11-06 15:30:00.000003,2021-11-06 18:19:59.999999,17,8.10339,7.638785,8.087277,7.97
2021-11-06 15:30:00.000003,2021-11-06 18:30:00.000003,18,7.8894243,7.6511235,8.087277,8.08
2021-11-06 15:30:00.000003,2021-11-06 18:39:59.999998,19,7.5975237,7.661976,8.087277,7.64
2021-11-06 15:30:00.000003,2021-11-06 18:50:00.000002,20,7.987655,7.6715074,8.087277,7.71
2021-11-06 15:30:00.000003,2021-11-06 18:59:59.999997,21,8.528751,7.679863,8.087277,8.79
2021-11-06 15:30:00.000003,2021-11-06 19:10:00.000001,22,8.323731,7.687172,8.087277,8.27
2021-11-06 15:30:00.000003,2021-11-06 19:19:59.999996,23,7.97074,7.693553,8.087277,7.8
2021-11-06 15:30:00.000003,2021-11-06 19:30:00.000000,24,8.433108,7.6991067,8.087277,8.7
2021-11-06 15:30:00.000003,2021-11-06 19:40:00.000004,25,8.969177,7.703926,8.087277,8.79
2021-11-06 15:30:00.000003,2021-11-06 19:49:59.999999,26,8.484435,7.708091,8.087277,8.51
2021-11-06 15:30:00.000003,2021-11-06 20:00:00.000003,27,7.755174,7.7116737,8.087277,7.82
2021-11-06 15:30:00.000003,2021-11-06 20:09:59.999998,28,8.024384,7.7147417,8.087277,7.9
2021-11-06 15:30:00.000003,2021-11-06 20:20:00.000002,29,8.786168,7.7173524,8.087277,8.98
2021-11-06 15:30:00.000003,2021-11-06 20:29:59.999997,30,8.9141865,7.7195616,8.087277,8.7
2021-11-06 15:30:00.000003,2021-11-06 20:40:00.000001,31,8.525953,7.7214165,8.087277,8.67
2021-11-06 15:30:00.000003,2021-11-06 20:49:59.999996,32,8.289915,7.7229657,8.087277,8.29
2021-11-06 15:30:00.000003,2021-11-06 21:00:00.000000,33,8.178341,7.7242484,8.087277,8.05
2021-11-06 15:30:00.000003,2021-11-06 21:10:00.000004,34,7.906428,7.7253013,8.087277,7.97
2021-11-06 15:30:00.000003,2021-11-06 21:19:59.999999,35,7.677072,7.7261567,8.087277,7.88
2021-11-06 15:30:00.000003,2021-11-06 21:30:00.000003,36,7.7425747,7.7268467,8.087277,7.37
2021-11-06 15:39:59.999998,2021-11-06 15:50:00.000002,1,7.7287307,7.28707,7.7876616,8.04
2021-11-06 15:39:59.999998,2021-11-06 15:59:59.999997,2,7.894178,7.2971034,7.7876616,7.78
2021-11-06 15:39:59.999998,2021-11-06 16:10:00.000001,3,7.9750113,7.3028216,7.7876616,7.89
2021-11-06 15:39:59.999998,2021-11-06 16:19:59.999996,4,7.8745565,7.3013053,7.7876616,7.91
2021-11-06 15:39:59.999998,2021-11-06 16:30:00.000000,5,7.644979,7.302266,7.7876616,7.68
2021-11-06 15:39:59.999998,2021-11-06 16:40:00.000004,6,7.3596215,7.308345,7.7876616,7.39
2021-11-06 15:39:59.999998,2021-11-06 16:49:59.999999,7,7.1281385,7.3191743,7.7876616,7.09
2021-11-06 15:39:59.999998,2021-11-06 17:00:00.000003,8,7.042628,7.3334317,7.7876616,6.94
2021-11-06 15:39:59.999998,2021-11-06 17:09:59.999998,9,7.0871067,7.3497043,7.7876616,7.27
2021-11-06 15:39:59.999998,2021-11-06 17:20:00.000002,10,7.1754417,7.366804,7.7876616,7.1
2021-11-06 15:39:59.999998,2021-11-06 17:29:59.999997,11,7.261747,7.383849,7.7876616,7.18
2021-11-06 15:39:59.999998,2021-11-06 17:40:00.000001,12,7.2982645,7.400252,7.7876616,7.46
2021-11-06 15:39:59.999998,2021-11-06 17:49:59.999996,13,7.2472672,7.415656,7.7876616,7.04
2021-11-06 15:39:59.999998,2021-11-06 18:00:00.000000,14,7.3222547,7.4298925,7.7876616,7.55
2021-11-06 15:39:59.999998,2021-11-06 18:10:00.000004,15,7.7430706,7.442906,7.7876616,7.64
2021-11-06 15:39:59.999998,2021-11-06 18:19:59.999999,16,8.10339,7.45472,7.7876616,7.97
2021-11-06 15:39:59.999998,2021-11-06 18:30:00.000003,17,7.8894243,7.465396,7.7876616,8.08
2021-11-06 15:39:59.999998,2021-11-06 18:39:59.999998,18,7.5975237,7.475022,7.7876616,7.64
2021-11-06 15:39:59.999998,2021-11-06 18:50:00.000002,19,7.987655,7.4836783,7.7876616,7.71
2021-11-06 15:39:59.999998,2021-11-06 18:59:59.999997,20,8.528751,7.491451,7.7876616,8.79
2021-11-06 15:39:59.999998,2021-11-06 19:10:00.000001,21,8.323731,7.498417,7.7876616,8.27
2021-11-06 15:39:59.999998,2021-11-06 19:19:59.999996,22,7.97074,7.504643,7.7876616,7.8
2021-11-06 15:39:59.999998,2021-11-06 19:30:00.000000,23,8.433108,7.510191,7.7876616,8.7
2021-11-06 15:39:59.999998,2021-11-06 19:40:00.000004,24,8.969177,7.515117,7.7876616,8.79
2021-11-06 15:39:59.999998,2021-11-06 19:49:59.999999,25,8.484435,7.519472,7.7876616,8.51
2021-11-06 15:39:59.999998,2021-11-06 20:00:00.000003,26,7.755174,7.5233026,7.7876616,7.82
2021-11-06 15:39:59.999998,2021-11-06 20:09:59.999998,27,8.024384,7.5266566,7.7876616,7.9
2021-11-06 15:39:59.999998,2021-11-06 20:20:00.000002,28,8.786168,7.5295715,7.7876616,8.98
2021-11-06 15:39:59.999998,2021-11-06 20:29:59.999997,29,8.9141865,7.5320926,7.7876616,8.7
2021-11-06 15:39:59.999998,2021-11-06 20:40:00.000001,30,8.525953,7.534256,7.7876616,8.67
2021-11-06 15:39:59.999998,2021-11-06 20:49:59.999996,31,8.289915,7.5360994,7.7876616,8.29
2021-11-06 15:39:59.999998,2021-11-06 21:00:00.000000,32,8.178341,7.5376606,7.7876616,8.05
2021-11-06 15:39:59.999998,2021-11-06 21:10:00.000004,33,7.906428,7.538971,7.7876616,7.97
2021-11-06 15:39:59.999998,2021-11-06 21:19:59.999999,34,7.677072,7.5400615,7.7876616,7.88
2021-11-06 15:39:59.999998,2021-11-06 21:30:00.000003,35,7.7425747,7.540964,7.7876616,7.37
2021-11-06 15:39:59.999998,2021-11-06 21:39:59.999998,36,7.821533,7.5417004,7.7876616,8.06
2021-11-06 15:50:00.000002,2021-11-06 15:59:59.999997,1,7.894178,7.288252,7.7287307,7.78
2021-11-06 15:50:00.000002,2021-11-06 16:10:00.000001,2,7.9750113,7.2927337,7.7287307,7.89
2021-11-06 15:50:00.000002,2021-11-06 16:19:59.999996,3,7.8745565,7.2952137,7.7287307,7.91
2021-11-06 15:50:00.000002,2021-11-06 16:30:00.000000,4,7.644979,7.2918015,7.7287307,7.68
2021-11-06 15:50:00.000002,2021-11-06 16:40:00.000004,5,7.3596215,7.2913566,7.7287307,7.39
2021-11-06 15:50:00.000002,2021-11-06 16:49:59.999999,6,7.1281385,7.296048,7.7287307,7.09
2021-11-06 15:50:00.000002,2021-11-06 17:00:00.000003,7,7.042628,7.305286,7.7287307,6.94
2021-11-06 15:50:00.000002,2021-11-06 17:09:59.999998,8,7.0871067,7.31769,7.7287307,7.27
2021-11-06 15:50:00.000002,2021-11-06 17:20:00.000002,9,7.1754417,7.331876,7.7287307,7.1
2021-11-06 15:50:00.000002,2021-11-06 17:29:59.999997,10,7.261747,7.346718,7.7287307,7.18
2021-11-06 15:50:00.000002,2021-11-06 17:40:00.000001,11,7.2982645,7.3614163,7.7287307,7.46
2021-11-06 15:50:00.000002,2021-11-06 17:49:59.999996,12,7.2472672,7.375453,7.7287307,7.04
2021-11-06 15:50:00.000002,2021-11-06 18:00:00.000000,13,7.3222547,7.3885446,7.7287307,7.55
2021-11-06 15:50:00.000002,2021-11-06 18:10:00.000004,14,7.7430706,7.4005685,7.7287307,7.64
2021-11-06 15:50:00.000002,2021-11-06 18:19:59.999999,15,8.10339,7.41151,7.7287307,7.97
2021-11-06 15:50:00.000002,2021-11-06 18:30:00.000003,16,7.8894243,7.4214177,7.7287307,8.08
2021-11-06 15:50:00.000002,2021-11-06 18:39:59.999998,17,7.5975237,7.430369,7.7287307,7.64
2021-11-06 15:50:00.000002,2021-11-06 18:50:00.000002,18,7.987655,7.4384537,7.7287307,7.71
2021-11-06 15:50:00.000002,2021-11-06 18:59:59.999997,19,8.528751,7.4457536,7.7287307,8.79
2021-11-06 15:50:00.000002,2021-11-06 19:10:00.000001,20,8.323731,7.4523473,7.7287307,8.27
2021-11-06 15:50:00.000002,2021-11-06 19:19:59.999996,21,7.97074,7.4582953,7.7287307,7.8
2021-11-06 15:50:00.000002,2021-11-06 19:30:00.000000,22,8.433108,7.463656,7.7287307,8.7
2021-11-06 15:50:00.000002,2021-11-06 19:40:00.000004,23,8.969177,7.4684777,7.7287307,8.79
2021-11-06 15:50:00.000002,2021-11-06 19:49:59.999999,24,8.484435,7.472797,7.7287307,8.51
2021-11-06 15:50:00.000002,2021-11-06 20:00:00.000003,25,7.755174,7.4766517,7.7287307,7.82
2021-11-06 15:50:00.000002,2021-11-06 20:09:59.999998,26,8.024384,7.4800763,7.7287307,7.9
2021-11-06 15:50:00.000002,2021-11-06 20:20:00.000002,27,8.786168,7.483099,7.7287307,8.98
2021-11-06 15:50:00.000002,2021-11-06 20:29:59.999997,28,8.9141865,7.485753,7.7287307,8.7
2021-11-06 15:50:00.000002,2021-11-06 20:40:00.000001,29,8.525953,7.4880686,7.7287307,8.67
2021-11-06 15:50:00.000002,2021-11-06 20:49:59.999996,30,8.289915,7.4900727,7.7287307,8.29
2021-11-06 15:50:00.000002,2021-11-06 21:00:00.000000,31,8.178341,7.491797,7.7287307,8.05
2021-11-06 15:50:00.000002,2021-11-06 21:10:00.000004,32,7.906428,7.4932675,7.7287307,7.97
2021-11-06 15:50:00.000002,2021-11-06 21:19:59.999999,33,7.677072,7.494513,7.7287307,7.88
2021-11-06 15:50:00.000002,2021-11-06 21:30:00.000003,34,7.7425747,7.4955597,7.7287307,7.37
2021-11-06 15:50:00.000002,2021-11-06 21:39:59.999998,35,7.821533,7.4964314,7.7287307,8.06
2021-11-06 15:50:00.000002,2021-11-06 21:50:00.000002,36,7.57925,7.4971514,7.7287307,7.62
2021-11-06 15:59:59.999997,2021-11-06 16:10:00.000001,1,7.9750113,7.2901225,7.894178,7.89
2021-11-06 15:59:59.999997,2021-11-06 16:19:59.999996,2,7.8745565,7.311189,7.894178,7.91
2021-11-06 15:59:59.999997,2021-11-06 16:30:00.000000,3,7.644979,7.327988,7.894178,7.68
2021-11-06 15:59:59.999997,2021-11-06 16:40:00.000004,4,7.3596215,7.336765,7.894178,7.39
2021-11-06 15:59:59.999997,2021-11-06 16:49:59.999999,5,7.1281385,7.346422,7.894178,7.09
2021-11-06 15:59:59.999997,2021-11-06 17:00:00.000003,6,7.042628,7.359284,7.894178,6.94
2021-11-06 15:59:59.999997,2021-11-06 17:09:59.999998,7,7.0871067,7.374989,7.894178,7.27
2021-11-06 15:59:59.999997,2021-11-06 17:20:00.000002,8,7.1754417,7.3924055,7.894178,7.1
2021-11-06 15:59:59.999997,2021-11-06 17:29:59.999997,9,7.261747,7.410396,7.894178,7.18
2021-11-06 15:59:59.999997,2021-11-06 17:40:00.000001,10,7.2982645,7.4280634,7.894178,7.46
2021-11-06 15:59:59.999997,2021-11-06 17:49:59.999996,11,7.2472672,7.4448,7.894178,7.04
2021-11-06 15:59:59.999997,2021-11-06 18:00:00.000000,12,7.3222547,7.46026,7.894178,7.55
2021-11-06 15:59:59.999997,2021-11-06 18:10:00.000004,13,7.7430706,7.474296,7.894178,7.64
2021-11-06 15:59:59.999997,2021-11-06 18:19:59.999999,14,8.10339,7.486896,7.894178,7.97
2021-11-06 15:59:59.999997,2021-11-06 18:30:00.000003,15,7.8894243,7.498141,7.894178,8.08
2021-11-06 15:59:59.999997,2021-11-06 18:39:59.999998,16,7.5975237,7.508152,7.894178,7.64
2021-11-06 15:59:59.999997,2021-11-06 18:50:00.000002,17,7.987655,7.517063,7.894178,7.71
2021-11-06 15:59:59.999997,2021-11-06 18:59:59.999997,18,8.528751,7.5250072,7.894178,8.79
2021-11-06 15:59:59.999997,2021-11-06 19:10:00.000001,19,8.323731,7.532103,7.894178,8.27
2021-11-06 15:59:59.999997,2021-11-06 19:19:59.999996,20,7.97074,7.5384545,7.894178,7.8
2021-11-06 15:59:59.999997,2021-11-06 19:30:00.000000,21,8.433108,7.544145,7.894178,8.7
2021-11-06 15:59:59.999997,2021-11-06 19:40:00.000004,22,8.969177,7.5492425,7.894178,8.79
2021-11-06 15:59:59.999997,2021-11-06 19:49:59.999999,23,8.484435,7.553806,7.894178,8.51
2021-11-06 15:59:59.999997,2021-11-06 20:00:00.000003,24,7.755174,7.557882,7.894178,7.82
2021-11-06 15:59:59.999997,2021-11-06 20:09:59.999998,25,8.024384,7.561509,7.894178,7.9
2021-11-06 15:59:59.999997,2021-11-06 20:20:00.000002,26,8.786168,7.5647254,7.894178,8.98
2021-11-06 15:59:59.999997,2021-11-06 20:29:59.999997,27,8.9141865,7.5675626,7.894178,8.7
2021-11-06 15:59:59.999997,2021-11-06 20:40:00.000001,28,8.525953,7.5700493,7.894178,8.67
2021-11-06 15:59:59.999997,2021-11-06 20:49:59.999996,29,8.289915,7.5722194,7.894178,8.29
2021-11-06 15:59:59.999997,2021-11-06 21:00:00.000000,30,8.178341,7.5740957,7.894178,8.05
2021-11-06 15:59:59.999997,2021-11-06 21:10:00.000004,31,7.906428,7.57571,7.894178,7.97
2021-11-06 15:59:59.999997,2021-11-06 21:19:59.999999,32,7.677072,7.577088,7.894178,7.88
2021-11-06 15:59:59.999997,2021-11-06 21:30:00.000003,33,7.7425747,7.5782547,7.894178,7.37
2021-11-06 15:59:59.999997,2021-11-06 21:39:59.999998,34,7.821533,7.5792346,7.894178,8.06
2021-11-06 15:59:59.999997,2021-11-06 21:50:00.000002,35,7.57925,7.5800495,7.894178,7.62
2021-11-06 15:59:59.999997,2021-11-06 21:59:59.999997,36,7.240751,7.580723,7.894178,7.03
2021-11-06 16:10:00.000001,2021-11-06 16:19:59.999996,1,7.8745565,7.306187,7.9750113,7.91
2021-11-06 16:10:00.000001,2021-11-06 16:30:00.000000,2,7.644979,7.3319993,7.9750113,7.68
2021-11-06 16:10:00.000001,2021-11-06 16:40:00.000004,3,7.3596215,7.3559847,7.9750113,7.39
2021-11-06 16:10:00.000001,2021-11-06 16:49:59.999999,4,7.1281385,7.3725905,7.9750113,7.09
2021-11-06 16:10:00.000001,2021-11-06 17:00:00.000003,5,7.042628,7.3895087,7.9750113,6.94
2021-11-06 16:10:00.000001,2021-11-06 17:09:59.999998,6,7.0871067,7.4083886,7.9750113,7.27
2021-11-06 16:10:00.000001,2021-11-06 17:20:00.000002,7,7.1754417,7.428615,7.9750113,7.1
2021-11-06 16:10:00.000001,2021-11-06 17:29:59.999997,8,7.261747,7.4490776,7.9750113,7.18
2021-11-06 16:10:00.000001,2021-11-06 17:40:00.000001,9,7.2982645,7.4688044,7.9750113,7.46
2021-11-06 16:10:00.000001,2021-11-06 17:49:59.999996,10,7.2472672,7.4871225,7.9750113,7.04
2021-11-06 16:10:00.000001,2021-11-06 18:00:00.000000,11,7.3222547,7.503665,7.9750113,7.55
2021-11-06 16:10:00.000001,2021-11-06 18:10:00.000004,12,7.7430706,7.5183034,7.9750113,7.64
2021-11-06 16:10:00.000001,2021-11-06 18:19:59.999999,13,8.10339,7.531087,7.9750113,7.97
2021-11-06 16:10:00.000001,2021-11-06 18:30:00.000003,14,7.8894243,7.542166,7.9750113,8.08
2021-11-06 16:10:00.000001,2021-11-06 18:39:59.999998,15,7.5975237,7.5517483,7.9750113,7.64
2021-11-06 16:10:00.000001,2021-11-06 18:50:00.000002,16,7.987655,7.5600486,7.9750113,7.71
2021-11-06 16:10:00.000001,2021-11-06 18:59:59.999997,17,8.528751,7.5672765,7.9750113,8.79
2021-11-06 16:10:00.000001,2021-11-06 19:10:00.000001,18,8.323731,7.573615,7.9750113,8.27
2021-11-06 16:10:00.000001,2021-11-06 19:19:59.999996,19,7.97074,7.579212,7.9750113,7.8
2021-11-06 16:10:00.000001,2021-11-06 19:30:00.000000,20,8.433108,7.5841947,7.9750113,8.7
2021-11-06 16:10:00.000001,2021-11-06 19:40:00.000004,21,8.969177,7.588652,7.9750113,8.79
2021-11-06 16:10:00.000001,2021-11-06 19:49:59.999999,22,8.484435,7.5926566,7.9750113,8.51
2021-11-06 16:10:00.000001,2021-11-06 20:00:00.000003,23,7.755174,7.59626,7.9750113,7.82
2021-11-06 16:10:00.000001,2021-11-06 20:09:59.999998,24,8.024384,7.599501,7.9750113,7.9
2021-11-06 16:10:00.000001,2021-11-06 20:20:00.000002,25,8.786168,7.602412,7.9750113,8.98
2021-11-06 16:10:00.000001,2021-11-06 20:29:59.999997,26,8.9141865,7.605017,7.9750113,8.7
2021-11-06 16:10:00.000001,2021-11-06 20:40:00.000001,27,8.525953,7.6073356,7.9750113,8.67
2021-11-06 16:10:00.000001,2021-11-06 20:49:59.999996,28,8.289915,7.609389,7.9750113,8.29
2021-11-06 16:10:00.000001,2021-11-06 21:00:00.000000,29,8.178341,7.6111956,7.9750113,8.05
2021-11-06 16:10:00.000001,2021-11-06 21:10:00.000004,30,7.906428,7.6127734,7.9750113,7.97
2021-11-06 16:10:00.000001,2021-11-06 21:19:59.999999,31,7.677072,7.6141424,7.9750113,7.88
2021-11-06 16:10:00.000001,2021-11-06 21:30:00.000003,32,7.7425747,7.6153183,7.9750113,7.37
2021-11-06 16:10:00.000001,2021-11-06 21:39:59.999998,33,7.821533,7.6163225,7.9750113,8.06
2021-11-06 16:10:00.000001,2021-11-06 21:50:00.000002,34,7.57925,7.6171713,7.9750113,7.62
2021-11-06 16:10:00.000001,2021-11-06 21:59:59.999997,35,7.240751,7.617884,7.9750113,7.03
2021-11-06 16:10:00.000001,2021-11-06 22:10:00.000001,36,7.21208,7.6184754,7.9750113,7.37
2021-11-06 16:19:59.999996,2021-11-06 16:30:00.000000,1,7.644979,7.288478,7.8745565,7.68
2021-11-06 16:19:59.999996,2021-11-06 16:40:00.000004,2,7.3596215,7.313818,7.8745565,7.39
2021-11-06 16:19:59.999996,2021-11-06 16:49:59.999999,3,7.1281385,7.335768,7.8745565,7.09
2021-11-06 16:19:59.999996,2021-11-06 17:00:00.000003,4,7.042628,7.3490653,7.8745565,6.94
2021-11-06 16:19:59.999996,2021-11-06 17:09:59.999998,5,7.0871067,7.3618555,7.8745565,7.27
2021-11-06 16:19:59.999996,2021-11-06 17:20:00.000002,6,7.1754417,7.37621,7.8745565,7.1
2021-11-06 16:19:59.999996,2021-11-06 17:29:59.999997,7,7.261747,7.391847,7.8745565,7.18
2021-11-06 16:19:59.999996,2021-11-06 17:40:00.000001,8,7.2982645,7.4078903,7.8745565,7.46
2021-11-06 16:19:59.999996,2021-11-06 17:49:59.999996,9,7.2472672,7.4235168,7.8745565,7.04
2021-11-06 16:19:59.999996,2021-11-06 18:00:00.000000,10,7.3222547,7.438144,7.8745565,7.55
2021-11-06 16:19:59.999996,2021-11-06 18:10:00.000004,11,7.7430706,7.451443,7.8745565,7.64
2021-11-06 16:19:59.999996,2021-11-06 18:19:59.999999,12,8.10339,7.4632955,7.8745565,7.97
2021-11-06 16:19:59.999996,2021-11-06 18:30:00.000003,13,7.8894243,7.4737263,7.8745565,8.08
2021-11-06 16:19:59.999996,2021-11-06 18:39:59.999998,14,7.5975237,7.4828577,7.8745565,7.64
2021-11-06 16:19:59.999996,2021-11-06 18:50:00.000002,15,7.987655,7.490851,7.8745565,7.71
2021-11-06 16:19:59.999996,2021-11-06 18:59:59.999997,16,8.528751,7.4978795,7.8745565,8.79
2021-11-06 16:19:59.999996,2021-11-06 19:10:00.000001,17,8.323731,7.5041075,7.8745565,8.27
2021-11-06 16:19:59.999996,2021-11-06 19:19:59.999996,18,7.97074,7.5096726,7.8745565,7.8
2021-11-06 16:19:59.999996,2021-11-06 19:30:00.000000,19,8.433108,7.51469,7.8745565,8.7
2021-11-06 16:19:59.999996,2021-11-06 19:40:00.000004,20,8.969177,7.5192432,7.8745565,8.79
2021-11-06 16:19:59.999996,2021-11-06 19:49:59.999999,21,8.484435,7.523398,7.8745565,8.51
2021-11-06 16:19:59.999996,2021-11-06 20:00:00.000003,22,7.755174,7.5271974,7.8745565,7.82
2021-11-06 16:19:59.999996,2021-11-06 20:09:59.999998,23,8.024384,7.5306726,7.8745565,7.9
2021-11-06 16:19:59.999996,2021-11-06 20:20:00.000002,24,8.786168,7.5338454,7.8745565,8.98
2021-11-06 16:19:59.999996,2021-11-06 20:29:59.999997,25,8.9141865,7.53673,7.8745565,8.7
2021-11-06 16:19:59.999996,2021-11-06 20:40:00.000001,26,8.525953,7.5393414,7.8745565,8.67
2021-11-06 16:19:59.999996,2021-11-06 20:49:59.999996,27,8.289915,7.54169,7.8745565,8.29
2021-11-06 16:19:59.999996,2021-11-06 21:00:00.000000,28,8.178341,7.5437884,7.8745565,8.05
2021-11-06 16:19:59.999996,2021-11-06 21:10:00.000004,29,7.906428,7.5456486,7.8745565,7.97
2021-11-06 16:19:59.999996,2021-11-06 21:19:59.999999,30,7.677072,7.5472865,7.8745565,7.88
2021-11-06 16:19:59.999996,2021-11-06 21:30:00.000003,31,7.7425747,7.548716,7.8745565,7.37
2021-11-06 16:19:59.999996,2021-11-06 21:39:59.999998,32,7.821533,7.549954,7.8745565,8.06
2021-11-06 16:19:59.999996,2021-11-06 21:50:00.000002,33,7.57925,7.5510178,7.8745565,7.62
2021-11-06 16:19:59.999996,2021-11-06 21:59:59.999997,34,7.240751,7.551921,7.8745565,7.03
2021-11-06 16:19:59.999996,2021-11-06 22:10:00.000001,35,7.21208,7.5526867,7.8745565,7.37
2021-11-06 16:19:59.999996,2021-11-06 22:19:59.999996,36,7.508643,7.5533276,7.8745565,7.61
2021-11-06 16:30:00.000000,2021-11-06 16:40:00.000004,1,7.3596215,7.2701416,7.644979,7.39
2021-11-06 16:30:00.000000,2021-11-06 16:49:59.999999,2,7.1281385,7.2830825,7.644979,7.09
2021-11-06 16:30:00.000000,2021-11-06 17:00:00.000003,3,7.042628,7.292109,7.644979,6.94
2021-11-06 16:30:00.000000,2021-11-06 17:09:59.999998,4,7.0871067,7.2927685,7.644979,7.27
2021-11-06 16:30:00.000000,2021-11-06 17:20:00.000002,5,7.1754417,7.2935743,7.644979,7.1
2021-11-06 16:30:00.000000,2021-11-06 17:29:59.999997,6,7.261747,7.2968726,7.644979,7.18
2021-11-06 16:30:00.000000,2021-11-06 17:40:00.000001,7,7.2982645,7.302551,7.644979,7.46
2021-11-06 16:30:00.000000,2021-11-06 17:49:59.999996,8,7.2472672,7.309814,7.644979,7.04
2021-11-06 16:30:00.000000,2021-11-06 18:00:00.000000,9,7.3222547,7.3178477,7.644979,7.55
2021-11-06 16:30:00.000000,2021-11-06 18:10:00.000004,10,7.7430706,7.3260174,7.644979,7.64
2021-11-06 16:30:00.000000,2021-11-06 18:19:59.999999,11,8.10339,7.3339095,7.644979,7.97
2021-11-06 16:30:00.000000,2021-11-06 18:30:00.000003,12,7.8894243,7.3412967,7.644979,8.08
2021-11-06 16:30:00.000000,2021-11-06 18:39:59.999998,13,7.5975237,7.3480954,7.644979,7.64
2021-11-06 16:30:00.000000,2021-11-06 18:50:00.000002,14,7.987655,7.354309,7.644979,7.71
2021-11-06 16:30:00.000000,2021-11-06 18:59:59.999997,15,8.528751,7.3599935,7.644979,8.79
2021-11-06 16:30:00.000000,2021-11-06 19:10:00.000001,16,8.323731,7.3652215,7.644979,8.27
2021-11-06 16:30:00.000000,2021-11-06 19:19:59.999996,17,7.97074,7.3700686,7.644979,7.8
2021-11-06 16:30:00.000000,2021-11-06 19:30:00.000000,18,8.433108,7.374595,7.644979,8.7
2021-11-06 16:30:00.000000,2021-11-06 19:40:00.000004,19,8.969177,7.3788457,7.644979,8.79
2021-11-06 16:30:00.000000,2021-11-06 19:49:59.999999,20,8.484435,7.382851,7.644979,8.51
2021-11-06 16:30:00.000000,2021-11-06 20:00:00.000003,21,7.755174,7.3866296,7.644979,7.82
2021-11-06 16:30:00.000000,2021-11-06 20:09:59.999998,22,8.024384,7.390181,7.644979,7.9
2021-11-06 16:30:00.000000,2021-11-06 20:20:00.000002,23,8.786168,7.39351,7.644979,8.98
2021-11-06 16:30:00.000000,2021-11-06 20:29:59.999997,24,8.9141865,7.39661,7.644979,8.7
2021-11-06 16:30:00.000000,2021-11-06 20:40:00.000001,25,8.525953,7.399477,7.644979,8.67
2021-11-06 16:30:00.000000,2021-11-06 20:49:59.999996,26,8.289915,7.4021072,7.644979,8.29
2021-11-06 16:30:00.000000,2021-11-06 21:00:00.000000,27,8.178341,7.404501,7.644979,8.05
2021-11-06 16:30:00.000000,2021-11-06 21:10:00.000004,28,7.906428,7.406662,7.644979,7.97
2021-11-06 16:30:00.000000,2021-11-06 21:19:59.999999,29,7.677072,7.4085956,7.644979,7.88
2021-11-06 16:30:00.000000,2021-11-06 21:30:00.000003,30,7.7425747,7.410309,7.644979,7.37
2021-11-06 16:30:00.000000,2021-11-06 21:39:59.999998,31,7.821533,7.411816,7.644979,8.06
2021-11-06 16:30:00.000000,2021-11-06 21:50:00.000002,32,7.57925,7.4131293,7.644979,7.62
2021-11-06 16:30:00.000000,2021-11-06 21:59:59.999997,33,7.240751,7.414264,7.644979,7.03
2021-11-06 16:30:00.000000,2021-11-06 22:10:00.000001,34,7.21208,7.415238,7.644979,7.37
2021-11-06 16:30:00.000000,2021-11-06 22:19:59.999996,35,7.508643,7.416064,7.644979,7.61
2021-11-06 16:30:00.000000,2021-11-06 22:30:00.000000,36,7.887239,7.41676,7.644979,7.46
2021-11-06 16:40:00.000004,2021-11-06 16:49:59.999999,1,7.1281385,7.2399755,7.3596215,7.09
2021-11-06 16:40:00.000004,2021-11-06 17:00:00.000003,2,7.042628,7.226924,7.3596215,6.94
2021-11-06 16:40:00.000004,2021-11-06 17:09:59.999998,3,7.0871067,7.2141595,7.3596215,7.27
2021-11-06 16:40:00.000004,2021-11-06 17:20:00.000002,4,7.1754417,7.1970506,7.3596215,7.1
2021-11-06 16:40:00.000004,2021-11-06 17:29:59.999997,5,7.261747,7.1833572,7.3596215,7.18
2021-11-06 16:40:00.000004,2021-11-06 17:40:00.000001,6,7.2982645,7.17481,7.3596215,7.46
2021-11-06 16:40:00.000004,2021-11-06 17:49:59.999996,7,7.2472672,7.17081,7.3596215,7.04
2021-11-06 16:40:00.000004,2021-11-06 18:00:00.000000,8,7.3222547,7.1701813,7.3596215,7.55
2021-11-06 16:40:00.000004,2021-11-06 18:10:00.000004,9,7.7430706,7.171805,7.3596215,7.64
2021-11-06 16:40:00.000004,2021-11-06 18:19:59.999999,10,8.10339,7.1747975,7.3596215,7.97
2021-11-06 16:40:00.000004,2021-11-06 18:30:00.000003,11,7.8894243,7.1785398,7.3596215,8.08
2021-11-06 16:40:00.000004,2021-11-06 18:39:59.999998,12,7.5975237,7.1826344,7.3596215,7.64
2021-11-06 16:40:00.000004,2021-11-06 18:50:00.000002,13,7.987655,7.1868424,7.3596215,7.71
2021-11-06 16:40:00.000004,2021-11-06 18:59:59.999997,14,8.528751,7.191049,7.3596215,8.79
2021-11-06 16:40:00.000004,2021-11-06 19:10:00.000001,15,8.323731,7.195199,7.3596215,8.27
2021-11-06 16:40:00.000004,2021-11-06 19:19:59.999996,16,7.97074,7.199274,7.3596215,7.8
2021-11-06 16:40:00.000004,2021-11-06 19:30:00.000000,17,8.433108,7.2032743,7.3596215,8.7
2021-11-06 16:40:00.000004,2021-11-06 19:40:00.000004,18,8.969177,7.207194,7.3596215,8.79
2021-11-06 16:40:00.000004,2021-11-06 19:49:59.999999,19,8.484435,7.211027,7.3596215,8.51
2021-11-06 16:40:00.000004,2021-11-06 20:00:00.000003,20,7.755174,7.214759,7.3596215,7.82
2021-11-06 16:40:00.000004,2021-11-06 20:09:59.999998,21,8.024384,7.21837,7.3596215,7.9
2021-11-06 16:40:00.000004,2021-11-06 20:20:00.000002,22,8.786168,7.2218366,7.3596215,8.98
2021-11-06 16:40:00.000004,2021-11-06 20:29:59.999997,23,8.9141865,7.225139,7.3596215,8.7
2021-11-06 16:40:00.000004,2021-11-06 20:40:00.000001,24,8.525953,7.228253,7.3596215,8.67
2021-11-06 16:40:00.000004,2021-11-06 20:49:59.999996,25,8.289915,7.23116,7.3596215,8.29
2021-11-06 16:40:00.000004,2021-11-06 21:00:00.000000,26,8.178341,7.2338495,7.3596215,8.05
2021-11-06 16:40:00.000004,2021-11-06 21:10:00.000004,27,7.906428,7.2363105,7.3596215,7.97
2021-11-06 16:40:00.000004,2021-11-06 21:19:59.999999,28,7.677072,7.2385426,7.3596215,7.88
2021-11-06 16:40:00.000004,2021-11-06 21:30:00.000003,29,7.7425747,7.2405467,7.3596215,7.37
2021-11-06 16:40:00.000004,2021-11-06 21:39:59.999998,30,7.821533,7.2423296,7.3596215,8.06
2021-11-06 16:40:00.000004,2021-11-06 21:50:00.000002,31,7.57925,7.243901,7.3596215,7.62
2021-11-06 16:40:00.000004,2021-11-06 21:59:59.999997,32,7.240751,7.245274,7.3596215,7.03
2021-11-06 16:40:00.000004,2021-11-06 22:10:00.000001,33,7.21208,7.2464633,7.3596215,7.37
2021-11-06 16:40:00.000004,2021-11-06 22:19:59.999996,34,7.508643,7.247484,7.3596215,7.61
2021-11-06 16:40:00.000004,2021-11-06 22:30:00.000000,35,7.887239,7.248353,7.3596215,7.46
2021-11-06 16:40:00.000004,2021-11-06 22:40:00.000004,36,8.17175,7.2490854,7.3596215,8.78
2021-11-06 16:49:59.999999,2021-11-06 17:00:00.000003,1,7.042628,7.1941833,7.1281385,6.94
2021-11-06 16:49:59.999999,2021-11-06 17:09:59.999998,2,7.0871067,7.1527233,7.1281385,7.27
2021-11-06 16:49:59.999999,2021-11-06 17:20:00.000002,3,7.1754417,7.1184945,7.1281385,7.1
2021-11-06 16:49:59.999999,2021-11-06 17:29:59.999997,4,7.261747,7.085947,7.1281385,7.18
2021-11-06 16:49:59.999999,2021-11-06 17:40:00.000001,5,7.2982645,7.061446,7.1281385,7.46
2021-11-06 16:49:59.999999,2021-11-06 17:49:59.999996,6,7.2472672,7.045491,7.1281385,7.04
2021-11-06 16:49:59.999999,2021-11-06 18:00:00.000000,7,7.3222547,7.0365257,7.1281385,7.55
2021-11-06 16:49:59.999999,2021-11-06 18:10:00.000004,8,7.7430706,7.0326552,7.1281385,7.64
2021-11-06 16:49:59.999999,2021-11-06 18:19:59.999999,9,8.10339,7.032243,7.1281385,7.97
2021-11-06 16:49:59.999999,2021-11-06 18:30:00.000003,10,7.8894243,7.034034,7.1281385,8.08
2021-11-06 16:49:59.999999,2021-11-06 18:39:59.999998,11,7.5975237,7.037146,7.1281385,7.64
2021-11-06 16:49:59.999999,2021-11-06 18:50:00.000002,12,7.987655,7.0409913,7.1281385,7.71
2021-11-06 16:49:59.999999,2021-11-06 18:59:59.999997,13,8.528751,7.0452075,7.1281385,8.79
2021-11-06 16:49:59.999999,2021-11-06 19:10:00.000001,14,8.323731,7.0495796,7.1281385,8.27
2021-11-06 16:49:59.999999,2021-11-06 19:19:59.999996,15,7.97074,7.0539875,7.1281385,7.8
2021-11-06 16:49:59.999999,2021-11-06 19:30:00.000000,16,8.433108,7.0583706,7.1281385,8.7
2021-11-06 16:49:59.999999,2021-11-06 19:40:00.000004,17,8.969177,7.062694,7.1281385,8.79
2021-11-06 16:49:59.999999,2021-11-06 19:49:59.999999,18,8.484435,7.0669355,7.1281385,8.51
2021-11-06 16:49:59.999999,2021-11-06 20:00:00.000003,19,7.755174,7.0710707,7.1281385,7.82
2021-11-06 16:49:59.999999,2021-11-06 20:09:59.999998,20,8.024384,7.0750775,7.1281385,7.9
2021-11-06 16:49:59.999999,2021-11-06 20:20:00.000002,21,8.786168,7.0789347,7.1281385,8.98
2021-11-06 16:49:59.999999,2021-11-06 20:29:59.999997,22,8.9141865,7.0826144,7.1281385,8.7
2021-11-06 16:49:59.999999,2021-11-06 20:40:00.000001,23,8.525953,7.086097,7.1281385,8.67
2021-11-06 16:49:59.999999,2021-11-06 20:49:59.999996,24,8.289915,7.0893583,7.1281385,8.29
2021-11-06 16:49:59.999999,2021-11-06 21:00:00.000000,25,8.178341,7.092389,7.1281385,8.05
2021-11-06 16:49:59.999999,2021-11-06 21:10:00.000004,26,7.906428,7.095172,7.1281385,7.97
2021-11-06 16:49:59.999999,2021-11-06 21:19:59.999999,27,7.677072,7.097708,7.1281385,7.88
2021-11-06 16:49:59.999999,2021-11-06 21:30:00.000003,28,7.7425747,7.0999947,7.1281385,7.37
2021-11-06 16:49:59.999999,2021-11-06 21:39:59.999998,29,7.821533,7.102038,7.1281385,8.06
2021-11-06 16:49:59.999999,2021-11-06 21:50:00.000002,30,7.57925,7.1038465,7.1281385,7.62
2021-11-06 16:49:59.999999,2021-11-06 21:59:59.999997,31,7.240751,7.1054325,7.1281385,7.03
2021-11-06 16:49:59.999999,2021-11-06 22:10:00.000001,32,7.21208,7.106813,7.1281385,7.37
2021-11-06 16:49:59.999999,2021-11-06 22:19:59.999996,33,7.508643,7.108001,7.1281385,7.61
2021-11-06 16:49:59.999999,2021-11-06 22:30:00.000000,34,7.887239,7.109017,7.1281385,7.46
2021-11-06 16:49:59.999999,2021-11-06 22:40:00.000004,35,8.17175,7.1098776,7.1281385,8.78
2021-11-06 16:49:59.999999,2021-11-06 22:49:59.999999,36,8.2703905,7.1106,7.1281385,7.76
2021-11-06 17:00:00.000003,2021-11-06 17:09:59.999998,1,7.0871067,7.146727,7.042628,7.27
2021-11-06 17:00:00.000003,2021-11-06 17:20:00.000002,2,7.1754417,7.082815,7.042628,7.1
2021-11-06 17:00:00.000003,2021-11-06 17:29:59.999997,3,7.261747,7.0351477,7.042628,7.18
2021-11-06 17:00:00.000003,2021-11-06 17:40:00.000001,4,7.2982645,6.9959946,7.042628,7.46
2021-11-06 17:00:00.000003,2021-11-06 17:49:59.999996,5,7.2472672,6.969566,7.042628,7.04
2021-11-06 17:00:00.000003,2021-11-06 18:00:00.000000,6,7.3222547,6.954673,7.042628,7.55
2021-11-06 17:00:00.000003,2021-11-06 18:10:00.000004,7,7.7430706,6.948516,7.042628,7.64
2021-11-06 17:00:00.000003,2021-11-06 18:19:59.999999,8,8.10339,6.9483385,7.042628,7.97
2021-11-06 17:00:00.000003,2021-11-06 18:30:00.000003,9,7.8894243,6.95192,7.042628,8.08
2021-11-06 17:00:00.000003,2021-11-06 18:39:59.999998,10,7.5975237,6.9576397,7.042628,7.64
2021-11-06 17:00:00.000003,2021-11-06 18:50:00.000002,11,7.987655,6.9643955,7.042628,7.71
2021-11-06 17:00:00.000003,2021-11-06 18:59:59.999997,12,8.528751,6.971489,7.042628,8.79
2021-11-06 17:00:00.000003,2021-11-06 19:10:00.000001,13,8.323731,6.97851,7.042628,8.27
2021-11-06 17:00:00.000003,2021-11-06 19:19:59.999996,14,7.97074,6.9852405,7.042628,7.8
2021-11-06 17:00:00.000003,2021-11-06 19:30:00.000000,15,8.433108,6.9915924,7.042628,8.7
2021-11-06 17:00:00.000003,2021-11-06 19:40:00.000004,16,8.969177,6.9975414,7.042628,8.79
2021-11-06 17:00:00.000003,2021-11-06 19:49:59.999999,17,8.484435,7.0030994,7.042628,8.51
2021-11-06 17:00:00.000003,2021-11-06 20:00:00.000003,18,7.755174,7.008292,7.042628,7.82
2021-11-06 17:00:00.000003,2021-11-06 20:09:59.999998,19,8.024384,7.0131397,7.042628,7.9
2021-11-06 17:00:00.000003,2021-11-06 20:20:00.000002,20,8.786168,7.017667,7.042628,8.98
2021-11-06 17:00:00.000003,2021-11-06 20:29:59.999997,21,8.9141865,7.021884,7.042628,8.7
2021-11-06 17:00:00.000003,2021-11-06 20:40:00.000001,22,8.525953,7.0257998,7.042628,8.67
2021-11-06 17:00:00.000003,2021-11-06 20:49:59.999996,23,8.289915,7.029418,7.042628,8.29
2021-11-06 17:00:00.000003,2021-11-06 21:00:00.000000,24,8.178341,7.032744,7.042628,8.05
2021-11-06 17:00:00.000003,2021-11-06 21:10:00.000004,25,7.906428,7.035778,7.042628,7.97
2021-11-06 17:00:00.000003,2021-11-06 21:19:59.999999,26,7.677072,7.0385284,7.042628,7.88
2021-11-06 17:00:00.000003,2021-11-06 21:30:00.000003,27,7.7425747,7.041002,7.042628,7.37
2021-11-06 17:00:00.000003,2021-11-06 21:39:59.999998,28,7.821533,7.043207,7.042628,8.06
2021-11-06 17:00:00.000003,2021-11-06 21:50:00.000002,29,7.57925,7.045158,7.042628,7.62
2021-11-06 17:00:00.000003,2021-11-06 21:59:59.999997,30,7.240751,7.046868,7.042628,7.03
2021-11-06 17:00:00.000003,2021-11-06 22:10:00.000001,31,7.21208,7.048357,7.042628,7.37
2021-11-06 17:00:00.000003,2021-11-06 22:19:59.999996,32,7.508643,7.04964,7.042628,7.61
2021-11-06 17:00:00.000003,2021-11-06 22:30:00.000000,33,7.887239,7.0507374,7.042628,7.46
2021-11-06 17:00:00.000003,2021-11-06 22:40:00.000004,34,8.17175,7.0516667,7.042628,8.78
2021-11-06 17:00:00.000003,2021-11-06 22:49:59.999999,35,8.2703905,7.05245,7.042628,7.76
2021-11-06 17:00:00.000003,2021-11-06 23:00:00.000003,36,8.119549,7.0530987,7.042628,8.3
2021-11-06 17:09:59.999998,2021-11-06 17:20:00.000002,1,7.1754417,7.126053,7.0871067,7.1
2021-11-06 17:09:59.999998,2021-11-06 17:29:59.999997,2,7.261747,7.0602636,7.0871067,7.18
2021-11-06 17:09:59.999998,2021-11-06 17:40:00.000001,3,7.2982645,7.0145583,7.0871067,7.46
2021-11-06 17:09:59.999998,2021-11-06 17:49:59.999996,4,7.2472672,6.9796324,7.0871067,7.04
2021-11-06 17:09:59.999998,2021-11-06 18:00:00.000000,5,7.3222547,6.9583893,7.0871067,7.55
2021-11-06 17:09:59.999998,2021-11-06 18:10:00.000004,6,7.7430706,6.948867,7.0871067,7.64
2021-11-06 17:09:59.999998,2021-11-06 18:19:59.999999,7,8.10339,6.947821,7.0871067,7.97
2021-11-06 17:09:59.999998,2021-11-06 18:30:00.000003,8,7.8894243,6.9522543,7.0871067,8.08
2021-11-06 17:09:59.999998,2021-11-06 18:39:59.999998,9,7.5975237,6.95984,7.0871067,7.64
2021-11-06 17:09:59.999998,2021-11-06 18:50:00.000002,10,7.987655,6.968929,7.0871067,7.71
2021-11-06 17:09:59.999998,2021-11-06 18:59:59.999997,11,8.528751,6.978443,7.0871067,8.79
2021-11-06 17:09:59.999998,2021-11-06 19:10:00.000001,12,8.323731,6.9877324,7.0871067,8.27
2021-11-06 17:09:59.999998,2021-11-06 19:19:59.999996,13,7.97074,6.9964523,7.0871067,7.8
2021-11-06 17:09:59.999998,2021-11-06 19:30:00.000000,14,8.433108,7.004459,7.0871067,8.7
2021-11-06 17:09:59.999998,2021-11-06 19:40:00.000004,15,8.969177,7.01173,7.0871067,8.79
2021-11-06 17:09:59.999998,2021-11-06 19:49:59.999999,16,8.484435,7.0183053,7.0871067,8.51
2021-11-06 17:09:59.999998,2021-11-06 20:00:00.000003,17,7.755174,7.0242543,7.0871067,7.82
2021-11-06 17:09:59.999998,2021-11-06 20:09:59.999998,18,8.024384,7.0296545,7.0871067,7.9
2021-11-06 17:09:59.999998,2021-11-06 20:20:00.000002,19,8.786168,7.034572,7.0871067,8.98
2021-11-06 17:09:59.999998,2021-11-06 20:29:59.999997,20,8.9141865,7.0390635,7.0871067,8.7
2021-11-06 17:09:59.999998,2021-11-06 20:40:00.000001,21,8.525953,7.04317,7.0871067,8.67
2021-11-06 17:09:59.999998,2021-11-06 20:49:59.999996,22,8.289915,7.046926,7.0871067,8.29
2021-11-06 17:09:59.999998,2021-11-06 21:00:00.000000,23,8.178341,7.0503526,7.0871067,8.05
2021-11-06 17:09:59.999998,2021-11-06 21:10:00.000004,24,7.906428,7.053469,7.0871067,7.97
2021-11-06 17:09:59.999998,2021-11-06 21:19:59.999999,25,7.677072,7.056291,7.0871067,7.88
2021-11-06 17:09:59.999998,2021-11-06 21:30:00.000003,26,7.7425747,7.05883,7.0871067,7.37
2021-11-06 17:09:59.999998,2021-11-06 21:39:59.999998,27,7.821533,7.0611005,7.0871067,8.06
2021-11-06 17:09:59.999998,2021-11-06 21:50:00.000002,28,7.57925,7.0631137,7.0871067,7.62
2021-11-06 17:09:59.999998,2021-11-06 21:59:59.999997,29,7.240751,7.0648894,7.0871067,7.03
2021-11-06 17:09:59.999998,2021-11-06 22:10:00.000001,30,7.21208,7.0664396,7.0871067,7.37
2021-11-06 17:09:59.999998,2021-11-06 22:19:59.999996,31,7.508643,7.067785,7.0871067,7.61
2021-11-06 17:09:59.999998,2021-11-06 22:30:00.000000,32,7.887239,7.068941,7.0871067,7.46
2021-11-06 17:09:59.999998,2021-11-06 22:40:00.000004,33,8.17175,7.0699263,7.0871067,8.78
2021-11-06 17:09:59.999998,2021-11-06 22:49:59.999999,34,8.2703905,7.0707593,7.0871067,7.76
2021-11-06 17:09:59.999998,2021-11-06 23:00:00.000003,35,8.119549,7.0714574,7.0871067,8.3
2021-11-06 17:09:59.999998,2021-11-06 23:09:59.999998,36,7.7757177,7.0720363,7.0871067,7.97
2021-11-06 17:20:00.000002,2021-11-06 17:29:59.999997,1,7.261747,7.106812,7.1754417,7.18
2021-11-06 17:20:00.000002,2021-11-06 17:40:00.000001,2,7.2982645,7.0514054,7.1754417,7.46
2021-11-06 17:20:00.000002,2021-11-06 17:49:59.999996,3,7.2472672,7.01585,7.1754417,7.04
2021-11-06 17:20:00.000002,2021-11-06 18:00:00.000000,4,7.3222547,6.9903955,7.1754417,7.55
2021-11-06 17:20:00.000002,2021-11-06 18:10:00.000004,5,7.7430706,6.97755,7.1754417,7.64
2021-11-06 17:20:00.000002,2021-11-06 18:19:59.999999,6,8.10339,6.975186,7.1754417,7.97
2021-11-06 17:20:00.000002,2021-11-06 18:30:00.000003,7,7.8894243,6.980052,7.1754417,8.08
2021-11-06 17:20:00.000002,2021-11-06 18:39:59.999998,8,7.5975237,6.9892287,7.1754417,7.64
2021-11-06 17:20:00.000002,2021-11-06 18:50:00.000002,9,7.987655,7.000511,7.1754417,7.71
2021-11-06 17:20:00.000002,2021-11-06 18:59:59.999997,10,8.528751,7.0123982,7.1754417,8.79
2021-11-06 17:20:00.000002,2021-11-06 19:10:00.000001,11,8.323731,7.0239544,7.1754417,8.27
2021-11-06 17:20:00.000002,2021-11-06 19:19:59.999996,12,7.97074,7.0346675,7.1754417,7.8
2021-11-06 17:20:00.000002,2021-11-06 19:30:00.000000,13,8.433108,7.0443144,7.1754417,8.7
2021-11-06 17:20:00.000002,2021-11-06 19:40:00.000004,14,8.969177,7.0528574,7.1754417,8.79
2021-11-06 17:20:00.000002,2021-11-06 19:49:59.999999,15,8.484435,7.0603657,7.1754417,8.51
2021-11-06 17:20:00.000002,2021-11-06 20:00:00.000003,16,7.755174,7.0669494,7.1754417,7.82
2021-11-06 17:20:00.000002,2021-11-06 20:09:59.999998,17,8.024384,7.0727434,7.1754417,7.9
2021-11-06 17:20:00.000002,2021-11-06 20:20:00.000002,18,8.786168,7.0778713,7.1754417,8.98
2021-11-06 17:20:00.000002,2021-11-06 20:29:59.999997,19,8.9141865,7.082438,7.1754417,8.7
2021-11-06 17:20:00.000002,2021-11-06 20:40:00.000001,20,8.525953,7.0865297,7.1754417,8.67
2021-11-06 17:20:00.000002,2021-11-06 20:49:59.999996,21,8.289915,7.090214,7.1754417,8.29
2021-11-06 17:20:00.000002,2021-11-06 21:00:00.000000,22,8.178341,7.0935397,7.1754417,8.05
2021-11-06 17:20:00.000002,2021-11-06 21:10:00.000004,23,7.906428,7.0965447,7.1754417,7.97
2021-11-06 17:20:00.000002,2021-11-06 21:19:59.999999,24,7.677072,7.0992556,7.1754417,7.88
2021-11-06 17:20:00.000002,2021-11-06 21:30:00.000003,25,7.7425747,7.1016917,7.1754417,7.37
2021-11-06 17:20:00.000002,2021-11-06 21:39:59.999998,26,7.821533,7.103875,7.1754417,8.06
2021-11-06 17:20:00.000002,2021-11-06 21:50:00.000002,27,7.57925,7.105818,7.1754417,7.62
2021-11-06 17:20:00.000002,2021-11-06 21:59:59.999997,28,7.240751,7.107536,7.1754417,7.03
2021-11-06 17:20:00.000002,2021-11-06 22:10:00.000001,29,7.21208,7.109045,7.1754417,7.37
2021-11-06 17:20:00.000002,2021-11-06 22:19:59.999996,30,7.508643,7.1103597,7.1754417,7.61
2021-11-06 17:20:00.000002,2021-11-06 22:30:00.000000,31,7.887239,7.1114936,7.1754417,7.46
2021-11-06 17:20:00.000002,2021-11-06 22:40:00.000004,32,8.17175,7.1124673,7.1754417,8.78
2021-11-06 17:20:00.000002,2021-11-06 22:49:59.999999,33,8.2703905,7.1132946,7.1754417,7.76
2021-11-06 17:20:00.000002,2021-11-06 23:00:00.000003,34,8.119549,7.1139903,7.1754417,8.3
2021-11-06 17:20:00.000002,2021-11-06 23:09:59.999998,35,7.7757177,7.1145706,7.1754417,7.97
2021-11-06 17:20:00.000002,2021-11-06 23:20:00.000002,36,7.4764404,7.1150513,7.1754417,7.08
2021-11-06 17:29:59.999997,2021-11-06 17:40:00.000001,1,7.2982645,7.103132,7.261747,7.46
2021-11-06 17:29:59.999997,2021-11-06 17:49:59.999996,2,7.2472672,7.060569,7.261747,7.04
2021-11-06 17:29:59.999997,2021-11-06 18:00:00.000000,3,7.3222547,7.0363665,7.261747,7.55
2021-11-06 17:29:59.999997,2021-11-06 18:10:00.000004,4,7.7430706,7.020864,7.261747,7.64
2021-11-06 17:29:59.999997,2021-11-06 18:19:59.999999,5,8.10339,7.0162945,7.261747,7.97
2021-11-06 17:29:59.999997,2021-11-06 18:30:00.000003,6,7.8894243,7.0204744,7.261747,8.08
2021-11-06 17:29:59.999997,2021-11-06 18:39:59.999998,7,7.5975237,7.030236,7.261747,7.64
2021-11-06 17:29:59.999997,2021-11-06 18:50:00.000002,8,7.987655,7.0428286,7.261747,7.71
2021-11-06 17:29:59.999997,2021-11-06 18:59:59.999997,9,8.528751,7.0562654,7.261747,8.79
2021-11-06 17:29:59.999997,2021-11-06 19:10:00.000001,10,8.323731,7.069274,7.261747,8.27
2021-11-06 17:29:59.999997,2021-11-06 19:19:59.999996,11,7.97074,7.0811424,7.261747,7.8
2021-11-06 17:29:59.999997,2021-11-06 19:30:00.000000,12,8.433108,7.0915565,7.261747,8.7
2021-11-06 17:29:59.999997,2021-11-06 19:40:00.000004,13,8.969177,7.1004643,7.261747,8.79
2021-11-06 17:29:59.999997,2021-11-06 19:49:59.999999,14,8.484435,7.107969,7.261747,8.51
2021-11-06 17:29:59.999997,2021-11-06 20:00:00.000003,15,7.755174,7.114247,7.261747,7.82
2021-11-06 17:29:59.999997,2021-11-06 20:09:59.999998,16,8.024384,7.1195064,7.261747,7.9
2021-11-06 17:29:59.999997,2021-11-06 20:20:00.000002,17,8.786168,7.1239424,7.261747,8.98
2021-11-06 17:29:59.999997,2021-11-06 20:29:59.999997,18,8.9141865,7.1277285,7.261747,8.7
2021-11-06 17:29:59.999997,2021-11-06 20:40:00.000001,19,8.525953,7.131005,7.261747,8.67
2021-11-06 17:29:59.999997,2021-11-06 20:49:59.999996,20,8.289915,7.1338825,7.261747,8.29
2021-11-06 17:29:59.999997,2021-11-06 21:00:00.000000,21,8.178341,7.1364417,7.261747,8.05
2021-11-06 17:29:59.999997,2021-11-06 21:10:00.000004,22,7.906428,7.1387377,7.261747,7.97
2021-11-06 17:29:59.999997,2021-11-06 21:19:59.999999,23,7.677072,7.140813,7.261747,7.88
2021-11-06 17:29:59.999997,2021-11-06 21:30:00.000003,24,7.7425747,7.1426935,7.261747,7.37
2021-11-06 17:29:59.999997,2021-11-06 21:39:59.999998,25,7.821533,7.144395,7.261747,8.06
2021-11-06 17:29:59.999997,2021-11-06 21:50:00.000002,26,7.57925,7.1459317,7.261747,7.62
2021-11-06 17:29:59.999997,2021-11-06 21:59:59.999997,27,7.240751,7.147311,7.261747,7.03
2021-11-06 17:29:59.999997,2021-11-06 22:10:00.000001,28,7.21208,7.1485415,7.261747,7.37
2021-11-06 17:29:59.999997,2021-11-06 22:19:59.999996,29,7.508643,7.149631,7.261747,7.61
2021-11-06 17:29:59.999997,2021-11-06 22:30:00.000000,30,7.887239,7.150588,7.261747,7.46
2021-11-06 17:29:59.999997,2021-11-06 22:40:00.000004,31,8.17175,7.151421,7.261747,8.78
2021-11-06 17:29:59.999997,2021-11-06 22:49:59.999999,32,8.2703905,7.152139,7.261747,7.76
2021-11-06 17:29:59.999997,2021-11-06 23:00:00.000003,33,8.119549,7.1527543,7.261747,8.3
2021-11-06 17:29:59.999997,2021-11-06 23:09:59.999998,34,7.7757177,7.1532726,7.261747,7.97
2021-11-06 17:29:59.999997,2021-11-06 23:20:00.000002,35,7.4764404,7.153708,7.261747,7.08
2021-11-06 17:29:59.999997,2021-11-06 23:29:59.999997,36,7.4223742,7.1540685,7.261747,7.69
2021-11-06 17:40:00.000001,2021-11-06 17:49:59.999996,1,7.2472672,7.1124663,7.2982645,7.04
2021-11-06 17:40:00.000001,2021-11-06 18:00:00.000000,2,7.3222547,7.073226,7.2982645,7.55
2021-11-06 17:40:00.000001,2021-11-06 18:10:00.000004,3,7.7430706,7.054587,7.2982645,7.64
2021-11-06 17:40:00.000001,2021-11-06 18:19:59.999999,4,8.10339,7.0454535,7.2982645,7.97
2021-11-06 17:40:00.000001,2021-11-06 18:30:00.000003,5,7.8894243,7.0468307,7.2982645,8.08
2021-11-06 17:40:00.000001,2021-11-06 18:39:59.999998,6,7.5975237,7.0558887,7.2982645,7.64
2021-11-06 17:40:00.000001,2021-11-06 18:50:00.000002,7,7.987655,7.069202,7.2982645,7.71
2021-11-06 17:40:00.000001,2021-11-06 18:59:59.999997,8,8.528751,7.0840006,7.2982645,8.79
2021-11-06 17:40:00.000001,2021-11-06 19:10:00.000001,9,8.323731,7.0984144,7.2982645,8.27
2021-11-06 17:40:00.000001,2021-11-06 19:19:59.999996,10,7.97074,7.1113615,7.2982645,7.8
2021-11-06 17:40:00.000001,2021-11-06 19:30:00.000000,11,8.433108,7.122335,7.2982645,8.7
2021-11-06 17:40:00.000001,2021-11-06 19:40:00.000004,12,8.969177,7.1312313,7.2982645,8.79
2021-11-06 17:40:00.000001,2021-11-06 19:49:59.999999,13,8.484435,7.1381845,7.2982645,8.51
2021-11-06 17:40:00.000001,2021-11-06 20:00:00.000003,14,7.755174,7.1434627,7.2982645,7.82
2021-11-06 17:40:00.000001,2021-11-06 20:09:59.999998,15,8.024384,7.1473756,7.2982645,7.9
2021-11-06 17:40:00.000001,2021-11-06 20:20:00.000002,16,8.786168,7.1502347,7.2982645,8.98
2021-11-06 17:40:00.000001,2021-11-06 20:29:59.999997,17,8.9141865,7.152318,7.2982645,8.7
2021-11-06 17:40:00.000001,2021-11-06 20:40:00.000001,18,8.525953,7.153853,7.2982645,8.67
2021-11-06 17:40:00.000001,2021-11-06 20:49:59.999996,19,8.289915,7.1550226,7.2982645,8.29
2021-11-06 17:40:00.000001,2021-11-06 21:00:00.000000,20,8.178341,7.1559606,7.2982645,8.05
2021-11-06 17:40:00.000001,2021-11-06 21:10:00.000004,21,7.906428,7.1567597,7.2982645,7.97
2021-11-06 17:40:00.000001,2021-11-06 21:19:59.999999,22,7.677072,7.15748,7.2982645,7.88
2021-11-06 17:40:00.000001,2021-11-06 21:30:00.000003,23,7.7425747,7.1581583,7.2982645,7.37
2021-11-06 17:40:00.000001,2021-11-06 21:39:59.999998,24,7.821533,7.1588116,7.2982645,8.06
2021-11-06 17:40:00.000001,2021-11-06 21:50:00.000002,25,7.57925,7.1594486,7.2982645,7.62
2021-11-06 17:40:00.000001,2021-11-06 21:59:59.999997,26,7.240751,7.1600666,7.2982645,7.03
2021-11-06 17:40:00.000001,2021-11-06 22:10:00.000001,27,7.21208,7.160661,7.2982645,7.37
2021-11-06 17:40:00.000001,2021-11-06 22:19:59.999996,28,7.508643,7.161227,7.2982645,7.61
2021-11-06 17:40:00.000001,2021-11-06 22:30:00.000000,29,7.887239,7.161757,7.2982645,7.46
2021-11-06 17:40:00.000001,2021-11-06 22:40:00.000004,30,8.17175,7.162246,7.2982645,8.78
2021-11-06 17:40:00.000001,2021-11-06 22:49:59.999999,31,8.2703905,7.162691,7.2982645,7.76
2021-11-06 17:40:00.000001,2021-11-06 23:00:00.000003,32,8.119549,7.163092,7.2982645,8.3
2021-11-06 17:40:00.000001,2021-11-06 23:09:59.999998,33,7.7757177,7.163448,7.2982645,7.97
2021-11-06 17:40:00.000001,2021-11-06 23:20:00.000002,34,7.4764404,7.1637573,7.2982645,7.08
2021-11-06 17:40:00.000001,2021-11-06 23:29:59.999997,35,7.4223742,7.1640267,7.2982645,7.69
2021-11-06 17:40:00.000001,2021-11-06 23:40:00.000001,36,7.5265737,7.1642556,7.2982645,7.63
2021-11-06 17:49:59.999996,2021-11-06 18:00:00.000000,1,7.3222547,7.1291776,7.2472672,7.55
2021-11-06 17:49:59.999996,2021-11-06 18:10:00.000004,2,7.7430706,7.078887,7.2472672,7.64
2021-11-06 17:49:59.999996,2021-11-06 18:19:59.999999,3,8.10339,7.055556,7.2472672,7.97
2021-11-06 17:49:59.999996,2021-11-06 18:30:00.000003,4,7.8894243,7.0455427,7.2472672,8.08
2021-11-06 17:49:59.999996,2021-11-06 18:39:59.999998,5,7.5975237,7.047769,7.2472672,7.64
2021-11-06 17:49:59.999996,2021-11-06 18:50:00.000002,6,7.987655,7.0581045,7.2472672,7.71
2021-11-06 17:49:59.999996,2021-11-06 18:59:59.999997,7,8.528751,7.072384,7.2472672,8.79
2021-11-06 17:49:59.999996,2021-11-06 19:10:00.000001,8,8.323731,7.087479,7.2472672,8.27
2021-11-06 17:49:59.999996,2021-11-06 19:19:59.999996,9,7.97074,7.101414,7.2472672,7.8
2021-11-06 17:49:59.999996,2021-11-06 19:30:00.000000,10,8.433108,7.113131,7.2472672,8.7
2021-11-06 17:49:59.999996,2021-11-06 19:40:00.000004,11,8.969177,7.1222425,7.2472672,8.79
2021-11-06 17:49:59.999996,2021-11-06 19:49:59.999999,12,8.484435,7.128783,7.2472672,8.51
2021-11-06 17:49:59.999996,2021-11-06 20:00:00.000003,13,7.755174,7.133041,7.2472672,7.82
2021-11-06 17:49:59.999996,2021-11-06 20:09:59.999998,14,8.024384,7.135419,7.2472672,7.9
2021-11-06 17:49:59.999996,2021-11-06 20:20:00.000002,15,8.786168,7.1363497,7.2472672,8.98
2021-11-06 17:49:59.999996,2021-11-06 20:29:59.999997,16,8.9141865,7.1362433,7.2472672,8.7
2021-11-06 17:49:59.999996,2021-11-06 20:40:00.000001,17,8.525953,7.135453,7.2472672,8.67
2021-11-06 17:49:59.999996,2021-11-06 20:49:59.999996,18,8.289915,7.134263,7.2472672,8.29
2021-11-06 17:49:59.999996,2021-11-06 21:00:00.000000,19,8.178341,7.132893,7.2472672,8.05
2021-11-06 17:49:59.999996,2021-11-06 21:10:00.000004,20,7.906428,7.1315,7.2472672,7.97
2021-11-06 17:49:59.999996,2021-11-06 21:19:59.999999,21,7.677072,7.1301837,7.2472672,7.88
2021-11-06 17:49:59.999996,2021-11-06 21:30:00.000003,22,7.7425747,7.129011,7.2472672,7.37
2021-11-06 17:49:59.999996,2021-11-06 21:39:59.999998,23,7.821533,7.1280107,7.2472672,8.06
2021-11-06 17:49:59.999996,2021-11-06 21:50:00.000002,24,7.57925,7.127191,7.2472672,7.62
2021-11-06 17:49:59.999996,2021-11-06 21:59:59.999997,25,7.240751,7.1265426,7.2472672,7.03
2021-11-06 17:49:59.999996,2021-11-06 22:10:00.000001,26,7.21208,7.126051,7.2472672,7.37
2021-11-06 17:49:59.999996,2021-11-06 22:19:59.999996,27,7.508643,7.1256943,7.2472672,7.61
2021-11-06 17:49:59.999996,2021-11-06 22:30:00.000000,28,7.887239,7.12545,7.2472672,7.46
2021-11-06 17:49:59.999996,2021-11-06 22:40:00.000004,29,8.17175,7.125296,7.2472672,8.78
2021-11-06 17:49:59.999996,2021-11-06 22:49:59.999999,30,8.2703905,7.1252127,7.2472672,7.76
2021-11-06 17:49:59.999996,2021-11-06 23:00:00.000003,31,8.119549,7.1251807,7.2472672,8.3
2021-11-06 17:49:59.999996,2021-11-06 23:09:59.999998,32,7.7757177,7.1251864,7.2472672,7.97
2021-11-06 17:49:59.999996,2021-11-06 23:20:00.000002,33,7.4764404,7.1252184,7.2472672,7.08
2021-11-06 17:49:59.999996,2021-11-06 23:29:59.999997,34,7.4223742,7.125267,7.2472672,7.69
2021-11-06 17:49:59.999996,2021-11-06 23:40:00.000001,35,7.5265737,7.1253247,7.2472672,7.63
2021-11-06 17:49:59.999996,2021-11-06 23:49:59.999996,36,7.541079,7.125386,7.2472672,7.22
2021-11-06 18:00:00.000000,2021-11-06 18:10:00.000004,1,7.7430706,7.171865,7.3222547,7.64
2021-11-06 18:00:00.000000,2021-11-06 18:19:59.999999,2,8.10339,7.1280856,7.3222547,7.97
2021-11-06 18:00:00.000000,2021-11-06 18:30:00.000003,3,7.8894243,7.1135955,7.3222547,8.08
2021-11-06 18:00:00.000000,2021-11-06 18:39:59.999998,4,7.5975237,7.11272,7.3222547,7.64
2021-11-06 18:00:00.000000,2021-11-06 18:50:00.000002,5,7.987655,7.1228504,7.3222547,7.71
2021-11-06 18:00:00.000000,2021-11-06 18:59:59.999997,6,8.528751,7.139189,7.3222547,8.79
2021-11-06 18:00:00.000000,2021-11-06 19:10:00.000001,7,8.323731,7.1574,7.3222547,8.27
2021-11-06 18:00:00.000000,2021-11-06 19:19:59.999996,8,7.97074,7.174466,7.3222547,7.8
2021-11-06 18:00:00.000000,2021-11-06 19:30:00.000000,9,8.433108,7.188656,7.3222547,8.7
2021-11-06 18:00:00.000000,2021-11-06 19:40:00.000004,10,8.969177,7.1992216,7.3222547,8.79
2021-11-06 18:00:00.000000,2021-11-06 19:49:59.999999,11,8.484435,7.2060957,7.3222547,8.51
2021-11-06 18:00:00.000000,2021-11-06 20:00:00.000003,12,7.755174,7.2096114,7.3222547,7.82
2021-11-06 18:00:00.000000,2021-11-06 20:09:59.999998,13,8.024384,7.210326,7.3222547,7.9
2021-11-06 18:00:00.000000,2021-11-06 20:20:00.000002,14,8.786168,7.2088637,7.3222547,8.98
2021-11-06 18:00:00.000000,2021-11-06 20:29:59.999997,15,8.9141865,7.2058425,7.3222547,8.7
2021-11-06 18:00:00.000000,2021-11-06 20:40:00.000001,16,8.525953,7.201813,7.3222547,8.67
2021-11-06 18:00:00.000000,2021-11-06 20:49:59.999996,17,8.289915,7.1972313,7.3222547,8.29
2021-11-06 18:00:00.000000,2021-11-06 21:00:00.000000,18,8.178341,7.192462,7.3222547,8.05
2021-11-06 18:00:00.000000,2021-11-06 21:10:00.000004,19,7.906428,7.18777,7.3222547,7.97
2021-11-06 18:00:00.000000,2021-11-06 21:19:59.999999,20,7.677072,7.183339,7.3222547,7.88
2021-11-06 18:00:00.000000,2021-11-06 21:30:00.000003,21,7.7425747,7.1792874,7.3222547,7.37
2021-11-06 18:00:00.000000,2021-11-06 21:39:59.999998,22,7.821533,7.175672,7.3222547,8.06
2021-11-06 18:00:00.000000,2021-11-06 21:50:00.000002,23,7.57925,7.172517,7.3222547,7.62
2021-11-06 18:00:00.000000,2021-11-06 21:59:59.999997,24,7.240751,7.169814,7.3222547,7.03
2021-11-06 18:00:00.000000,2021-11-06 22:10:00.000001,25,7.21208,7.1675344,7.3222547,7.37
2021-11-06 18:00:00.000000,2021-11-06 22:19:59.999996,26,7.508643,7.165642,7.3222547,7.61
2021-11-06 18:00:00.000000,2021-11-06 22:30:00.000000,27,7.887239,7.164089,7.3222547,7.46
2021-11-06 18:00:00.000000,2021-11-06 22:40:00.000004,28,8.17175,7.1628356,7.3222547,8.78
2021-11-06 18:00:00.000000,2021-11-06 22:49:59.999999,29,8.2703905,7.161834,7.3222547,7.76
2021-11-06 18:00:00.000000,2021-11-06 23:00:00.000003,30,8.119549,7.1610446,7.3222547,8.3
2021-11-06 18:00:00.000000,2021-11-06 23:09:59.999998,31,7.7757177,7.1604295,7.3222547,7.97
2021-11-06 18:00:00.000000,2021-11-06 23:20:00.000002,32,7.4764404,7.1599584,7.3222547,7.08
2021-11-06 18:00:00.000000,2021-11-06 23:29:59.999997,33,7.4223742,7.1596036,7.3222547,7.69
2021-11-06 18:00:00.000000,2021-11-06 23:40:00.000001,34,7.5265737,7.1593394,7.3222547,7.63
2021-11-06 18:00:00.000000,2021-11-06 23:49:59.999996,35,7.541079,7.159148,7.3222547,7.22
2021-11-06 18:00:00.000000,2021-11-07 00:00:00.000000,36,7.363047,7.159014,7.3222547,7.55
2021-11-06 18:10:00.000004,2021-11-06 18:19:59.999999,1,8.10339,7.252185,7.7430706,7.97
2021-11-06 18:10:00.000004,2021-11-06 18:30:00.000003,2,7.8894243,7.2324696,7.7430706,8.08
2021-11-06 18:10:00.000004,2021-11-06 18:39:59.999998,3,7.5975237,7.24755,7.7430706,7.64
2021-11-06 18:10:00.000004,2021-11-06 18:50:00.000002,4,7.987655,7.2767334,7.7430706,7.71
2021-11-06 18:10:00.000004,2021-11-06 18:59:59.999997,5,8.528751,7.314563,7.7430706,8.79
2021-11-06 18:10:00.000004,2021-11-06 19:10:00.000001,6,8.323731,7.3547754,7.7430706,8.27
2021-11-06 18:10:00.000004,2021-11-06 19:19:59.999996,7,7.97074,7.392466,7.7430706,7.8
2021-11-06 18:10:00.000004,2021-11-06 19:30:00.000000,8,8.433108,7.42461,7.7430706,8.7
2021-11-06 18:10:00.000004,2021-11-06 19:40:00.000004,9,8.969177,7.4497986,7.7430706,8.79
2021-11-06 18:10:00.000004,2021-11-06 19:49:59.999999,10,8.484435,7.4677825,7.7430706,8.51
2021-11-06 18:10:00.000004,2021-11-06 20:00:00.000003,11,7.755174,7.4790535,7.7430706,7.82
2021-11-06 18:10:00.000004,2021-11-06 20:09:59.999998,12,8.024384,7.4845147,7.7430706,7.9
2021-11-06 18:10:00.000004,2021-11-06 20:20:00.000002,13,8.786168,7.4852567,7.7430706,8.98
2021-11-06 18:10:00.000004,2021-11-06 20:29:59.999997,14,8.9141865,7.4823794,7.7430706,8.7
2021-11-06 18:10:00.000004,2021-11-06 20:40:00.000001,15,8.525953,7.4769154,7.7430706,8.67
2021-11-06 18:10:00.000004,2021-11-06 20:49:59.999996,16,8.289915,7.469754,7.7430706,8.29
2021-11-06 18:10:00.000004,2021-11-06 21:00:00.000000,17,8.178341,7.4616313,7.7430706,8.05
2021-11-06 18:10:00.000004,2021-11-06 21:10:00.000004,18,7.906428,7.4531302,7.7430706,7.97
2021-11-06 18:10:00.000004,2021-11-06 21:19:59.999999,19,7.677072,7.4446797,7.7430706,7.88
2021-11-06 18:10:00.000004,2021-11-06 21:30:00.000003,20,7.7425747,7.43659,7.7430706,7.37
2021-11-06 18:10:00.000004,2021-11-06 21:39:59.999998,21,7.821533,7.429059,7.7430706,8.06
2021-11-06 18:10:00.000004,2021-11-06 21:50:00.000002,22,7.57925,7.4222045,7.7430706,7.62
2021-11-06 18:10:00.000004,2021-11-06 21:59:59.999997,23,7.240751,7.416081,7.7430706,7.03
2021-11-06 18:10:00.000004,2021-11-06 22:10:00.000001,24,7.21208,7.410695,7.7430706,7.37
2021-11-06 18:10:00.000004,2021-11-06 22:19:59.999996,25,7.508643,7.4060216,7.7430706,7.61
2021-11-06 18:10:00.000004,2021-11-06 22:30:00.000000,26,7.887239,7.402014,7.7430706,7.46
2021-11-06 18:10:00.000004,2021-11-06 22:40:00.000004,27,8.17175,7.398615,7.7430706,8.78
2021-11-06 18:10:00.000004,2021-11-06 22:49:59.999999,28,8.2703905,7.3957596,7.7430706,7.76
2021-11-06 18:10:00.000004,2021-11-06 23:00:00.000003,29,8.119549,7.3933825,7.7430706,8.3
2021-11-06 18:10:00.000004,2021-11-06 23:09:59.999998,30,7.7757177,7.391421,7.7430706,7.97
2021-11-06 18:10:00.000004,2021-11-06 23:20:00.000002,31,7.4764404,7.3898163,7.7430706,7.08
2021-11-06 18:10:00.000004,2021-11-06 23:29:59.999997,32,7.4223742,7.388515,7.7430706,7.69
2021-11-06 18:10:00.000004,2021-11-06 23:40:00.000001,33,7.5265737,7.3874683,7.7430706,7.63
2021-11-06 18:10:00.000004,2021-11-06 23:49:59.999996,34,7.541079,7.3866353,7.7430706,7.22
2021-11-06 18:10:00.000004,2021-11-07 00:00:00.000000,35,7.363047,7.385979,7.7430706,7.55
2021-11-06 18:10:00.000004,2021-11-07 00:10:00.000004,36,7.071785,7.385467,7.7430706,7.03
2021-11-06 18:19:59.999999,2021-11-06 18:30:00.000003,1,7.8894243,7.3644533,8.10339,8.08
2021-11-06 18:19:59.999999,2021-11-06 18:39:59.999998,2,7.5975237,7.380194,8.10339,7.64
2021-11-06 18:19:59.999999,2021-11-06 18:50:00.000002,3,7.987655,7.4305267,8.10339,7.71
2021-11-06 18:19:59.999999,2021-11-06 18:59:59.999997,4,8.528751,7.4909773,8.10339,8.79
2021-11-06 18:19:59.999999,2021-11-06 19:10:00.000001,5,8.323731,7.554377,8.10339,8.27
2021-11-06 18:19:59.999999,2021-11-06 19:19:59.999996,6,7.97074,7.6140895,8.10339,7.8
2021-11-06 18:19:59.999999,2021-11-06 19:30:00.000000,7,8.433108,7.66554,8.10339,8.7
2021-11-06 18:19:59.999999,2021-11-06 19:40:00.000004,8,8.969177,7.7063622,8.10339,8.79
2021-11-06 18:19:59.999999,2021-11-06 19:49:59.999999,9,8.484435,7.735942,8.10339,8.51
2021-11-06 18:19:59.999999,2021-11-06 20:00:00.000003,10,7.755174,7.754842,8.10339,7.82
2021-11-06 18:19:59.999999,2021-11-06 20:09:59.999998,11,8.024384,7.7643204,8.10339,7.9
2021-11-06 18:19:59.999999,2021-11-06 20:20:00.000002,12,8.786168,7.76598,8.10339,8.98
2021-11-06 18:19:59.999999,2021-11-06 20:29:59.999997,13,8.9141865,7.761503,8.10339,8.7
2021-11-06 18:19:59.999999,2021-11-06 20:40:00.000001,14,8.525953,7.7525005,8.10339,8.67
2021-11-06 18:19:59.999999,2021-11-06 20:49:59.999996,15,8.289915,7.7404056,8.10339,8.29
2021-11-06 18:19:59.999999,2021-11-06 21:00:00.000000,16,8.178341,7.726439,8.10339,8.05
2021-11-06 18:19:59.999999,2021-11-06 21:10:00.000004,17,7.906428,7.711579,8.10339,7.97
2021-11-06 18:19:59.999999,2021-11-06 21:19:59.999999,18,7.677072,7.696588,8.10339,7.88
2021-11-06 18:19:59.999999,2021-11-06 21:30:00.000003,19,7.7425747,7.68202,8.10339,7.37
2021-11-06 18:19:59.999999,2021-11-06 21:39:59.999998,20,7.821533,7.6682625,8.10339,8.06
2021-11-06 18:19:59.999999,2021-11-06 21:50:00.000002,21,7.57925,7.655562,8.10339,7.62
2021-11-06 18:19:59.999999,2021-11-06 21:59:59.999997,22,7.240751,7.644053,8.10339,7.03
2021-11-06 18:19:59.999999,2021-11-06 22:10:00.000001,23,7.21208,7.633785,8.10339,7.37
2021-11-06 18:19:59.999999,2021-11-06 22:19:59.999996,24,7.508643,7.624746,8.10339,7.61
2021-11-06 18:19:59.999999,2021-11-06 22:30:00.000000,25,7.887239,7.616884,8.10339,7.46
2021-11-06 18:19:59.999999,2021-11-06 22:40:00.000004,26,8.17175,7.6101203,8.10339,8.78
2021-11-06 18:19:59.999999,2021-11-06 22:49:59.999999,27,8.2703905,7.6043534,8.10339,7.76
2021-11-06 18:19:59.999999,2021-11-06 23:00:00.000003,28,8.119549,7.599486,8.10339,8.3
2021-11-06 18:19:59.999999,2021-11-06 23:09:59.999998,29,7.7757177,7.595409,8.10339,7.97
2021-11-06 18:19:59.999999,2021-11-06 23:20:00.000002,30,7.4764404,7.5920258,8.10339,7.08
2021-11-06 18:19:59.999999,2021-11-06 23:29:59.999997,31,7.4223742,7.589239,8.10339,7.69
2021-11-06 18:19:59.999999,2021-11-06 23:40:00.000001,32,7.5265737,7.586964,8.10339,7.63
2021-11-06 18:19:59.999999,2021-11-06 23:49:59.999996,33,7.541079,7.5851235,8.10339,7.22
2021-11-06 18:19:59.999999,2021-11-07 00:00:00.000000,34,7.363047,7.583647,8.10339,7.55
2021-11-06 18:19:59.999999,2021-11-07 00:10:00.000004,35,7.071785,7.582475,8.10339,7.03
2021-11-06 18:19:59.999999,2021-11-07 00:19:59.999999,36,6.7458434,7.581558,8.10339,6.89
2021-11-06 18:30:00.000003,2021-11-06 18:39:59.999998,1,7.5975237,7.443767,7.8894243,7.64
2021-11-06 18:30:00.000003,2021-11-06 18:50:00.000002,2,7.987655,7.4723425,7.8894243,7.71
2021-11-06 18:30:00.000003,2021-11-06 18:59:59.999997,3,8.528751,7.5284567,7.8894243,8.79
2021-11-06 18:30:00.000003,2021-11-06 19:10:00.000001,4,8.323731,7.587381,7.8894243,8.27
2021-11-06 18:30:00.000003,2021-11-06 19:19:59.999996,5,7.97074,7.6432567,7.8894243,7.8
2021-11-06 18:30:00.000003,2021-11-06 19:30:00.000000,6,8.433108,7.691079,7.8894243,8.7
2021-11-06 18:30:00.000003,2021-11-06 19:40:00.000004,7,8.969177,7.7277718,7.8894243,8.79
2021-11-06 18:30:00.000003,2021-11-06 19:49:59.999999,8,8.484435,7.7522,7.8894243,8.51
2021-11-06 18:30:00.000003,2021-11-06 20:00:00.000003,9,7.755174,7.7647047,7.8894243,7.82
2021-11-06 18:30:00.000003,2021-11-06 20:09:59.999998,10,8.024384,7.7665596,7.8894243,7.9
2021-11-06 18:30:00.000003,2021-11-06 20:20:00.000002,11,8.786168,7.7595396,7.8894243,8.98
2021-11-06 18:30:00.000003,2021-11-06 20:29:59.999997,12,8.9141865,7.7455945,7.8894243,8.7
2021-11-06 18:30:00.000003,2021-11-06 20:40:00.000001,13,8.525953,7.7266397,7.8894243,8.67
2021-11-06 18:30:00.000003,2021-11-06 20:49:59.999996,14,8.289915,7.704413,7.8894243,8.29
2021-11-06 18:30:00.000003,2021-11-06 21:00:00.000000,15,8.178341,7.6804037,7.8894243,8.05
2021-11-06 18:30:00.000003,2021-11-06 21:10:00.000004,16,7.906428,7.6558247,7.8894243,7.97
2021-11-06 18:30:00.000003,2021-11-06 21:19:59.999999,17,7.677072,7.631617,7.8894243,7.88
2021-11-06 18:30:00.000003,2021-11-06 21:30:00.000003,18,7.7425747,7.6084676,7.8894243,7.37
2021-11-06 18:30:00.000003,2021-11-06 21:39:59.999998,19,7.821533,7.5868454,7.8894243,8.06
2021-11-06 18:30:00.000003,2021-11-06 21:50:00.000002,20,7.57925,7.567039,7.8894243,7.62
2021-11-06 18:30:00.000003,2021-11-06 21:59:59.999997,21,7.240751,7.549193,7.8894243,7.03
2021-11-06 18:30:00.000003,2021-11-06 22:10:00.000001,22,7.21208,7.533341,7.8894243,7.37
2021-11-06 18:30:00.000003,2021-11-06 22:19:59.999996,23,7.508643,7.5194345,7.8894243,7.61
2021-11-06 18:30:00.000003,2021-11-06 22:30:00.000000,24,7.887239,7.5073752,7.8894243,7.46
2021-11-06 18:30:00.000003,2021-11-06 22:40:00.000004,25,8.17175,7.4970226,7.8894243,8.78
2021-11-06 18:30:00.000003,2021-11-06 22:49:59.999999,26,8.2703905,7.48822,7.8894243,7.76
2021-11-06 18:30:00.000003,2021-11-06 23:00:00.000003,27,8.119549,7.4808044,7.8894243,8.3
2021-11-06 18:30:00.000003,2021-11-06 23:09:59.999998,28,7.7757177,7.474611,7.8894243,7.97
2021-11-06 18:30:00.000003,2021-11-06 23:20:00.000002,29,7.4764404,7.4694834,7.8894243,7.08
2021-11-06 18:30:00.000003,2021-11-06 23:29:59.999997,30,7.4223742,7.465274,7.8894243,7.69
2021-11-06 18:30:00.000003,2021-11-06 23:40:00.000001,31,7.5265737,7.4618473,7.8894243,7.63
2021-11-06 18:30:00.000003,2021-11-06 23:49:59.999996,32,7.541079,7.4590864,7.8894243,7.22
2021-11-06 18:30:00.000003,2021-11-07 00:00:00.000000,33,7.363047,7.4568834,7.8894243,7.55
2021-11-06 18:30:00.000003,2021-11-07 00:10:00.000004,34,7.071785,7.455144,7.8894243,7.03
2021-11-06 18:30:00.000003,2021-11-07 00:19:59.999999,35,6.7458434,7.453789,7.8894243,6.89
2021-11-06 18:30:00.000003,2021-11-07 00:30:00.000003,36,6.488458,7.4527483,7.8894243,6.28
2021-11-06 18:39:59.999998,2021-11-06 18:50:00.000002,1,7.987655,7.4840117,7.5975237,7.71
2021-11-06 18:39:59.999998,2021-11-06 18:59:59.999997,2,8.528751,7.505694,7.5975237,8.79
2021-11-06 18:39:59.999998,2021-11-06 19:10:00.000001,3,8.323731,7.551493,7.5975237,8.27
2021-11-06 18:39:59.999998,2021-11-06 19:19:59.999996,4,7.97074,7.597953,7.5975237,7.8
2021-11-06 18:39:59.999998,2021-11-06 19:30:00.000000,5,8.433108,7.6396146,7.5975237,8.7
2021-11-06 18:39:59.999998,2021-11-06 19:40:00.000004,6,8.969177,7.672242,7.5975237,8.79
2021-11-06 18:39:59.999998,2021-11-06 19:49:59.999999,7,8.484435,7.693476,7.5975237,8.51
2021-11-06 18:39:59.999998,2021-11-06 20:00:00.000003,8,7.755174,7.7027445,7.5975237,7.82
2021-11-06 18:39:59.999998,2021-11-06 20:09:59.999998,9,8.024384,7.700785,7.5975237,7.9
2021-11-06 18:39:59.999998,2021-11-06 20:20:00.000002,10,8.786168,7.689134,7.5975237,8.98
2021-11-06 18:39:59.999998,2021-11-06 20:29:59.999997,11,8.9141865,7.6697197,7.5975237,8.7
2021-11-06 18:39:59.999998,2021-11-06 20:40:00.000001,12,8.525953,7.6445694,7.5975237,8.67
2021-11-06 18:39:59.999998,2021-11-06 20:49:59.999996,13,8.289915,7.6156087,7.5975237,8.29
2021-11-06 18:39:59.999998,2021-11-06 21:00:00.000000,14,8.178341,7.584548,7.5975237,8.05
2021-11-06 18:39:59.999998,2021-11-06 21:10:00.000004,15,7.906428,7.552819,7.5975237,7.97
2021-11-06 18:39:59.999998,2021-11-06 21:19:59.999999,16,7.677072,7.5215516,7.5975237,7.88
2021-11-06 18:39:59.999998,2021-11-06 21:30:00.000003,17,7.7425747,7.491599,7.5975237,7.37
2021-11-06 18:39:59.999998,2021-11-06 21:39:59.999998,18,7.821533,7.463555,7.5975237,8.06
2021-11-06 18:39:59.999998,2021-11-06 21:50:00.000002,19,7.57925,7.437793,7.5975237,7.62
2021-11-06 18:39:59.999998,2021-11-06 21:59:59.999997,20,7.240751,7.41451,7.5975237,7.03
2021-11-06 18:39:59.999998,2021-11-06 22:10:00.000001,21,7.21208,7.3937626,7.5975237,7.37
2021-11-06 18:39:59.999998,2021-11-06 22:19:59.999996,22,7.508643,7.3755083,7.5975237,7.61
2021-11-06 18:39:59.999998,2021-11-06 22:30:00.000000,23,7.887239,7.359626,7.5975237,7.46
2021-11-06 18:39:59.999998,2021-11-06 22:40:00.000004,24,8.17175,7.345949,7.5975237,8.78
2021-11-06 18:39:59.999998,2021-11-06 22:49:59.999999,25,8.2703905,7.334287,7.5975237,7.76
2021-11-06 18:39:59.999998,2021-11-06 23:00:00.000003,26,8.119549,7.3244305,7.5975237,8.3
2021-11-06 18:39:59.999998,2021-11-06 23:09:59.999998,27,7.7757177,7.3161736,7.5975237,7.97
2021-11-06 18:39:59.999998,2021-11-06 23:20:00.000002,28,7.4764404,7.309315,7.5975237,7.08
2021-11-06 18:39:59.999998,2021-11-06 23:29:59.999997,29,7.4223742,7.3036675,7.5975237,7.69
2021-11-06 18:39:59.999998,2021-11-06 23:40:00.000001,30,7.5265737,7.299057,7.5975237,7.63
2021-11-06 18:39:59.999998,2021-11-06 23:49:59.999996,31,7.541079,7.295326,7.5975237,7.22
2021-11-06 18:39:59.999998,2021-11-07 00:00:00.000000,32,7.363047,7.2923393,7.5975237,7.55
2021-11-06 18:39:59.999998,2021-11-07 00:10:00.000004,33,7.071785,7.2899694,7.5975237,7.03
2021-11-06 18:39:59.999998,2021-11-07 00:19:59.999999,34,6.7458434,7.288113,7.5975237,6.89
2021-11-06 18:39:59.999998,2021-11-07 00:30:00.000003,35,6.488458,7.286681,7.5975237,6.28
2021-11-06 18:39:59.999998,2021-11-07 00:39:59.999998,36,6.5905223,7.2855906,7.5975237,6.64
2021-11-06 18:50:00.000002,2021-11-06 18:59:59.999997,1,8.528751,7.461699,7.987655,8.79
2021-11-06 18:50:00.000002,2021-11-06 19:10:00.000001,2,8.323731,7.541154,7.987655,8.27
2021-11-06 18:50:00.000002,2021-11-06 19:19:59.999996,3,7.97074,7.63282,7.987655,7.8
2021-11-06 18:50:00.000002,2021-11-06 19:30:00.000000,4,8.433108,7.715217,7.987655,8.7
2021-11-06 18:50:00.000002,2021-11-06 19:40:00.000004,5,8.969177,7.78497,7.987655,8.79
2021-11-06 18:50:00.000002,2021-11-06 19:49:59.999999,6,8.484435,7.8395247,7.987655,8.51
2021-11-06 18:50:00.000002,2021-11-06 20:00:00.000003,7,7.755174,7.8778605,7.987655,7.82
2021-11-06 18:50:00.000002,2021-11-06 20:09:59.999998,8,8.024384,7.9004397,7.987655,7.9
2021-11-06 18:50:00.000002,2021-11-06 20:20:00.000002,9,8.786168,7.9087873,7.987655,8.98
2021-11-06 18:50:00.000002,2021-11-06 20:29:59.999997,10,8.9141865,7.905045,7.987655,8.7
2021-11-06 18:50:00.000002,2021-11-06 20:40:00.000001,11,8.525953,7.8916173,7.987655,8.67
2021-11-06 18:50:00.000002,2021-11-06 20:49:59.999996,12,8.289915,7.870905,7.987655,8.29
2021-11-06 18:50:00.000002,2021-11-06 21:00:00.000000,13,8.178341,7.845139,7.987655,8.05
2021-11-06 18:50:00.000002,2021-11-06 21:10:00.000004,14,7.906428,7.8162785,7.987655,7.97
2021-11-06 18:50:00.000002,2021-11-06 21:19:59.999999,15,7.677072,7.7859597,7.987655,7.88
2021-11-06 18:50:00.000002,2021-11-06 21:30:00.000003,16,7.7425747,7.755487,7.987655,7.37
2021-11-06 18:50:00.000002,2021-11-06 21:39:59.999998,17,7.821533,7.725849,7.987655,8.06
2021-11-06 18:50:00.000002,2021-11-06 21:50:00.000002,18,7.57925,7.6977577,7.987655,7.62
2021-11-06 18:50:00.000002,2021-11-06 21:59:59.999997,19,7.240751,7.6716824,7.987655,7.03
2021-11-06 18:50:00.000002,2021-11-06 22:10:00.000001,20,7.21208,7.6478963,7.987655,7.37
2021-11-06 18:50:00.000002,2021-11-06 22:19:59.999996,21,7.508643,7.626522,7.987655,7.61
2021-11-06 18:50:00.000002,2021-11-06 22:30:00.000000,22,7.887239,7.6075635,7.987655,7.46
2021-11-06 18:50:00.000002,2021-11-06 22:40:00.000004,23,8.17175,7.59094,7.987655,8.78
2021-11-06 18:50:00.000002,2021-11-06 22:49:59.999999,24,8.2703905,7.576516,7.987655,7.76
2021-11-06 18:50:00.000002,2021-11-06 23:00:00.000003,25,8.119549,7.5641203,7.987655,8.3
2021-11-06 18:50:00.000002,2021-11-06 23:09:59.999998,26,7.7757177,7.553562,7.987655,7.97
2021-11-06 18:50:00.000002,2021-11-06 23:20:00.000002,27,7.4764404,7.5446463,7.987655,7.08
2021-11-06 18:50:00.000002,2021-11-06 23:29:59.999997,28,7.4223742,7.5371766,7.987655,7.69
2021-11-06 18:50:00.000002,2021-11-06 23:40:00.000001,29,7.5265737,7.530972,7.987655,7.63
2021-11-06 18:50:00.000002,2021-11-06 23:49:59.999996,30,7.541079,7.5258574,7.987655,7.22
2021-11-06 18:50:00.000002,2021-11-07 00:00:00.000000,31,7.363047,7.5216804,7.987655,7.55
2021-11-06 18:50:00.000002,2021-11-07 00:10:00.000004,32,7.071785,7.5182977,7.987655,7.03
2021-11-06 18:50:00.000002,2021-11-07 00:19:59.999999,33,6.7458434,7.5155816,7.987655,6.89
2021-11-06 18:50:00.000002,2021-11-07 00:30:00.000003,34,6.488458,7.5134263,7.987655,6.28
2021-11-06 18:50:00.000002,2021-11-07 00:39:59.999998,35,6.5905223,7.5117354,7.987655,6.64
2021-11-06 18:50:00.000002,2021-11-07 00:50:00.000002,36,7.201223,7.510426,7.987655,7.2
2021-11-06 18:59:59.999997,2021-11-06 19:10:00.000001,1,8.323731,7.4899583,8.528751,8.27
2021-11-06 18:59:59.999997,2021-11-06 19:19:59.999996,2,7.97074,7.63887,8.528751,7.8
2021-11-06 18:59:59.999997,2021-11-06 19:30:00.000000,3,8.433108,7.7869515,8.528751,8.7
2021-11-06 18:59:59.999997,2021-11-06 19:40:00.000004,4,8.969177,7.914279,8.528751,8.79
2021-11-06 18:59:59.999997,2021-11-06 19:49:59.999999,5,8.484435,8.019288,8.528751,8.51
2021-11-06 18:59:59.999997,2021-11-06 20:00:00.000003,6,7.755174,8.101182,8.528751,7.82
2021-11-06 18:59:59.999997,2021-11-06 20:09:59.999998,7,8.024384,8.16047,8.528751,7.9
2021-11-06 18:59:59.999997,2021-11-06 20:20:00.000002,8,8.786168,8.198894,8.528751,8.98
2021-11-06 18:59:59.999997,2021-11-06 20:29:59.999997,9,8.9141865,8.219025,8.528751,8.7
2021-11-06 18:59:59.999997,2021-11-06 20:40:00.000001,10,8.525953,8.223849,8.528751,8.67
2021-11-06 18:59:59.999997,2021-11-06 20:49:59.999996,11,8.289915,8.216461,8.528751,8.29
2021-11-06 18:59:59.999997,2021-11-06 21:00:00.000000,12,8.178341,8.199814,8.528751,8.05
2021-11-06 18:59:59.999997,2021-11-06 21:10:00.000004,13,7.906428,8.176592,8.528751,7.97
2021-11-06 18:59:59.999997,2021-11-06 21:19:59.999999,14,7.677072,8.149115,8.528751,7.88
2021-11-06 18:59:59.999997,2021-11-06 21:30:00.000003,15,7.7425747,8.119314,8.528751,7.37
2021-11-06 18:59:59.999997,2021-11-06 21:39:59.999998,16,7.821533,8.088725,8.528751,8.06
2021-11-06 18:59:59.999997,2021-11-06 21:50:00.000002,17,7.57925,8.058528,8.528751,7.62
2021-11-06 18:59:59.999997,2021-11-06 21:59:59.999997,18,7.240751,8.029576,8.528751,7.03
2021-11-06 18:59:59.999997,2021-11-06 22:10:00.000001,19,7.21208,8.002455,8.528751,7.37
2021-11-06 18:59:59.999997,2021-11-06 22:19:59.999996,20,7.508643,7.9775243,8.528751,7.61
2021-11-06 18:59:59.999997,2021-11-06 22:30:00.000000,21,7.887239,7.9549713,8.528751,7.46
2021-11-06 18:59:59.999997,2021-11-06 22:40:00.000004,22,8.17175,7.934845,8.528751,8.78
2021-11-06 18:59:59.999997,2021-11-06 22:49:59.999999,23,8.2703905,7.9171047,8.528751,7.76
2021-11-06 18:59:59.999997,2021-11-06 23:00:00.000003,24,8.119549,7.9016294,8.528751,8.3
2021-11-06 18:59:59.999997,2021-11-06 23:09:59.999998,25,7.7757177,7.8882666,8.528751,7.97
2021-11-06 18:59:59.999997,2021-11-06 23:20:00.000002,26,7.4764404,7.876832,8.528751,7.08
2021-11-06 18:59:59.999997,2021-11-06 23:29:59.999997,27,7.4223742,7.8671308,8.528751,7.69
2021-11-06 18:59:59.999997,2021-11-06 23:40:00.000001,28,7.5265737,7.858969,8.528751,7.63
2021-11-06 18:59:59.999997,2021-11-06 23:49:59.999996,29,7.541079,7.852159,8.528751,7.22
2021-11-06 18:59:59.999997,2021-11-07 00:00:00.000000,30,7.363047,7.846523,8.528751,7.55
2021-11-06 18:59:59.999997,2021-11-07 00:10:00.000004,31,7.071785,7.8418975,8.528751,7.03
2021-11-06 18:59:59.999997,2021-11-07 00:19:59.999999,32,6.7458434,7.838134,8.528751,6.89
2021-11-06 18:59:59.999997,2021-11-07 00:30:00.000003,33,6.488458,7.8350987,8.528751,6.28
2021-11-06 18:59:59.999997,2021-11-07 00:39:59.999998,34,6.5905223,7.8326797,8.528751,6.64
2021-11-06 18:59:59.999997,2021-11-07 00:50:00.000002,35,7.201223,7.8307714,8.528751,7.2
2021-11-06 18:59:59.999997,2021-11-07 00:59:59.999997,36,7.8830657,7.829285,8.528751,8.1
2021-11-06 19:10:00.000001,2021-11-06 19:19:59.999996,1,7.97074,7.5331078,8.323731,7.8
2021-11-06 19:10:00.000001,2021-11-06 19:30:00.000000,2,8.433108,7.6666408,8.323731,8.7
2021-11-06 19:10:00.000001,2021-11-06 19:40:00.000004,3,8.969177,7.7999387,8.323731,8.79
2021-11-06 19:10:00.000001,2021-11-06 19:49:59.999999,4,8.484435,7.9124303,8.323731,8.51
2021-11-06 19:10:00.000001,2021-11-06 20:00:00.000003,5,7.755174,8.003045,8.323731,7.82
2021-11-06 19:10:00.000001,2021-11-06 20:09:59.999998,6,8.024384,8.071325,8.323731,7.9
2021-11-06 19:10:00.000001,2021-11-06 20:20:00.000002,7,8.786168,8.118044,8.323731,8.98
2021-11-06 19:10:00.000001,2021-11-06 20:29:59.999997,8,8.9141865,8.145109,8.323731,8.7
2021-11-06 19:10:00.000001,2021-11-06 20:40:00.000001,9,8.525953,8.155188,8.323731,8.67
2021-11-06 19:10:00.000001,2021-11-06 20:49:59.999996,10,8.289915,8.151283,8.323731,8.29
2021-11-06 19:10:00.000001,2021-11-06 21:00:00.000000,11,8.178341,8.13645,8.323731,8.05
2021-11-06 19:10:00.000001,2021-11-06 21:10:00.000004,12,7.906428,8.113562,8.323731,7.97
2021-11-06 19:10:00.000001,2021-11-06 21:19:59.999999,13,7.677072,8.085193,8.323731,7.88
2021-11-06 19:10:00.000001,2021-11-06 21:30:00.000003,14,7.7425747,8.053547,8.323731,7.37
2021-11-06 19:10:00.000001,2021-11-06 21:39:59.999998,15,7.821533,8.02043,8.323731,8.06
2021-11-06 19:10:00.000001,2021-11-06 21:50:00.000002,16,7.57925,7.9872613,8.323731,7.62
2021-11-06 19:10:00.000001,2021-11-06 21:59:59.999997,17,7.240751,7.9551044,8.323731,7.03
2021-11-06 19:10:00.000001,2021-11-06 22:10:00.000001,18,7.21208,7.9247117,8.323731,7.37
2021-11-06 19:10:00.000001,2021-11-06 22:19:59.999996,19,7.508643,7.8965726,8.323731,7.61
2021-11-06 19:10:00.000001,2021-11-06 22:30:00.000000,20,7.887239,7.8709664,8.323731,7.46
2021-11-06 19:10:00.000001,2021-11-06 22:40:00.000004,21,8.17175,7.848011,8.323731,8.78
2021-11-06 19:10:00.000001,2021-11-06 22:49:59.999999,22,8.2703905,7.8276963,8.323731,7.76
2021-11-06 19:10:00.000001,2021-11-06 23:00:00.000003,23,8.119549,7.8099256,8.323731,8.3
2021-11-06 19:10:00.000001,2021-11-06 23:09:59.999998,24,7.7757177,7.7945433,8.323731,7.97
2021-11-06 19:10:00.000001,2021-11-06 23:20:00.000002,25,7.4764404,7.781358,8.323731,7.08
2021-11-06 19:10:00.000001,2021-11-06 23:29:59.999997,26,7.4223742,7.770158,8.323731,7.69
2021-11-06 19:10:00.000001,2021-11-06 23:40:00.000001,27,7.5265737,7.760728,8.323731,7.63
2021-11-06 19:10:00.000001,2021-11-06 23:49:59.999996,28,7.541079,7.752856,8.323731,7.22
2021-11-06 19:10:00.000001,2021-11-07 00:00:00.000000,29,7.363047,7.7463403,8.323731,7.55
2021-11-06 19:10:00.000001,2021-11-07 00:10:00.000004,30,7.071785,7.7409935,8.323731,7.03
2021-11-06 19:10:00.000001,2021-11-07 00:19:59.999999,31,6.7458434,7.736647,8.323731,6.89
2021-11-06 19:10:00.000001,2021-11-07 00:30:00.000003,32,6.488458,7.7331457,8.323731,6.28
2021-11-06 19:10:00.000001,2021-11-07 00:39:59.999998,33,6.5905223,7.730355,8.323731,6.64
2021-11-06 19:10:00.000001,2021-11-07 00:50:00.000002,34,7.201223,7.728156,8.323731,7.2
2021-11-06 19:10:00.000001,2021-11-07 00:59:59.999997,35,7.8830657,7.726447,8.323731,8.1
2021-11-06 19:10:00.000001,2021-11-07 01:10:00.000001,36,8.110105,7.7251406,8.323731,7.82
2021-11-06 19:19:59.999996,2021-11-06 19:30:00.000000,1,8.433108,7.5601773,7.97074,8.7
2021-11-06 19:19:59.999996,2021-11-06 19:40:00.000004,2,8.969177,7.648156,7.97074,8.79
2021-11-06 19:19:59.999996,2021-11-06 19:49:59.999999,3,8.484435,7.7459702,7.97074,8.51
2021-11-06 19:19:59.999996,2021-11-06 20:00:00.000003,4,7.755174,7.830083,7.97074,7.82
2021-11-06 19:19:59.999996,2021-11-06 20:09:59.999998,5,8.024384,7.897923,7.97074,7.9
2021-11-06 19:19:59.999996,2021-11-06 20:20:00.000002,6,8.786168,7.9478006,7.97074,8.98
2021-11-06 19:19:59.999996,2021-11-06 20:29:59.999997,7,8.9141865,7.9795537,7.97074,8.7
2021-11-06 19:19:59.999996,2021-11-06 20:40:00.000001,8,8.525953,7.9944205,7.97074,8.67
2021-11-06 19:19:59.999996,2021-11-06 20:49:59.999996,9,8.289915,7.994557,7.97074,8.29
2021-11-06 19:19:59.999996,2021-11-06 21:00:00.000000,10,8.178341,7.9825835,7.97074,8.05
2021-11-06 19:19:59.999996,2021-11-06 21:10:00.000004,11,7.906428,7.961241,7.97074,7.97
2021-11-06 19:19:59.999996,2021-11-06 21:19:59.999999,12,7.677072,7.9331512,7.97074,7.88
2021-11-06 19:19:59.999996,2021-11-06 21:30:00.000003,13,7.7425747,7.90068,7.97074,7.37
2021-11-06 19:19:59.999996,2021-11-06 21:39:59.999998,14,7.821533,7.865845,7.97074,8.06
2021-11-06 19:19:59.999996,2021-11-06 21:50:00.000002,15,7.57925,7.830298,7.97074,7.62
2021-11-06 19:19:59.999996,2021-11-06 21:59:59.999997,16,7.240751,7.7953253,7.97074,7.03
2021-11-06 19:19:59.999996,2021-11-06 22:10:00.000001,17,7.21208,7.7618737,7.97074,7.37
2021-11-06 19:19:59.999996,2021-11-06 22:19:59.999996,18,7.508643,7.7305965,7.97074,7.61
2021-11-06 19:19:59.999996,2021-11-06 22:30:00.000000,19,7.887239,7.7019005,7.97074,7.46
2021-11-06 19:19:59.999996,2021-11-06 22:40:00.000004,20,8.17175,7.6759977,7.97074,8.78
2021-11-06 19:19:59.999996,2021-11-06 22:49:59.999999,21,8.2703905,7.6529417,7.97074,7.76
2021-11-06 19:19:59.999996,2021-11-06 23:00:00.000003,22,8.119549,7.6326733,7.97074,8.3
2021-11-06 19:19:59.999996,2021-11-06 23:09:59.999998,23,7.7757177,7.6150584,7.97074,7.97
2021-11-06 19:19:59.999996,2021-11-06 23:20:00.000002,24,7.4764404,7.599905,7.97074,7.08
2021-11-06 19:19:59.999996,2021-11-06 23:29:59.999997,25,7.4223742,7.586996,7.97074,7.69
2021-11-06 19:19:59.999996,2021-11-06 23:40:00.000001,26,7.5265737,7.576099,7.97074,7.63
2021-11-06 19:19:59.999996,2021-11-06 23:49:59.999996,27,7.541079,7.566982,7.97074,7.22
2021-11-06 19:19:59.999996,2021-11-07 00:00:00.000000,28,7.363047,7.559422,7.97074,7.55
2021-11-06 19:19:59.999996,2021-11-07 00:10:00.000004,29,7.071785,7.5532074,7.97074,7.03
2021-11-06 19:19:59.999996,2021-11-07 00:19:59.999999,30,6.7458434,7.548146,7.97074,6.89
2021-11-06 19:19:59.999996,2021-11-07 00:30:00.000003,31,6.488458,7.5440636,7.97074,6.28
2021-11-06 19:19:59.999996,2021-11-07 00:39:59.999998,32,6.5905223,7.5408044,7.97074,6.64
2021-11-06 19:19:59.999996,2021-11-07 00:50:00.000002,33,7.201223,7.5382304,7.97074,7.2
2021-11-06 19:19:59.999996,2021-11-07 00:59:59.999997,34,7.8830657,7.536225,7.97074,8.1
2021-11-06 19:19:59.999996,2021-11-07 01:10:00.000001,35,8.110105,7.5346866,7.97074,7.82
2021-11-06 19:19:59.999996,2021-11-07 01:19:59.999996,36,7.9896407,7.533527,7.97074,8.0
2021-11-06 19:30:00.000000,2021-11-06 19:40:00.000004,1,8.969177,7.625713,8.433108,8.79
2021-11-06 19:30:00.000000,2021-11-06 19:49:59.999999,2,8.484435,7.7178807,8.433108,8.51
2021-11-06 19:30:00.000000,2021-11-06 20:00:00.000003,3,7.755174,7.8323407,8.433108,7.82
2021-11-06 19:30:00.000000,2021-11-06 20:09:59.999998,4,8.024384,7.938723,8.433108,7.9
2021-11-06 19:30:00.000000,2021-11-06 20:20:00.000002,5,8.786168,8.030916,8.433108,8.98
2021-11-06 19:30:00.000000,2021-11-06 20:29:59.999997,6,8.9141865,8.104917,8.433108,8.7
2021-11-06 19:30:00.000000,2021-11-06 20:40:00.000001,7,8.525953,8.159188,8.433108,8.67
2021-11-06 19:30:00.000000,2021-11-06 20:49:59.999996,8,8.289915,8.194234,8.433108,8.29
2021-11-06 19:30:00.000000,2021-11-06 21:00:00.000000,9,8.178341,8.211898,8.433108,8.05
2021-11-06 19:30:00.000000,2021-11-06 21:10:00.000004,10,7.906428,8.214758,8.433108,7.97
2021-11-06 19:30:00.000000,2021-11-06 21:19:59.999999,11,7.677072,8.205677,8.433108,7.88
2021-11-06 19:30:00.000000,2021-11-06 21:30:00.000003,12,7.7425747,8.187503,8.433108,7.37
2021-11-06 19:30:00.000000,2021-11-06 21:39:59.999998,13,7.821533,8.162868,8.433108,8.06
2021-11-06 19:30:00.000000,2021-11-06 21:50:00.000002,14,7.57925,8.134085,8.433108,7.62
2021-11-06 19:30:00.000000,2021-11-06 21:59:59.999997,15,7.240751,8.1030855,8.433108,7.03
2021-11-06 19:30:00.000000,2021-11-06 22:10:00.000001,16,7.21208,8.0714245,8.433108,7.37
2021-11-06 19:30:00.000000,2021-11-06 22:19:59.999996,17,7.508643,8.040291,8.433108,7.61
2021-11-06 19:30:00.000000,2021-11-06 22:30:00.000000,18,7.887239,8.010547,8.433108,7.46
2021-11-06 19:30:00.000000,2021-11-06 22:40:00.000004,19,8.17175,7.982783,8.433108,8.78
2021-11-06 19:30:00.000000,2021-11-06 22:49:59.999999,20,8.2703905,7.9573555,8.433108,7.76
2021-11-06 19:30:00.000000,2021-11-06 23:00:00.000003,21,8.119549,7.9344435,8.433108,8.3
2021-11-06 19:30:00.000000,2021-11-06 23:09:59.999998,22,7.7757177,7.9140863,8.433108,7.97
2021-11-06 19:30:00.000000,2021-11-06 23:20:00.000002,23,7.4764404,7.8962255,8.433108,7.08
2021-11-06 19:30:00.000000,2021-11-06 23:29:59.999997,24,7.4223742,7.8807306,8.433108,7.69
2021-11-06 19:30:00.000000,2021-11-06 23:40:00.000001,25,7.5265737,7.8674264,8.433108,7.63
2021-11-06 19:30:00.000000,2021-11-06 23:49:59.999996,26,7.541079,7.8561144,8.433108,7.22
2021-11-06 19:30:00.000000,2021-11-07 00:00:00.000000,27,7.363047,7.846587,8.433108,7.55
2021-11-06 19:30:00.000000,2021-11-07 00:10:00.000004,28,7.071785,7.838634,8.433108,7.03
2021-11-06 19:30:00.000000,2021-11-07 00:19:59.999999,29,6.7458434,7.8320546,8.433108,6.89
2021-11-06 19:30:00.000000,2021-11-07 00:30:00.000003,30,6.488458,7.826662,8.433108,6.28
2021-11-06 19:30:00.000000,2021-11-07 00:39:59.999998,31,6.5905223,7.8222847,8.433108,6.64
2021-11-06 19:30:00.000000,2021-11-07 00:50:00.000002,32,7.201223,7.818766,8.433108,7.2
2021-11-06 19:30:00.000000,2021-11-07 00:59:59.999997,33,7.8830657,7.8159695,8.433108,8.1
2021-11-06 19:30:00.000000,2021-11-07 01:10:00.000001,34,8.110105,7.813775,8.433108,7.82
2021-11-06 19:30:00.000000,2021-11-07 01:19:59.999996,35,7.9896407,7.8120756,8.433108,8.0
2021-11-06 19:30:00.000000,2021-11-07 01:30:00.000000,36,7.8970256,7.810783,8.433108,8.13
2021-11-06 19:40:00.000004,2021-11-06 19:49:59.999999,1,8.484435,7.686491,8.969177,8.51
2021-11-06 19:40:00.000004,2021-11-06 20:00:00.000003,2,7.755174,7.7952623,8.969177,7.82
2021-11-06 19:40:00.000004,2021-11-06 20:09:59.999998,3,8.024384,7.933921,8.969177,7.9
2021-11-06 19:40:00.000004,2021-11-06 20:20:00.000002,4,8.786168,8.0672035,8.969177,8.98
2021-11-06 19:40:00.000004,2021-11-06 20:29:59.999997,5,8.9141865,8.186703,8.969177,8.7
2021-11-06 19:40:00.000004,2021-11-06 20:40:00.000001,6,8.525953,8.286867,8.969177,8.67
2021-11-06 19:40:00.000004,2021-11-06 20:49:59.999996,7,8.289915,8.365228,8.969177,8.29
2021-11-06 19:40:00.000004,2021-11-06 21:00:00.000000,8,8.178341,8.421803,8.969177,8.05
2021-11-06 19:40:00.000004,2021-11-06 21:10:00.000004,9,7.906428,8.458257,8.969177,7.97
2021-11-06 19:40:00.000004,2021-11-06 21:19:59.999999,10,7.677072,8.477191,8.969177,7.88
2021-11-06 19:40:00.000004,2021-11-06 21:30:00.000003,11,7.7425747,8.481617,8.969177,7.37
2021-11-06 19:40:00.000004,2021-11-06 21:39:59.999998,12,7.821533,8.474606,8.969177,8.06
2021-11-06 19:40:00.000004,2021-11-06 21:50:00.000002,13,7.57925,8.45905,8.969177,7.62
2021-11-06 19:40:00.000004,2021-11-06 21:59:59.999997,14,7.240751,8.437534,8.969177,7.03
2021-11-06 19:40:00.000004,2021-11-06 22:10:00.000001,15,7.21208,8.412258,8.969177,7.37
2021-11-06 19:40:00.000004,2021-11-06 22:19:59.999996,16,7.508643,8.385027,8.969177,7.61
2021-11-06 19:40:00.000004,2021-11-06 22:30:00.000000,17,7.887239,8.357258,8.969177,7.46
2021-11-06 19:40:00.000004,2021-11-06 22:40:00.000004,18,8.17175,8.330012,8.969177,8.78
2021-11-06 19:40:00.000004,2021-11-06 22:49:59.999999,19,8.2703905,8.304056,8.969177,7.76
2021-11-06 19:40:00.000004,2021-11-06 23:00:00.000003,20,8.119549,8.279892,8.969177,8.3
2021-11-06 19:40:00.000004,2021-11-06 23:09:59.999998,21,7.7757177,8.257823,8.969177,7.97
2021-11-06 19:40:00.000004,2021-11-06 23:20:00.000002,22,7.4764404,8.23799,8.969177,7.08
2021-11-06 19:40:00.000004,2021-11-06 23:29:59.999997,23,7.4223742,8.220416,8.969177,7.69
2021-11-06 19:40:00.000004,2021-11-06 23:40:00.000001,24,7.5265737,8.205035,8.969177,7.63
2021-11-06 19:40:00.000004,2021-11-06 23:49:59.999996,25,7.541079,8.191726,8.969177,7.22
2021-11-06 19:40:00.000004,2021-11-07 00:00:00.000000,26,7.363047,8.180326,8.969177,7.55
2021-11-06 19:40:00.000004,2021-11-07 00:10:00.000004,27,7.071785,8.170659,8.969177,7.03
2021-11-06 19:40:00.000004,2021-11-07 00:19:59.999999,28,6.7458434,8.162539,8.969177,6.89
2021-11-06 19:40:00.000004,2021-11-07 00:30:00.000003,29,6.488458,8.155779,8.969177,6.28
2021-11-06 19:40:00.000004,2021-11-07 00:39:59.999998,30,6.5905223,8.150204,8.969177,6.64
2021-11-06 19:40:00.000004,2021-11-07 00:50:00.000002,31,7.201223,8.145651,8.969177,7.2
2021-11-06 19:40:00.000004,2021-11-07 00:59:59.999997,32,7.8830657,8.141968,8.969177,8.1
2021-11-06 19:40:00.000004,2021-11-07 01:10:00.000001,33,8.110105,8.139021,8.969177,7.82
2021-11-06 19:40:00.000004,2021-11-07 01:19:59.999996,34,7.9896407,8.136691,8.969177,8.0
2021-11-06 19:40:00.000004,2021-11-07 01:30:00.000000,35,7.8970256,8.134873,8.969177,8.13
2021-11-06 19:40:00.000004,2021-11-07 01:40:00.000004,36,7.847571,8.133478,8.969177,7.68
2021-11-06 19:49:59.999999,2021-11-06 20:00:00.000003,1,7.755174,7.70538,8.484435,7.82
2021-11-06 19:49:59.999999,2021-11-06 20:09:59.999998,2,8.024384,7.7801557,8.484435,7.9
2021-11-06 19:49:59.999999,2021-11-06 20:20:00.000002,3,8.786168,7.883835,8.484435,8.98
2021-11-06 19:49:59.999999,2021-11-06 20:29:59.999997,4,8.9141865,7.9819293,8.484435,8.7
2021-11-06 19:49:59.999999,2021-11-06 20:40:00.000001,5,8.525953,8.068028,8.484435,8.67
2021-11-06 19:49:59.999999,2021-11-06 20:49:59.999996,6,8.289915,8.137697,8.484435,8.29
2021-11-06 19:49:59.999999,2021-11-06 21:00:00.000000,7,8.178341,8.189035,8.484435,8.05
2021-11-06 19:49:59.999999,2021-11-06 21:10:00.000004,8,7.906428,8.222262,8.484435,7.97
2021-11-06 19:49:59.999999,2021-11-06 21:19:59.999999,9,7.677072,8.238993,8.484435,7.88
2021-11-06 19:49:59.999999,2021-11-06 21:30:00.000003,10,7.7425747,8.241628,8.484435,7.37
2021-11-06 19:49:59.999999,2021-11-06 21:39:59.999998,11,7.821533,8.232873,8.484435,8.06
2021-11-06 19:49:59.999999,2021-11-06 21:50:00.000002,12,7.57925,8.215446,8.484435,7.62
2021-11-06 19:49:59.999999,2021-11-06 21:59:59.999997,13,7.240751,8.191873,8.484435,7.03
2021-11-06 19:49:59.999999,2021-11-06 22:10:00.000001,14,7.21208,8.1643715,8.484435,7.37
2021-11-06 19:49:59.999999,2021-11-06 22:19:59.999996,15,7.508643,8.134803,8.484435,7.61
2021-11-06 19:49:59.999999,2021-11-06 22:30:00.000000,16,7.887239,8.104659,8.484435,7.46
2021-11-06 19:49:59.999999,2021-11-06 22:40:00.000004,17,8.17175,8.075082,8.484435,8.78
2021-11-06 19:49:59.999999,2021-11-06 22:49:59.999999,18,8.2703905,8.046898,8.484435,7.76
2021-11-06 19:49:59.999999,2021-11-06 23:00:00.000003,19,8.119549,8.020662,8.484435,8.3
2021-11-06 19:49:59.999999,2021-11-06 23:09:59.999998,20,7.7757177,7.9967146,8.484435,7.97
2021-11-06 19:49:59.999999,2021-11-06 23:20:00.000002,21,7.4764404,7.9752126,8.484435,7.08
2021-11-06 19:49:59.999999,2021-11-06 23:29:59.999997,22,7.4223742,7.9561872,8.484435,7.69
2021-11-06 19:49:59.999999,2021-11-06 23:40:00.000001,23,7.5265737,7.9395695,8.484435,7.63
2021-11-06 19:49:59.999999,2021-11-06 23:49:59.999996,24,7.541079,7.925225,8.484435,7.22
2021-11-06 19:49:59.999999,2021-11-07 00:00:00.000000,25,7.363047,7.912977,8.484435,7.55
2021-11-06 19:49:59.999999,2021-11-07 00:10:00.000004,26,7.071785,7.902627,8.484435,7.03
2021-11-06 19:49:59.999999,2021-11-07 00:19:59.999999,27,6.7458434,7.893969,8.484435,6.89
2021-11-06 19:49:59.999999,2021-11-07 00:30:00.000003,28,6.488458,7.8867965,8.484435,6.28
2021-11-06 19:49:59.999999,2021-11-07 00:39:59.999998,29,6.5905223,7.8809137,8.484435,6.64
2021-11-06 19:49:59.999999,2021-11-07 00:50:00.000002,30,7.201223,7.8761363,8.484435,7.2
2021-11-06 19:49:59.999999,2021-11-07 00:59:59.999997,31,7.8830657,7.8723,8.484435,8.1
2021-11-06 19:49:59.999999,2021-11-07 01:10:00.000001,32,8.110105,7.869253,8.484435,7.82
2021-11-06 19:49:59.999999,2021-11-07 01:19:59.999996,33,7.9896407,7.8668666,8.484435,8.0
2021-11-06 19:49:59.999999,2021-11-07 01:30:00.000000,34,7.8970256,7.865023,8.484435,8.13
2021-11-06 19:49:59.999999,2021-11-07 01:40:00.000004,35,7.847571,7.863626,8.484435,7.68
2021-11-06 19:49:59.999999,2021-11-07 01:49:59.999999,36,7.6874666,7.862589,8.484435,7.73
2021-11-06 20:00:00.000003,2021-11-06 20:09:59.999998,1,8.024384,7.688747,7.755174,7.9
2021-11-06 20:00:00.000003,2021-11-06 20:20:00.000002,2,8.786168,7.7189326,7.755174,8.98
2021-11-06 20:00:00.000003,2021-11-06 20:29:59.999997,3,8.9141865,7.773024,7.755174,8.7
2021-11-06 20:00:00.000003,2021-11-06 20:40:00.000001,4,8.525953,7.820808,7.755174,8.67
2021-11-06 20:00:00.000003,2021-11-06 20:49:59.999996,5,8.289915,7.8591537,7.755174,8.29
2021-11-06 20:00:00.000003,2021-11-06 21:00:00.000000,6,8.178341,7.8855286,7.755174,8.05
2021-11-06 20:00:00.000003,2021-11-06 21:10:00.000004,7,7.906428,7.898956,7.755174,7.97
2021-11-06 20:00:00.000003,2021-11-06 21:19:59.999999,8,7.677072,7.8999243,7.755174,7.88
2021-11-06 20:00:00.000003,2021-11-06 21:30:00.000003,9,7.7425747,7.8899097,7.755174,7.37
2021-11-06 20:00:00.000003,2021-11-06 21:39:59.999998,10,7.821533,7.8709054,7.755174,8.06
2021-11-06 20:00:00.000003,2021-11-06 21:50:00.000002,11,7.57925,7.845085,7.755174,7.62
2021-11-06 20:00:00.000003,2021-11-06 21:59:59.999997,12,7.240751,7.8145733,7.755174,7.03
2021-11-06 20:00:00.000003,2021-11-06 22:10:00.000001,13,7.21208,7.781288,7.755174,7.37
2021-11-06 20:00:00.000003,2021-11-06 22:19:59.999996,14,7.508643,7.746881,7.755174,7.61
2021-11-06 20:00:00.000003,2021-11-06 22:30:00.000000,15,7.887239,7.712684,7.755174,7.46
2021-11-06 20:00:00.000003,2021-11-06 22:40:00.000004,16,8.17175,7.6797233,7.755174,8.78
2021-11-06 20:00:00.000003,2021-11-06 22:49:59.999999,17,8.2703905,7.6487327,7.755174,7.76
2021-11-06 20:00:00.000003,2021-11-06 23:00:00.000003,18,8.119549,7.6201982,7.755174,8.3
2021-11-06 20:00:00.000003,2021-11-06 23:09:59.999998,19,7.7757177,7.5943937,7.755174,7.97
2021-11-06 20:00:00.000003,2021-11-06 23:20:00.000002,20,7.4764404,7.57142,7.755174,7.08
2021-11-06 20:00:00.000003,2021-11-06 23:29:59.999997,21,7.4223742,7.551255,7.755174,7.69
2021-11-06 20:00:00.000003,2021-11-06 23:40:00.000001,22,7.5265737,7.5337834,7.755174,7.63
2021-11-06 20:00:00.000003,2021-11-06 23:49:59.999996,23,7.541079,7.518822,7.755174,7.22
2021-11-06 20:00:00.000003,2021-11-07 00:00:00.000000,24,7.363047,7.5061564,7.755174,7.55
2021-11-06 20:00:00.000003,2021-11-07 00:10:00.000004,25,7.071785,7.4955497,7.755174,7.03
2021-11-06 20:00:00.000003,2021-11-07 00:19:59.999999,26,6.7458434,7.486761,7.755174,6.89
2021-11-06 20:00:00.000003,2021-11-07 00:30:00.000003,27,6.488458,7.4795556,7.755174,6.28
2021-11-06 20:00:00.000003,2021-11-07 00:39:59.999998,28,6.5905223,7.4737124,7.755174,6.64
2021-11-06 20:00:00.000003,2021-11-07 00:50:00.000002,29,7.201223,7.469029,7.755174,7.2
2021-11-06 20:00:00.000003,2021-11-07 00:59:59.999997,30,7.8830657,7.46532,7.755174,8.1
2021-11-06 20:00:00.000003,2021-11-07 01:10:00.000001,31,8.110105,7.4624248,7.755174,7.82
2021-11-06 20:00:00.000003,2021-11-07 01:19:59.999996,32,7.9896407,7.4601984,7.755174,8.0
2021-11-06 20:00:00.000003,2021-11-07 01:30:00.000000,33,7.8970256,7.4585185,7.755174,8.13
2021-11-06 20:00:00.000003,2021-11-07 01:40:00.000004,34,7.847571,7.4572787,7.755174,7.68
2021-11-06 20:00:00.000003,2021-11-07 01:49:59.999999,35,7.6874666,7.4563947,7.755174,7.73
2021-11-06 20:00:00.000003,2021-11-07 02:00:00.000003,36,7.436066,7.4557877,7.755174,7.39
2021-11-06 20:09:59.999998,2021-11-06 20:20:00.000002,1,8.786168,7.696015,8.024384,8.98
2021-11-06 20:09:59.999998,2021-11-06 20:29:59.999997,2,8.9141865,7.7297044,8.024384,8.7
2021-11-06 20:09:59.999998,2021-11-06 20:40:00.000001,3,8.525953,7.7907434,8.024384,8.67
2021-11-06 20:09:59.999998,2021-11-06 20:49:59.999996,4,8.289915,7.848042,8.024384,8.29
2021-11-06 20:09:59.999998,2021-11-06 21:00:00.000000,5,8.178341,7.897585,8.024384,8.05
2021-11-06 20:09:59.999998,2021-11-06 21:10:00.000004,6,7.906428,7.9360247,8.024384,7.97
2021-11-06 20:09:59.999998,2021-11-06 21:19:59.999999,7,7.677072,7.961756,8.024384,7.88
2021-11-06 20:09:59.999998,2021-11-06 21:30:00.000003,8,7.7425747,7.974799,8.024384,7.37
2021-11-06 20:09:59.999998,2021-11-06 21:39:59.999998,9,7.821533,7.9762936,8.024384,8.06
2021-11-06 20:09:59.999998,2021-11-06 21:50:00.000002,10,7.57925,7.9680104,8.024384,7.62
2021-11-06 20:09:59.999998,2021-11-06 21:59:59.999997,11,7.240751,7.9519877,8.024384,7.03
2021-11-06 20:09:59.999998,2021-11-06 22:10:00.000001,12,7.21208,7.9302764,8.024384,7.37
2021-11-06 20:09:59.999998,2021-11-06 22:19:59.999996,13,7.508643,7.904786,8.024384,7.61
2021-11-06 20:09:59.999998,2021-11-06 22:30:00.000000,14,7.887239,7.877188,8.024384,7.46
2021-11-06 20:09:59.999998,2021-11-06 22:40:00.000004,15,8.17175,7.848868,8.024384,8.78
2021-11-06 20:09:59.999998,2021-11-06 22:49:59.999999,16,8.2703905,7.8209224,8.024384,7.76
2021-11-06 20:09:59.999998,2021-11-06 23:00:00.000003,17,8.119549,7.794167,8.024384,8.3
2021-11-06 20:09:59.999998,2021-11-06 23:09:59.999998,18,7.7757177,7.7691746,8.024384,7.97
2021-11-06 20:09:59.999998,2021-11-06 23:20:00.000002,19,7.4764404,7.746299,8.024384,7.08
2021-11-06 20:09:59.999998,2021-11-06 23:29:59.999997,20,7.4223742,7.7257285,8.024384,7.69
2021-11-06 20:09:59.999998,2021-11-06 23:40:00.000001,21,7.5265737,7.707513,8.024384,7.63
2021-11-06 20:09:59.999998,2021-11-06 23:49:59.999996,22,7.541079,7.691606,8.024384,7.22
2021-11-06 20:09:59.999998,2021-11-07 00:00:00.000000,23,7.363047,7.6778913,8.024384,7.55
2021-11-06 20:09:59.999998,2021-11-07 00:10:00.000004,24,7.071785,7.666204,8.024384,7.03
2021-11-06 20:09:59.999998,2021-11-07 00:19:59.999999,25,6.7458434,7.656356,8.024384,6.89
2021-11-06 20:09:59.999998,2021-11-07 00:30:00.000003,26,6.488458,7.648147,8.024384,6.28
2021-11-06 20:09:59.999998,2021-11-07 00:39:59.999998,27,6.5905223,7.641379,8.024384,6.64
2021-11-06 20:09:59.999998,2021-11-07 00:50:00.000002,28,7.201223,7.6358566,8.024384,7.2
2021-11-06 20:09:59.999998,2021-11-07 00:59:59.999997,29,7.8830657,7.6314015,8.024384,8.1
2021-11-06 20:09:59.999998,2021-11-07 01:10:00.000001,30,8.110105,7.627852,8.024384,7.82
2021-11-06 20:09:59.999998,2021-11-07 01:19:59.999996,31,7.9896407,7.625058,8.024384,8.0
2021-11-06 20:09:59.999998,2021-11-07 01:30:00.000000,32,7.8970256,7.6228924,8.024384,8.13
2021-11-06 20:09:59.999998,2021-11-07 01:40:00.000004,33,7.847571,7.621242,8.024384,7.68
2021-11-06 20:09:59.999998,2021-11-07 01:49:59.999999,34,7.6874666,7.620011,8.024384,7.73
2021-11-06 20:09:59.999998,2021-11-07 02:00:00.000003,35,7.436066,7.6191163,8.024384,7.39
2021-11-06 20:09:59.999998,2021-11-07 02:09:59.999998,36,7.215802,7.618489,8.024384,7.22
2021-11-06 20:20:00.000002,2021-11-06 20:29:59.999997,1,8.9141865,7.732985,8.786168,8.7
2021-11-06 20:20:00.000002,2021-11-06 20:40:00.000001,2,8.525953,7.815926,8.786168,8.67
2021-11-06 20:20:00.000002,2021-11-06 20:49:59.999996,3,8.289915,7.926025,8.786168,8.29
2021-11-06 20:20:00.000002,2021-11-06 21:00:00.000000,4,8.178341,8.029114,8.786168,8.05
2021-11-06 20:20:00.000002,2021-11-06 21:10:00.000004,5,7.906428,8.120357,8.786168,7.97
2021-11-06 20:20:00.000002,2021-11-06 21:19:59.999999,6,7.677072,8.196027,8.786168,7.88
2021-11-06 20:20:00.000002,2021-11-06 21:30:00.000003,7,7.7425747,8.254499,8.786168,7.37
2021-11-06 20:20:00.000002,2021-11-06 21:39:59.999998,8,7.821533,8.295972,8.786168,8.06
2021-11-06 20:20:00.000002,2021-11-06 21:50:00.000002,9,7.57925,8.321874,8.786168,7.62
2021-11-06 20:20:00.000002,2021-11-06 21:59:59.999997,10,7.240751,8.334321,8.786168,7.03
2021-11-06 20:20:00.000002,2021-11-06 22:10:00.000001,11,7.21208,8.335716,8.786168,7.37
2021-11-06 20:20:00.000002,2021-11-06 22:19:59.999996,12,7.508643,8.3284855,8.786168,7.61
2021-11-06 20:20:00.000002,2021-11-06 22:30:00.000000,13,7.887239,8.314906,8.786168,7.46
2021-11-06 20:20:00.000002,2021-11-06 22:40:00.000004,14,8.17175,8.296993,8.786168,8.78
2021-11-06 20:20:00.000002,2021-11-06 22:49:59.999999,15,8.2703905,8.276461,8.786168,7.76
2021-11-06 20:20:00.000002,2021-11-06 23:00:00.000003,16,8.119549,8.254699,8.786168,8.3
2021-11-06 20:20:00.000002,2021-11-06 23:09:59.999998,17,7.7757177,8.23279,8.786168,7.97
2021-11-06 20:20:00.000002,2021-11-06 23:20:00.000002,18,7.4764404,8.211542,8.786168,7.08
2021-11-06 20:20:00.000002,2021-11-06 23:29:59.999997,19,7.4223742,8.19151,8.786168,7.69
2021-11-06 20:20:00.000002,2021-11-06 23:40:00.000001,20,7.5265737,8.17306,8.786168,7.63
2021-11-06 20:20:00.000002,2021-11-06 23:49:59.999996,21,7.541079,8.156388,8.786168,7.22
2021-11-06 20:20:00.000002,2021-11-07 00:00:00.000000,22,7.363047,8.141572,8.786168,7.55
2021-11-06 20:20:00.000002,2021-11-07 00:10:00.000004,23,7.071785,8.128596,8.786168,7.03
2021-11-06 20:20:00.000002,2021-11-07 00:19:59.999999,24,6.7458434,8.117381,8.786168,6.89
2021-11-06 20:20:00.000002,2021-11-07 00:30:00.000003,25,6.488458,8.107803,8.786168,6.28
2021-11-06 20:20:00.000002,2021-11-07 00:39:59.999998,26,6.5905223,8.09972,8.786168,6.64
2021-11-06 20:20:00.000002,2021-11-07 00:50:00.000002,27,7.201223,8.092967,8.786168,7.2
2021-11-06 20:20:00.000002,2021-11-07 00:59:59.999997,28,7.8830657,8.087392,8.786168,8.1
2021-11-06 20:20:00.000002,2021-11-07 01:10:00.000001,29,8.110105,8.082836,8.786168,7.82
2021-11-06 20:20:00.000002,2021-11-07 01:19:59.999996,30,7.9896407,8.079157,8.786168,8.0
2021-11-06 20:20:00.000002,2021-11-07 01:30:00.000000,31,7.8970256,8.0762205,8.786168,8.13
2021-11-06 20:20:00.000002,2021-11-07 01:40:00.000004,32,7.847571,8.073905,8.786168,7.68
2021-11-06 20:20:00.000002,2021-11-07 01:49:59.999999,33,7.6874666,8.072109,8.786168,7.73
2021-11-06 20:20:00.000002,2021-11-07 02:00:00.000003,34,7.436066,8.070739,8.786168,7.39
2021-11-06 20:20:00.000002,2021-11-07 02:09:59.999998,35,7.215802,8.0697155,8.786168,7.22
2021-11-06 20:20:00.000002,2021-11-07 02:20:00.000002,36,7.1272135,8.068971,8.786168,7.29
2021-11-06 20:29:59.999997,2021-11-06 20:40:00.000001,1,8.525953,7.7700872,8.9141865,8.67
2021-11-06 20:29:59.999997,2021-11-06 20:49:59.999996,2,8.289915,7.850362,8.9141865,8.29
2021-11-06 20:29:59.999997,2021-11-06 21:00:00.000000,3,8.178341,7.958976,8.9141865,8.05
2021-11-06 20:29:59.999997,2021-11-06 21:10:00.000004,4,7.906428,8.0608015,8.9141865,7.97
2021-11-06 20:29:59.999997,2021-11-06 21:19:59.999999,5,7.677072,8.151487,8.9141865,7.88
2021-11-06 20:29:59.999997,2021-11-06 21:30:00.000003,6,7.7425747,8.227467,8.9141865,7.37
2021-11-06 20:29:59.999997,2021-11-06 21:39:59.999998,7,7.821533,8.287102,8.9141865,8.06
2021-11-06 20:29:59.999997,2021-11-06 21:50:00.000002,8,7.57925,8.330505,8.9141865,7.62
2021-11-06 20:29:59.999997,2021-11-06 21:59:59.999997,9,7.240751,8.358976,8.9141865,7.03
2021-11-06 20:29:59.999997,2021-11-06 22:10:00.000001,10,7.21208,8.374485,8.9141865,7.37
2021-11-06 20:29:59.999997,2021-11-06 22:19:59.999996,11,7.508643,8.379288,8.9141865,7.61
2021-11-06 20:29:59.999997,2021-11-06 22:30:00.000000,12,7.887239,8.375672,8.9141865,7.46
2021-11-06 20:29:59.999997,2021-11-06 22:40:00.000004,13,8.17175,8.365788,8.9141865,8.78
2021-11-06 20:29:59.999997,2021-11-06 22:49:59.999999,14,8.2703905,8.351555,8.9141865,7.76
2021-11-06 20:29:59.999997,2021-11-06 23:00:00.000003,15,8.119549,8.334597,8.9141865,8.3
2021-11-06 20:29:59.999997,2021-11-06 23:09:59.999998,16,7.7757177,8.316244,8.9141865,7.97
2021-11-06 20:29:59.999997,2021-11-06 23:20:00.000002,17,7.4764404,8.297534,8.9141865,7.08
2021-11-06 20:29:59.999997,2021-11-06 23:29:59.999997,18,7.4223742,8.2792425,8.9141865,7.69
2021-11-06 20:29:59.999997,2021-11-06 23:40:00.000001,19,7.5265737,8.261915,8.9141865,7.63
2021-11-06 20:29:59.999997,2021-11-06 23:49:59.999996,20,7.541079,8.245908,8.9141865,7.22
2021-11-06 20:29:59.999997,2021-11-07 00:00:00.000000,21,7.363047,8.231424,8.9141865,7.55
2021-11-06 20:29:59.999997,2021-11-07 00:10:00.000004,22,7.071785,8.218547,8.9141865,7.03
2021-11-06 20:29:59.999997,2021-11-07 00:19:59.999999,23,6.7458434,8.207278,8.9141865,6.89
2021-11-06 20:29:59.999997,2021-11-07 00:30:00.000003,24,6.488458,8.197554,8.9141865,6.28
2021-11-06 20:29:59.999997,2021-11-07 00:39:59.999998,25,6.5905223,8.189269,8.9141865,6.64
2021-11-06 20:29:59.999997,2021-11-07 00:50:00.000002,26,7.201223,8.182297,8.9141865,7.2
2021-11-06 20:29:59.999997,2021-11-07 00:59:59.999997,27,7.8830657,8.176497,8.9141865,8.1
2021-11-06 20:29:59.999997,2021-11-07 01:10:00.000001,28,8.110105,8.17173,8.9141865,7.82
2021-11-06 20:29:59.999997,2021-11-07 01:19:59.999996,29,7.9896407,8.167857,8.9141865,8.0
2021-11-06 20:29:59.999997,2021-11-07 01:30:00.000000,30,7.8970256,8.164748,8.9141865,8.13
2021-11-06 20:29:59.999997,2021-11-07 01:40:00.000004,31,7.847571,8.162287,8.9141865,7.68
2021-11-06 20:29:59.999997,2021-11-07 01:49:59.999999,32,7.6874666,8.160365,8.9141865,7.73
2021-11-06 20:29:59.999997,2021-11-07 02:00:00.000003,33,7.436066,8.15889,8.9141865,7.39
2021-11-06 20:29:59.999997,2021-11-07 02:09:59.999998,34,7.215802,8.15778,8.9141865,7.22
2021-11-06 20:29:59.999997,2021-11-07 02:20:00.000002,35,7.1272135,8.156968,8.9141865,7.29
2021-11-06 20:29:59.999997,2021-11-07 02:29:59.999997,36,7.2017355,8.15639,8.9141865,6.93
2021-11-06 20:40:00.000001,2021-11-06 20:49:59.999996,1,8.289915,7.7515507,8.525953,8.29
2021-11-06 20:40:00.000001,2021-11-06 21:00:00.000000,2,8.178341,7.832885,8.525953,8.05
2021-11-06 20:40:00.000001,2021-11-06 21:10:00.000004,3,7.906428,7.9296365,8.525953,7.97
2021-11-06 20:40:00.000001,2021-11-06 21:19:59.999999,4,7.677072,8.010263,8.525953,7.88
2021-11-06 20:40:00.000001,2021-11-06 21:30:00.000003,5,7.7425747,8.075475,8.525953,7.37
2021-11-06 20:40:00.000001,2021-11-06 21:39:59.999998,6,7.821533,8.125113,8.525953,8.06
2021-11-06 20:40:00.000001,2021-11-06 21:50:00.000002,7,7.57925,8.159684,8.525953,7.62
2021-11-06 20:40:00.000001,2021-11-06 21:59:59.999997,8,7.240751,8.180521,8.525953,7.03
2021-11-06 20:40:00.000001,2021-11-06 22:10:00.000001,9,7.21208,8.189496,8.525953,7.37
2021-11-06 20:40:00.000001,2021-11-06 22:19:59.999996,10,7.508643,8.188728,8.525953,7.61
2021-11-06 20:40:00.000001,2021-11-06 22:30:00.000000,11,7.887239,8.1803665,8.525953,7.46
2021-11-06 20:40:00.000001,2021-11-06 22:40:00.000004,12,8.17175,8.166428,8.525953,8.78
2021-11-06 20:40:00.000001,2021-11-06 22:49:59.999999,13,8.2703905,8.148719,8.525953,7.76
2021-11-06 20:40:00.000001,2021-11-06 23:00:00.000003,14,8.119549,8.128787,8.525953,8.3
2021-11-06 20:40:00.000001,2021-11-06 23:09:59.999998,15,7.7757177,8.107894,8.525953,7.97
2021-11-06 20:40:00.000001,2021-11-06 23:20:00.000002,16,7.4764404,8.08703,8.525953,7.08
2021-11-06 20:40:00.000001,2021-11-06 23:29:59.999997,17,7.4223742,8.06693,8.525953,7.69
2021-11-06 20:40:00.000001,2021-11-06 23:40:00.000001,18,7.5265737,8.048106,8.525953,7.63
2021-11-06 20:40:00.000001,2021-11-06 23:49:59.999996,19,7.541079,8.030886,8.525953,7.22
2021-11-06 20:40:00.000001,2021-11-07 00:00:00.000000,20,7.363047,8.015442,8.525953,7.55
2021-11-06 20:40:00.000001,2021-11-07 00:10:00.000004,21,7.071785,8.001829,8.525953,7.03
2021-11-06 20:40:00.000001,2021-11-07 00:19:59.999999,22,6.7458434,7.9900193,8.525953,6.89
2021-11-06 20:40:00.000001,2021-11-07 00:30:00.000003,23,6.488458,7.9799185,8.525953,6.28
2021-11-06 20:40:00.000001,2021-11-07 00:39:59.999998,24,6.5905223,7.9713974,8.525953,6.64
2021-11-06 20:40:00.000001,2021-11-07 00:50:00.000002,25,7.201223,7.964303,8.525953,7.2
2021-11-06 20:40:00.000001,2021-11-07 00:59:59.999997,26,7.8830657,7.9584723,8.525953,8.1
2021-11-06 20:40:00.000001,2021-11-07 01:10:00.000001,27,8.110105,7.9537435,8.525953,7.82
2021-11-06 20:40:00.000001,2021-11-07 01:19:59.999996,28,7.9896407,7.94996,8.525953,8.0
2021-11-06 20:40:00.000001,2021-11-07 01:30:00.000000,29,7.8970256,7.9469805,8.525953,8.13
2021-11-06 20:40:00.000001,2021-11-07 01:40:00.000004,30,7.847571,7.9446692,8.525953,7.68
2021-11-06 20:40:00.000001,2021-11-07 01:49:59.999999,31,7.6874666,7.94291,8.525953,7.73
2021-11-06 20:40:00.000001,2021-11-07 02:00:00.000003,32,7.436066,7.941607,8.525953,7.39
2021-11-06 20:40:00.000001,2021-11-07 02:09:59.999998,33,7.215802,7.9406652,8.525953,7.22
2021-11-06 20:40:00.000001,2021-11-07 02:20:00.000002,34,7.1272135,7.940014,8.525953,7.29
2021-11-06 20:40:00.000001,2021-11-07 02:29:59.999997,35,7.2017355,7.939589,8.525953,6.93
2021-11-06 20:40:00.000001,2021-11-07 02:40:00.000001,36,7.3908644,7.9393396,8.525953,7.59
2021-11-06 20:49:59.999996,2021-11-06 21:00:00.000000,1,8.178341,7.7854786,8.289915,8.05
2021-11-06 20:49:59.999996,2021-11-06 21:10:00.000004,2,7.906428,7.856261,8.289915,7.97
2021-11-06 20:49:59.999996,2021-11-06 21:19:59.999999,3,7.677072,7.9347425,8.289915,7.88
2021-11-06 20:49:59.999996,2021-11-06 21:30:00.000003,4,7.7425747,7.9936323,8.289915,7.37
2021-11-06 20:49:59.999996,2021-11-06 21:39:59.999998,5,7.821533,8.036444,8.289915,8.06
2021-11-06 20:49:59.999996,2021-11-06 21:50:00.000002,6,7.57925,8.064881,8.289915,7.62
2021-11-06 20:49:59.999996,2021-11-06 21:59:59.999997,7,7.240751,8.0805235,8.289915,7.03
2021-11-06 20:49:59.999996,2021-11-06 22:10:00.000001,8,7.21208,8.085193,8.289915,7.37
2021-11-06 20:49:59.999996,2021-11-06 22:19:59.999996,9,7.508643,8.080879,8.289915,7.61
2021-11-06 20:49:59.999996,2021-11-06 22:30:00.000000,10,7.887239,8.069588,8.289915,7.46
2021-11-06 20:49:59.999996,2021-11-06 22:40:00.000004,11,8.17175,8.053211,8.289915,8.78
2021-11-06 20:49:59.999996,2021-11-06 22:49:59.999999,12,8.2703905,8.033447,8.289915,7.76
2021-11-06 20:49:59.999996,2021-11-06 23:00:00.000003,13,8.119549,8.011757,8.289915,8.3
2021-11-06 20:49:59.999996,2021-11-06 23:09:59.999998,14,7.7757177,7.989349,8.289915,7.97
2021-11-06 20:49:59.999996,2021-11-06 23:20:00.000002,15,7.4764404,7.967173,8.289915,7.08
2021-11-06 20:49:59.999996,2021-11-06 23:29:59.999997,16,7.4223742,7.945941,8.289915,7.69
2021-11-06 20:49:59.999996,2021-11-06 23:40:00.000001,17,7.5265737,7.9261513,8.289915,7.63
2021-11-06 20:49:59.999996,2021-11-06 23:49:59.999996,18,7.541079,7.908118,8.289915,7.22
2021-11-06 20:49:59.999996,2021-11-07 00:00:00.000000,19,7.363047,7.892006,8.289915,7.55
2021-11-06 20:49:59.999996,2021-11-07 00:10:00.000004,20,7.071785,7.877862,8.289915,7.03
2021-11-06 20:49:59.999996,2021-11-07 00:19:59.999999,21,6.7458434,7.865645,8.289915,6.89
2021-11-06 20:49:59.999996,2021-11-07 00:30:00.000003,22,6.488458,7.855252,8.289915,6.28
2021-11-06 20:49:59.999996,2021-11-07 00:39:59.999998,23,6.5905223,7.846535,8.289915,6.64
2021-11-06 20:49:59.999996,2021-11-07 00:50:00.000002,24,7.201223,7.83933,8.289915,7.2
2021-11-06 20:49:59.999996,2021-11-07 00:59:59.999997,25,7.8830657,7.8334618,8.289915,8.1
2021-11-06 20:49:59.999996,2021-11-07 01:10:00.000001,26,8.110105,7.8287535,8.289915,7.82
2021-11-06 20:49:59.999996,2021-11-07 01:19:59.999996,27,7.9896407,7.825035,8.289915,8.0
2021-11-06 20:49:59.999996,2021-11-07 01:30:00.000000,28,7.8970256,7.822153,8.289915,8.13
2021-11-06 20:49:59.999996,2021-11-07 01:40:00.000004,29,7.847571,7.8199635,8.289915,7.68
2021-11-06 20:49:59.999996,2021-11-07 01:49:59.999999,30,7.6874666,7.8183436,8.289915,7.73
2021-11-06 20:49:59.999996,2021-11-07 02:00:00.000003,31,7.436066,7.8171835,8.289915,7.39
2021-11-06 20:49:59.999996,2021-11-07 02:09:59.999998,32,7.215802,7.8163886,8.289915,7.22
2021-11-06 20:49:59.999996,2021-11-07 02:20:00.000002,33,7.1272135,7.8158813,8.289915,7.29
2021-11-06 20:49:59.999996,2021-11-07 02:29:59.999997,34,7.2017355,7.815595,8.289915,6.93
2021-11-06 20:49:59.999996,2021-11-07 02:40:00.000001,35,7.3908644,7.815478,8.289915,7.59
2021-11-06 20:49:59.999996,2021-11-07 02:49:59.999996,36,7.6012216,7.8154817,8.289915,7.64
2021-11-06 21:00:00.000000,2021-11-06 21:10:00.000004,1,7.906428,7.78375,8.178341,7.97
2021-11-06 21:00:00.000000,2021-11-06 21:19:59.999999,2,7.677072,7.8467216,8.178341,7.88
2021-11-06 21:00:00.000000,2021-11-06 21:30:00.000003,3,7.7425747,7.9156346,8.178341,7.37
2021-11-06 21:00:00.000000,2021-11-06 21:39:59.999998,4,7.821533,7.964679,8.178341,8.06
2021-11-06 21:00:00.000000,2021-11-06 21:50:00.000002,5,7.57925,7.998255,8.178341,7.62
2021-11-06 21:00:00.000000,2021-11-06 21:59:59.999997,6,7.240751,8.018576,8.178341,7.03
2021-11-06 21:00:00.000000,2021-11-06 22:10:00.000001,7,7.21208,8.02744,8.178341,7.37
2021-11-06 21:00:00.000000,2021-11-06 22:19:59.999996,8,7.508643,8.026702,8.178341,7.61
2021-11-06 21:00:00.000000,2021-11-06 22:30:00.000000,9,7.887239,8.018267,8.178341,7.46
2021-11-06 21:00:00.000000,2021-11-06 22:40:00.000004,10,8.17175,8.003994,8.178341,8.78
2021-11-06 21:00:00.000000,2021-11-06 22:49:59.999999,11,8.2703905,7.9856052,8.178341,7.76
2021-11-06 21:00:00.000000,2021-11-06 23:00:00.000003,12,8.119549,7.964628,8.178341,8.3
2021-11-06 21:00:00.000000,2021-11-06 23:09:59.999998,13,7.7757177,7.942361,8.178341,7.97
2021-11-06 21:00:00.000000,2021-11-06 23:20:00.000002,14,7.4764404,7.9198585,8.178341,7.08
2021-11-06 21:00:00.000000,2021-11-06 23:29:59.999997,15,7.4223742,7.897948,8.178341,7.69
2021-11-06 21:00:00.000000,2021-11-06 23:40:00.000001,16,7.5265737,7.877229,8.178341,7.63
2021-11-06 21:00:00.000000,2021-11-06 23:49:59.999996,17,7.541079,7.858118,8.178341,7.22
2021-11-06 21:00:00.000000,2021-11-07 00:00:00.000000,18,7.363047,7.8408575,8.178341,7.55
2021-11-06 21:00:00.000000,2021-11-07 00:10:00.000004,19,7.071785,7.825559,8.178341,7.03
2021-11-06 21:00:00.000000,2021-11-07 00:19:59.999999,20,6.7458434,7.812231,8.178341,6.89
2021-11-06 21:00:00.000000,2021-11-07 00:30:00.000003,21,6.488458,7.8008027,8.178341,6.28
2021-11-06 21:00:00.000000,2021-11-07 00:39:59.999998,22,6.5905223,7.7911515,8.178341,6.64
2021-11-06 21:00:00.000000,2021-11-07 00:50:00.000002,23,7.201223,7.7831225,8.178341,7.2
2021-11-06 21:00:00.000000,2021-11-07 00:59:59.999997,24,7.8830657,7.7765403,8.178341,8.1
2021-11-06 21:00:00.000000,2021-11-07 01:10:00.000001,25,8.110105,7.7712274,8.178341,7.82
2021-11-06 21:00:00.000000,2021-11-07 01:19:59.999996,26,7.9896407,7.767008,8.178341,8.0
2021-11-06 21:00:00.000000,2021-11-07 01:30:00.000000,27,7.8970256,7.7637196,8.178341,8.13
2021-11-06 21:00:00.000000,2021-11-07 01:40:00.000004,28,7.847571,7.7612047,8.178341,7.68
2021-11-06 21:00:00.000000,2021-11-07 01:49:59.999999,29,7.6874666,7.7593327,8.178341,7.73
2021-11-06 21:00:00.000000,2021-11-07 02:00:00.000003,30,7.436066,7.75798,8.178341,7.39
2021-11-06 21:00:00.000000,2021-11-07 02:09:59.999998,31,7.215802,7.757043,8.178341,7.22
2021-11-06 21:00:00.000000,2021-11-07 02:20:00.000002,32,7.1272135,7.756436,8.178341,7.29
2021-11-06 21:00:00.000000,2021-11-07 02:29:59.999997,33,7.2017355,7.7560825,8.178341,6.93
2021-11-06 21:00:00.000000,2021-11-07 02:40:00.000001,34,7.3908644,7.755923,8.178341,7.59
2021-11-06 21:00:00.000000,2021-11-07 02:49:59.999996,35,7.6012216,7.7559066,8.178341,7.64
2021-11-06 21:00:00.000000,2021-11-07 03:00:00.000000,36,7.6814046,7.7559915,8.178341,7.38
2021-11-06 21:10:00.000004,2021-11-06 21:19:59.999999,1,7.677072,7.768086,7.906428,7.88
2021-11-06 21:10:00.000004,2021-11-06 21:30:00.000003,2,7.7425747,7.8112698,7.906428,7.37
2021-11-06 21:10:00.000004,2021-11-06 21:39:59.999998,3,7.821533,7.8597813,7.906428,8.06
2021-11-06 21:10:00.000004,2021-11-06 21:50:00.000002,4,7.57925,7.8891973,7.906428,7.62
2021-11-06 21:10:00.000004,2021-11-06 21:59:59.999997,5,7.240751,7.904949,7.906428,7.03
2021-11-06 21:10:00.000004,2021-11-06 22:10:00.000001,6,7.21208,7.909758,7.906428,7.37
2021-11-06 21:10:00.000004,2021-11-06 22:19:59.999996,7,7.508643,7.90558,7.906428,7.61
2021-11-06 21:10:00.000004,2021-11-06 22:30:00.000000,8,7.887239,7.8941946,7.906428,7.46
2021-11-06 21:10:00.000004,2021-11-06 22:40:00.000004,9,8.17175,7.8773117,7.906428,8.78
2021-11-06 21:10:00.000004,2021-11-06 22:49:59.999999,10,8.2703905,7.856529,7.906428,7.76
2021-11-06 21:10:00.000004,2021-11-06 23:00:00.000003,11,8.119549,7.83329,7.906428,8.3
2021-11-06 21:10:00.000004,2021-11-06 23:09:59.999998,12,7.7757177,7.8088393,7.906428,7.97
2021-11-06 21:10:00.000004,2021-11-06 23:20:00.000002,13,7.4764404,7.7842174,7.906428,7.08
2021-11-06 21:10:00.000004,2021-11-06 23:29:59.999997,14,7.4223742,7.7602515,7.906428,7.69
2021-11-06 21:10:00.000004,2021-11-06 23:40:00.000001,15,7.5265737,7.737563,7.906428,7.63
2021-11-06 21:10:00.000004,2021-11-06 23:49:59.999996,16,7.541079,7.7165847,7.906428,7.22
2021-11-06 21:10:00.000004,2021-11-07 00:00:00.000000,17,7.363047,7.6975884,7.906428,7.55
2021-11-06 21:10:00.000004,2021-11-07 00:10:00.000004,18,7.071785,7.6807055,7.906428,7.03
2021-11-06 21:10:00.000004,2021-11-07 00:19:59.999999,19,6.7458434,7.6659536,7.906428,6.89
2021-11-06 21:10:00.000004,2021-11-07 00:30:00.000003,20,6.488458,7.653274,7.906428,6.28
2021-11-06 21:10:00.000004,2021-11-07 00:39:59.999998,21,6.5905223,7.642541,7.906428,6.64
2021-11-06 21:10:00.000004,2021-11-07 00:50:00.000002,22,7.201223,7.6335936,7.906428,7.2
2021-11-06 21:10:00.000004,2021-11-07 00:59:59.999997,23,7.8830657,7.6262493,7.906428,8.1
2021-11-06 21:10:00.000004,2021-11-07 01:10:00.000001,24,8.110105,7.620315,7.906428,7.82
2021-11-06 21:10:00.000004,2021-11-07 01:19:59.999996,25,7.9896407,7.6156,7.906428,8.0
2021-11-06 21:10:00.000004,2021-11-07 01:30:00.000000,26,7.8970256,7.611923,7.906428,8.13
2021-11-06 21:10:00.000004,2021-11-07 01:40:00.000004,27,7.847571,7.6091185,7.906428,7.68
2021-11-06 21:10:00.000004,2021-11-07 01:49:59.999999,28,7.6874666,7.607032,7.906428,7.73
2021-11-06 21:10:00.000004,2021-11-07 02:00:00.000003,29,7.436066,7.6055284,7.906428,7.39
2021-11-06 21:10:00.000004,2021-11-07 02:09:59.999998,30,7.215802,7.6044946,7.906428,7.22
2021-11-06 21:10:00.000004,2021-11-07 02:20:00.000002,31,7.1272135,7.6038303,7.906428,7.29
2021-11-06 21:10:00.000004,2021-11-07 02:29:59.999997,32,7.2017355,7.603451,7.906428,6.93
2021-11-06 21:10:00.000004,2021-11-07 02:40:00.000001,33,7.3908644,7.603287,7.906428,7.59
2021-11-06 21:10:00.000004,2021-11-07 02:49:59.999996,34,7.6012216,7.6032853,7.906428,7.64
2021-11-06 21:10:00.000004,2021-11-07 03:00:00.000000,35,7.6814046,7.6033964,7.906428,7.38
2021-11-06 21:10:00.000004,2021-11-07 03:10:00.000004,36,7.534783,7.6035857,7.906428,7.79
2021-11-06 21:19:59.999999,2021-11-06 21:30:00.000003,1,7.7425747,7.728604,7.677072,7.37
2021-11-06 21:19:59.999999,2021-11-06 21:39:59.999998,2,7.821533,7.7609076,7.677072,8.06
2021-11-06 21:19:59.999999,2021-11-06 21:50:00.000002,3,7.57925,7.7953267,7.677072,7.62
2021-11-06 21:19:59.999999,2021-11-06 21:59:59.999997,4,7.240751,7.809734,7.677072,7.03
2021-11-06 21:19:59.999999,2021-11-06 22:10:00.000001,5,7.21208,7.811158,7.677072,7.37
2021-11-06 21:19:59.999999,2021-11-06 22:19:59.999996,6,7.508643,7.8032603,7.677072,7.61
2021-11-06 21:19:59.999999,2021-11-06 22:30:00.000000,7,7.887239,7.788429,7.677072,7.46
2021-11-06 21:19:59.999999,2021-11-06 22:40:00.000004,8,8.17175,7.7685413,7.677072,8.78
2021-11-06 21:19:59.999999,2021-11-06 22:49:59.999999,9,8.2703905,7.7451916,7.677072,7.76
2021-11-06 21:19:59.999999,2021-11-06 23:00:00.000003,10,8.119549,7.71976,7.677072,8.3
2021-11-06 21:19:59.999999,2021-11-06 23:09:59.999998,11,7.7757177,7.6934133,7.677072,7.97
2021-11-06 21:19:59.999999,2021-11-06 23:20:00.000002,12,7.4764404,7.6671233,7.677072,7.08
2021-11-06 21:19:59.999999,2021-11-06 23:29:59.999997,13,7.4223742,7.6416607,7.677072,7.69
2021-11-06 21:19:59.999999,2021-11-06 23:40:00.000001,14,7.5265737,7.6176157,7.677072,7.63
2021-11-06 21:19:59.999999,2021-11-06 23:49:59.999996,15,7.541079,7.595408,7.677072,7.22
2021-11-06 21:19:59.999999,2021-11-07 00:00:00.000000,16,7.363047,7.5753,7.677072,7.55
2021-11-06 21:19:59.999999,2021-11-07 00:10:00.000004,17,7.071785,7.557422,7.677072,7.03
2021-11-06 21:19:59.999999,2021-11-07 00:19:59.999999,18,6.7458434,7.5417957,7.677072,6.89
2021-11-06 21:19:59.999999,2021-11-07 00:30:00.000003,19,6.488458,7.52836,7.677072,6.28
2021-11-06 21:19:59.999999,2021-11-07 00:39:59.999998,20,6.5905223,7.5169888,7.677072,6.64
2021-11-06 21:19:59.999999,2021-11-07 00:50:00.000002,21,7.201223,7.5075154,7.677072,7.2
2021-11-06 21:19:59.999999,2021-11-07 00:59:59.999997,22,7.8830657,7.4997516,7.677072,8.1
2021-11-06 21:19:59.999999,2021-11-07 01:10:00.000001,23,8.110105,7.4934926,7.677072,7.82
2021-11-06 21:19:59.999999,2021-11-07 01:19:59.999996,24,7.9896407,7.4885373,7.677072,8.0
2021-11-06 21:19:59.999999,2021-11-07 01:30:00.000000,25,7.8970256,7.4846954,7.677072,8.13
2021-11-06 21:19:59.999999,2021-11-07 01:40:00.000004,26,7.847571,7.481786,7.677072,7.68
2021-11-06 21:19:59.999999,2021-11-07 01:49:59.999999,27,7.6874666,7.4796433,7.677072,7.73
2021-11-06 21:19:59.999999,2021-11-07 02:00:00.000003,28,7.436066,7.478127,7.677072,7.39
2021-11-06 21:19:59.999999,2021-11-07 02:09:59.999998,29,7.215802,7.47711,7.677072,7.22
2021-11-06 21:19:59.999999,2021-11-07 02:20:00.000002,30,7.1272135,7.4764824,7.677072,7.29
2021-11-06 21:19:59.999999,2021-11-07 02:29:59.999997,31,7.2017355,7.476159,7.677072,6.93
2021-11-06 21:19:59.999999,2021-11-07 02:40:00.000001,32,7.3908644,7.4760604,7.677072,7.59
2021-11-06 21:19:59.999999,2021-11-07 02:49:59.999996,33,7.6012216,7.476127,7.677072,7.64
2021-11-06 21:19:59.999999,2021-11-07 03:00:00.000000,34,7.6814046,7.4763103,7.677072,7.38
2021-11-06 21:19:59.999999,2021-11-07 03:10:00.000004,35,7.534783,7.4765673,7.677072,7.79
2021-11-06 21:19:59.999999,2021-11-07 03:19:59.999999,36,7.347056,7.4768763,7.677072,7.48
2021-11-06 21:30:00.000003,2021-11-06 21:39:59.999998,1,7.821533,7.738159,7.7425747,8.06
2021-11-06 21:30:00.000003,2021-11-06 21:50:00.000002,2,7.57925,7.748883,7.7425747,7.62
2021-11-06 21:30:00.000003,2021-11-06 21:59:59.999997,3,7.240751,7.77052,7.7425747,7.03
2021-11-06 21:30:00.000003,2021-11-06 22:10:00.000001,4,7.21208,7.779556,7.7425747,7.37
2021-11-06 21:30:00.000003,2021-11-06 22:19:59.999996,5,7.508643,7.780783,7.7425747,7.61
2021-11-06 21:30:00.000003,2021-11-06 22:30:00.000000,6,7.887239,7.7760735,7.7425747,7.46
2021-11-06 21:30:00.000003,2021-11-06 22:40:00.000004,7,8.17175,7.7664647,7.7425747,8.78
2021-11-06 21:30:00.000003,2021-11-06 22:49:59.999999,8,8.2703905,7.752867,7.7425747,7.76
2021-11-06 21:30:00.000003,2021-11-06 23:00:00.000003,9,8.119549,7.7362027,7.7425747,8.3
2021-11-06 21:30:00.000003,2021-11-06 23:09:59.999998,10,7.7757177,7.7173986,7.7425747,7.97
2021-11-06 21:30:00.000003,2021-11-06 23:20:00.000002,11,7.4764404,7.697344,7.7425747,7.08
2021-11-06 21:30:00.000003,2021-11-06 23:29:59.999997,12,7.4223742,7.6768413,7.7425747,7.69
2021-11-06 21:30:00.000003,2021-11-06 23:40:00.000001,13,7.5265737,7.6565804,7.7425747,7.63
2021-11-06 21:30:00.000003,2021-11-06 23:49:59.999996,14,7.541079,7.6371202,7.7425747,7.22
2021-11-06 21:30:00.000003,2021-11-07 00:00:00.000000,15,7.363047,7.6188903,7.7425747,7.55
2021-11-06 21:30:00.000003,2021-11-07 00:10:00.000004,16,7.071785,7.602185,7.7425747,7.03
2021-11-06 21:30:00.000003,2021-11-07 00:19:59.999999,17,6.7458434,7.5871806,7.7425747,6.89
2021-11-06 21:30:00.000003,2021-11-07 00:30:00.000003,18,6.488458,7.573952,7.7425747,6.28
2021-11-06 21:30:00.000003,2021-11-07 00:39:59.999998,19,6.5905223,7.5624943,7.7425747,6.64
2021-11-06 21:30:00.000003,2021-11-07 00:50:00.000002,20,7.201223,7.552738,7.7425747,7.2
2021-11-06 21:30:00.000003,2021-11-07 00:59:59.999997,21,7.8830657,7.5445685,7.7425747,8.1
2021-11-06 21:30:00.000003,2021-11-07 01:10:00.000001,22,8.110105,7.537842,7.7425747,7.82
2021-11-06 21:30:00.000003,2021-11-07 01:19:59.999996,23,7.9896407,7.5323977,7.7425747,8.0
2021-11-06 21:30:00.000003,2021-11-07 01:30:00.000000,24,7.8970256,7.528078,7.7425747,8.13
2021-11-06 21:30:00.000003,2021-11-07 01:40:00.000004,25,7.847571,7.524717,7.7425747,7.68
2021-11-06 21:30:00.000003,2021-11-07 01:49:59.999999,26,7.6874666,7.5221667,7.7425747,7.73
2021-11-06 21:30:00.000003,2021-11-07 02:00:00.000003,27,7.436066,7.520287,7.7425747,7.39
2021-11-06 21:30:00.000003,2021-11-07 02:09:59.999998,28,7.215802,7.518955,7.7425747,7.22
2021-11-06 21:30:00.000003,2021-11-07 02:20:00.000002,29,7.1272135,7.5180607,7.7425747,7.29
2021-11-06 21:30:00.000003,2021-11-07 02:29:59.999997,30,7.2017355,7.517513,7.7425747,6.93
2021-11-06 21:30:00.000003,2021-11-07 02:40:00.000001,31,7.3908644,7.5172286,7.7425747,7.59
2021-11-06 21:30:00.000003,2021-11-07 02:49:59.999996,32,7.6012216,7.517145,7.7425747,7.64
2021-11-06 21:30:00.000003,2021-11-07 03:00:00.000000,33,7.6814046,7.5172076,7.7425747,7.38
2021-11-06 21:30:00.000003,2021-11-07 03:10:00.000004,34,7.534783,7.5173726,7.7425747,7.79
2021-11-06 21:30:00.000003,2021-11-07 03:19:59.999999,35,7.347056,7.5176034,7.7425747,7.48
2021-11-06 21:30:00.000003,2021-11-07 03:30:00.000003,36,7.351414,7.5178785,7.7425747,7.12
2021-11-06 21:39:59.999998,2021-11-06 21:50:00.000002,1,7.57925,7.705647,7.821533,7.62
2021-11-06 21:39:59.999998,2021-11-06 21:59:59.999997,2,7.240751,7.724776,7.821533,7.03
2021-11-06 21:39:59.999998,2021-11-06 22:10:00.000001,3,7.21208,7.7543745,7.821533,7.37
2021-11-06 21:39:59.999998,2021-11-06 22:19:59.999996,4,7.508643,7.7702127,7.821533,7.61
2021-11-06 21:39:59.999998,2021-11-06 22:30:00.000000,5,7.887239,7.7774725,7.821533,7.46
2021-11-06 21:39:59.999998,2021-11-06 22:40:00.000004,6,8.17175,7.7782316,7.821533,8.78
2021-11-06 21:39:59.999998,2021-11-06 22:49:59.999999,7,8.2703905,7.773648,7.821533,7.76
2021-11-06 21:39:59.999998,2021-11-06 23:00:00.000003,8,8.119549,7.7646813,7.821533,8.3
2021-11-06 21:39:59.999998,2021-11-06 23:09:59.999998,9,7.7757177,7.7522783,7.821533,7.97
2021-11-06 21:39:59.999998,2021-11-06 23:20:00.000002,10,7.4764404,7.7373686,7.821533,7.08
2021-11-06 21:39:59.999998,2021-11-06 23:29:59.999997,11,7.4223742,7.7208433,7.821533,7.69
2021-11-06 21:39:59.999998,2021-11-06 23:40:00.000001,12,7.5265737,7.703511,7.821533,7.63
2021-11-06 21:39:59.999998,2021-11-06 23:49:59.999996,13,7.541079,7.6860695,7.821533,7.22
2021-11-06 21:39:59.999998,2021-11-07 00:00:00.000000,14,7.363047,7.6690965,7.821533,7.55
2021-11-06 21:39:59.999998,2021-11-07 00:10:00.000004,15,7.071785,7.653039,7.821533,7.03
2021-11-06 21:39:59.999998,2021-11-07 00:19:59.999999,16,6.7458434,7.6382174,7.821533,6.89
2021-11-06 21:39:59.999998,2021-11-07 00:30:00.000003,17,6.488458,7.6248326,7.821533,6.28
2021-11-06 21:39:59.999998,2021-11-07 00:39:59.999998,18,6.5905223,7.612987,7.821533,6.64
2021-11-06 21:39:59.999998,2021-11-07 00:50:00.000002,19,7.201223,7.6026998,7.821533,7.2
2021-11-06 21:39:59.999998,2021-11-07 00:59:59.999997,20,7.8830657,7.5939264,7.821533,8.1
2021-11-06 21:39:59.999998,2021-11-07 01:10:00.000001,21,8.110105,7.5865774,7.821533,7.82
2021-11-06 21:39:59.999998,2021-11-07 01:19:59.999996,22,7.9896407,7.5805287,7.821533,8.0
2021-11-06 21:39:59.999998,2021-11-07 01:30:00.000000,23,7.8970256,7.5756445,7.821533,8.13
2021-11-06 21:39:59.999998,2021-11-07 01:40:00.000004,24,7.847571,7.571776,7.821533,7.68
2021-11-06 21:39:59.999998,2021-11-07 01:49:59.999999,25,7.6874666,7.5687814,7.821533,7.73
2021-11-06 21:39:59.999998,2021-11-07 02:00:00.000003,26,7.436066,7.566523,7.821533,7.39
2021-11-06 21:39:59.999998,2021-11-07 02:09:59.999998,27,7.215802,7.564874,7.821533,7.22
2021-11-06 21:39:59.999998,2021-11-07 02:20:00.000002,28,7.1272135,7.563721,7.821533,7.29
2021-11-06 21:39:59.999998,2021-11-07 02:29:59.999997,29,7.2017355,7.5629654,7.821533,6.93
2021-11-06 21:39:59.999998,2021-11-07 02:40:00.000001,30,7.3908644,7.5625176,7.821533,7.59
2021-11-06 21:39:59.999998,2021-11-07 02:49:59.999996,31,7.6012216,7.5623093,7.821533,7.64
2021-11-06 21:39:59.999998,2021-11-07 03:00:00.000000,32,7.6814046,7.562278,7.821533,7.38
2021-11-06 21:39:59.999998,2021-11-07 03:10:00.000004,33,7.534783,7.562374,7.821533,7.79
2021-11-06 21:39:59.999998,2021-11-07 03:19:59.999999,34,7.347056,7.56256,7.821533,7.48
2021-11-06 21:39:59.999998,2021-11-07 03:30:00.000003,35,7.351414,7.5628033,7.821533,7.12
2021-11-06 21:39:59.999998,2021-11-07 03:39:59.999998,36,7.368232,7.5630794,7.821533,7.15
2021-11-06 21:50:00.000002,2021-11-06 21:59:59.999997,1,7.240751,7.688066,7.57925,7.03
2021-11-06 21:50:00.000002,2021-11-06 22:10:00.000001,2,7.21208,7.6845813,7.57925,7.37
2021-11-06 21:50:00.000002,2021-11-06 22:19:59.999996,3,7.508643,7.6919065,7.57925,7.61
2021-11-06 21:50:00.000002,2021-11-06 22:30:00.000000,4,7.887239,7.686894,7.57925,7.46
2021-11-06 21:50:00.000002,2021-11-06 22:40:00.000004,5,8.17175,7.6759167,7.57925,8.78
2021-11-06 21:50:00.000002,2021-11-06 22:49:59.999999,6,8.2703905,7.661493,7.57925,7.76
2021-11-06 21:50:00.000002,2021-11-06 23:00:00.000003,7,8.119549,7.6447845,7.57925,8.3
2021-11-06 21:50:00.000002,2021-11-06 23:09:59.999998,8,7.7757177,7.626523,7.57925,7.97
2021-11-06 21:50:00.000002,2021-11-06 23:20:00.000002,9,7.4764404,7.607312,7.57925,7.08
2021-11-06 21:50:00.000002,2021-11-06 23:29:59.999997,10,7.4223742,7.5877156,7.57925,7.69
2021-11-06 21:50:00.000002,2021-11-06 23:40:00.000001,11,7.5265737,7.5682516,7.57925,7.63
2021-11-06 21:50:00.000002,2021-11-06 23:49:59.999996,12,7.541079,7.549376,7.57925,7.22
2021-11-06 21:50:00.000002,2021-11-07 00:00:00.000000,13,7.363047,7.5314837,7.57925,7.55
2021-11-06 21:50:00.000002,2021-11-07 00:10:00.000004,14,7.071785,7.514876,7.57925,7.03
2021-11-06 21:50:00.000002,2021-11-07 00:19:59.999999,15,6.7458434,7.499771,7.57925,6.89
2021-11-06 21:50:00.000002,2021-11-07 00:30:00.000003,16,6.488458,7.4862995,7.57925,6.28
2021-11-06 21:50:00.000002,2021-11-07 00:39:59.999998,17,6.5905223,7.4745116,7.57925,6.64
2021-11-06 21:50:00.000002,2021-11-07 00:50:00.000002,18,7.201223,7.46439,7.57925,7.2
2021-11-06 21:50:00.000002,2021-11-07 00:59:59.999997,19,7.8830657,7.4558625,7.57925,8.1
2021-11-06 21:50:00.000002,2021-11-07 01:10:00.000001,20,8.110105,7.448821,7.57925,7.82
2021-11-06 21:50:00.000002,2021-11-07 01:19:59.999996,21,7.9896407,7.443124,7.57925,8.0
2021-11-06 21:50:00.000002,2021-11-07 01:30:00.000000,22,7.8970256,7.438621,7.57925,8.13
2021-11-06 21:50:00.000002,2021-11-07 01:40:00.000004,23,7.847571,7.4351516,7.57925,7.68
2021-11-06 21:50:00.000002,2021-11-07 01:49:59.999999,24,7.6874666,7.4325643,7.57925,7.73
2021-11-06 21:50:00.000002,2021-11-07 02:00:00.000003,25,7.436066,7.4307127,7.57925,7.39
2021-11-06 21:50:00.000002,2021-11-07 02:09:59.999998,26,7.215802,7.4294605,7.57925,7.22
2021-11-06 21:50:00.000002,2021-11-07 02:20:00.000002,27,7.1272135,7.4286904,7.57925,7.29
2021-11-06 21:50:00.000002,2021-11-07 02:29:59.999997,28,7.2017355,7.4282966,7.57925,6.93
2021-11-06 21:50:00.000002,2021-11-07 02:40:00.000001,29,7.3908644,7.42819,7.57925,7.59
2021-11-06 21:50:00.000002,2021-11-07 02:49:59.999996,30,7.6012216,7.4282937,7.57925,7.64
2021-11-06 21:50:00.000002,2021-11-07 03:00:00.000000,31,7.6814046,7.4285483,7.57925,7.38
2021-11-06 21:50:00.000002,2021-11-07 03:10:00.000004,32,7.534783,7.428904,7.57925,7.79
2021-11-06 21:50:00.000002,2021-11-07 03:19:59.999999,33,7.347056,7.4293194,7.57925,7.48
2021-11-06 21:50:00.000002,2021-11-07 03:30:00.000003,34,7.351414,7.4297676,7.57925,7.12
2021-11-06 21:50:00.000002,2021-11-07 03:39:59.999998,35,7.368232,7.430221,7.57925,7.15
2021-11-06 21:50:00.000002,2021-11-07 03:50:00.000002,36,7.1039915,7.430668,7.57925,7.5
2021-11-06 21:59:59.999997,2021-11-06 22:10:00.000001,1,7.21208,7.6478057,7.240751,7.37
2021-11-06 21:59:59.999997,2021-11-06 22:19:59.999996,2,7.508643,7.6106687,7.240751,7.61
2021-11-06 21:59:59.999997,2021-11-06 22:30:00.000000,3,7.887239,7.5867863,7.240751,7.46
2021-11-06 21:59:59.999997,2021-11-06 22:40:00.000004,4,8.17175,7.5551405,7.240751,8.78
2021-11-06 21:59:59.999997,2021-11-06 22:49:59.999999,5,8.2703905,7.522366,7.240751,7.76
2021-11-06 21:59:59.999997,2021-11-06 23:00:00.000003,6,8.119549,7.49072,7.240751,8.3
2021-11-06 21:59:59.999997,2021-11-06 23:09:59.999998,7,7.7757177,7.460855,7.240751,7.97
2021-11-06 21:59:59.999997,2021-11-06 23:20:00.000002,8,7.4764404,7.432905,7.240751,7.08
2021-11-06 21:59:59.999997,2021-11-06 23:29:59.999997,9,7.4223742,7.4068866,7.240751,7.69
2021-11-06 21:59:59.999997,2021-11-06 23:40:00.000001,10,7.5265737,7.382812,7.240751,7.63
2021-11-06 21:59:59.999997,2021-11-06 23:49:59.999996,11,7.541079,7.3607135,7.240751,7.22
2021-11-06 21:59:59.999997,2021-11-07 00:00:00.000000,12,7.363047,7.3406353,7.240751,7.55
2021-11-06 21:59:59.999997,2021-11-07 00:10:00.000004,13,7.071785,7.322611,7.240751,7.03
2021-11-06 21:59:59.999997,2021-11-07 00:19:59.999999,14,6.7458434,7.3066516,7.240751,6.89
2021-11-06 21:59:59.999997,2021-11-07 00:30:00.000003,15,6.488458,7.2927337,7.240751,6.28
2021-11-06 21:59:59.999997,2021-11-07 00:39:59.999998,16,6.5905223,7.280797,7.240751,6.64
2021-11-06 21:59:59.999997,2021-11-07 00:50:00.000002,17,7.201223,7.270738,7.240751,7.2
2021-11-06 21:59:59.999997,2021-11-07 00:59:59.999997,18,7.8830657,7.2624288,7.240751,8.1
2021-11-06 21:59:59.999997,2021-11-07 01:10:00.000001,19,8.110105,7.255709,7.240751,7.82
2021-11-06 21:59:59.999997,2021-11-07 01:19:59.999996,20,7.9896407,7.25041,7.240751,8.0
2021-11-06 21:59:59.999997,2021-11-07 01:30:00.000000,21,7.8970256,7.2463517,7.240751,8.13
2021-11-06 21:59:59.999997,2021-11-07 01:40:00.000004,22,7.847571,7.2433558,7.240751,7.68
2021-11-06 21:59:59.999997,2021-11-07 01:49:59.999999,23,7.6874666,7.2412515,7.240751,7.73
2021-11-06 21:59:59.999997,2021-11-07 02:00:00.000003,24,7.436066,7.2398806,7.240751,7.39
2021-11-06 21:59:59.999997,2021-11-07 02:09:59.999998,25,7.215802,7.2390976,7.240751,7.22
2021-11-06 21:59:59.999997,2021-11-07 02:20:00.000002,26,7.1272135,7.238777,7.240751,7.29
2021-11-06 21:59:59.999997,2021-11-07 02:29:59.999997,27,7.2017355,7.2388053,7.240751,6.93
2021-11-06 21:59:59.999997,2021-11-07 02:40:00.000001,28,7.3908644,7.2390924,7.240751,7.59
2021-11-06 21:59:59.999997,2021-11-07 02:49:59.999996,29,7.6012216,7.239558,7.240751,7.64
2021-11-06 21:59:59.999997,2021-11-07 03:00:00.000000,30,7.6814046,7.2401404,7.240751,7.38
2021-11-06 21:59:59.999997,2021-11-07 03:10:00.000004,31,7.534783,7.24079,7.240751,7.79
2021-11-06 21:59:59.999997,2021-11-07 03:19:59.999999,32,7.347056,7.2414665,7.240751,7.48
2021-11-06 21:59:59.999997,2021-11-07 03:30:00.000003,33,7.351414,7.242145,7.240751,7.12
2021-11-06 21:59:59.999997,2021-11-07 03:39:59.999998,34,7.368232,7.2427998,7.240751,7.15
2021-11-06 21:59:59.999997,2021-11-07 03:50:00.000002,35,7.1039915,7.2434187,7.240751,7.5
2021-11-06 21:59:59.999997,2021-11-07 03:59:59.999997,36,6.7697396,7.2439933,7.240751,6.9
2021-11-06 22:10:00.000001,2021-11-06 22:19:59.999996,1,7.508643,7.587926,7.21208,7.61
2021-11-06 22:10:00.000001,2021-11-06 22:30:00.000000,2,7.887239,7.5580416,7.21208,7.46
2021-11-06 22:10:00.000001,2021-11-06 22:40:00.000004,3,8.17175,7.539357,7.21208,8.78
2021-11-06 22:10:00.000001,2021-11-06 22:49:59.999999,4,8.2703905,7.511522,7.21208,7.76
2021-11-06 22:10:00.000001,2021-11-06 23:00:00.000003,5,8.119549,7.481767,7.21208,8.3
2021-11-06 22:10:00.000001,2021-11-06 23:09:59.999998,6,7.7757177,7.4527082,7.21208,7.97
2021-11-06 22:10:00.000001,2021-11-06 23:20:00.000002,7,7.4764404,7.4252,7.21208,7.08
2021-11-06 22:10:00.000001,2021-11-06 23:29:59.999997,8,7.4223742,7.399463,7.21208,7.69
2021-11-06 22:10:00.000001,2021-11-06 23:40:00.000001,9,7.5265737,7.3755364,7.21208,7.63
2021-11-06 22:10:00.000001,2021-11-06 23:49:59.999996,10,7.541079,7.3534284,7.21208,7.22
2021-11-06 22:10:00.000001,2021-11-07 00:00:00.000000,11,7.363047,7.333159,7.21208,7.55
2021-11-06 22:10:00.000001,2021-11-07 00:10:00.000004,12,7.071785,7.3147554,7.21208,7.03
2021-11-06 22:10:00.000001,2021-11-07 00:19:59.999999,13,6.7458434,7.298241,7.21208,6.89
2021-11-06 22:10:00.000001,2021-11-07 00:30:00.000003,14,6.488458,7.283626,7.21208,6.28
2021-11-06 22:10:00.000001,2021-11-07 00:39:59.999998,15,6.5905223,7.2708807,7.21208,6.64
2021-11-06 22:10:00.000001,2021-11-07 00:50:00.000002,16,7.201223,7.259957,7.21208,7.2
2021-11-06 22:10:00.000001,2021-11-07 00:59:59.999997,17,7.8830657,7.2507596,7.21208,8.1
2021-11-06 22:10:00.000001,2021-11-07 01:10:00.000001,18,8.110105,7.243169,7.21208,7.82
2021-11-06 22:10:00.000001,2021-11-07 01:19:59.999996,19,7.9896407,7.2370443,7.21208,8.0
2021-11-06 22:10:00.000001,2021-11-07 01:30:00.000000,20,7.8970256,7.2322235,7.21208,8.13
2021-11-06 22:10:00.000001,2021-11-07 01:40:00.000004,21,7.847571,7.228545,7.21208,7.68
2021-11-06 22:10:00.000001,2021-11-07 01:49:59.999999,22,7.6874666,7.225844,7.21208,7.73
2021-11-06 22:10:00.000001,2021-11-07 02:00:00.000003,23,7.436066,7.2239614,7.21208,7.39
2021-11-06 22:10:00.000001,2021-11-07 02:09:59.999998,24,7.215802,7.222751,7.21208,7.22
2021-11-06 22:10:00.000001,2021-11-07 02:20:00.000002,25,7.1272135,7.2220774,7.21208,7.29
2021-11-06 22:10:00.000001,2021-11-07 02:29:59.999997,26,7.2017355,7.221826,7.21208,6.93
2021-11-06 22:10:00.000001,2021-11-07 02:40:00.000001,27,7.3908644,7.221892,7.21208,7.59
2021-11-06 22:10:00.000001,2021-11-07 02:49:59.999996,28,7.6012216,7.222188,7.21208,7.64
2021-11-06 22:10:00.000001,2021-11-07 03:00:00.000000,29,7.6814046,7.222647,7.21208,7.38
2021-11-06 22:10:00.000001,2021-11-07 03:10:00.000004,30,7.534783,7.2232065,7.21208,7.79
2021-11-06 22:10:00.000001,2021-11-07 03:19:59.999999,31,7.347056,7.2238216,7.21208,7.48
2021-11-06 22:10:00.000001,2021-11-07 03:30:00.000003,32,7.351414,7.224461,7.21208,7.12
2021-11-06 22:10:00.000001,2021-11-07 03:39:59.999998,33,7.368232,7.2250943,7.21208,7.15
2021-11-06 22:10:00.000001,2021-11-07 03:50:00.000002,34,7.1039915,7.225704,7.21208,7.5
2021-11-06 22:10:00.000001,2021-11-07 03:59:59.999997,35,6.7697396,7.2262793,7.21208,6.9
2021-11-06 22:10:00.000001,2021-11-07 04:10:00.000001,36,6.751392,7.226809,7.21208,6.3
2021-11-06 22:19:59.999996,2021-11-06 22:30:00.000000,1,7.887239,7.6123567,7.508643,7.46
2021-11-06 22:19:59.999996,2021-11-06 22:40:00.000004,2,8.17175,7.583125,7.508643,8.78
2021-11-06 22:19:59.999996,2021-11-06 22:49:59.999999,3,8.2703905,7.5733986,7.508643,7.76
2021-11-06 22:19:59.999996,2021-11-06 23:00:00.000003,4,8.119549,7.559554,7.508643,8.3
2021-11-06 22:19:59.999996,2021-11-06 23:09:59.999998,5,7.7757177,7.5460773,7.508643,7.97
2021-11-06 22:19:59.999996,2021-11-06 23:20:00.000002,6,7.4764404,7.533687,7.508643,7.08
2021-11-06 22:19:59.999996,2021-11-06 23:29:59.999997,7,7.4223742,7.5220504,7.508643,7.69
2021-11-06 22:19:59.999996,2021-11-06 23:40:00.000001,8,7.5265737,7.510718,7.508643,7.63
2021-11-06 22:19:59.999996,2021-11-06 23:49:59.999996,9,7.541079,7.4994106,7.508643,7.22
2021-11-06 22:19:59.999996,2021-11-07 00:00:00.000000,10,7.363047,7.4880524,7.508643,7.55
2021-11-06 22:19:59.999996,2021-11-07 00:10:00.000004,11,7.071785,7.4767227,7.508643,7.03
2021-11-06 22:19:59.999996,2021-11-07 00:19:59.999999,12,6.7458434,7.4655914,7.508643,6.89
2021-11-06 22:19:59.999996,2021-11-07 00:30:00.000003,13,6.488458,7.454873,7.508643,6.28
2021-11-06 22:19:59.999996,2021-11-07 00:39:59.999998,14,6.5905223,7.4447756,7.508643,6.64
2021-11-06 22:19:59.999996,2021-11-07 00:50:00.000002,15,7.201223,7.435473,7.508643,7.2
2021-11-06 22:19:59.999996,2021-11-07 00:59:59.999997,16,7.8830657,7.4271016,7.508643,8.1
2021-11-06 22:19:59.999996,2021-11-07 01:10:00.000001,17,8.110105,7.419738,7.508643,7.82
2021-11-06 22:19:59.999996,2021-11-07 01:19:59.999996,18,7.9896407,7.4134073,7.508643,8.0
2021-11-06 22:19:59.999996,2021-11-07 01:30:00.000000,19,7.8970256,7.408097,7.508643,8.13
2021-11-06 22:19:59.999996,2021-11-07 01:40:00.000004,20,7.847571,7.4037476,7.508643,7.68
2021-11-06 22:19:59.999996,2021-11-07 01:49:59.999999,21,7.6874666,7.400286,7.508643,7.73
2021-11-06 22:19:59.999996,2021-11-07 02:00:00.000003,22,7.436066,7.397616,7.508643,7.39
2021-11-06 22:19:59.999996,2021-11-07 02:09:59.999998,23,7.215802,7.395637,7.508643,7.22
2021-11-06 22:19:59.999996,2021-11-07 02:20:00.000002,24,7.1272135,7.3942437,7.508643,7.29
2021-11-06 22:19:59.999996,2021-11-07 02:29:59.999997,25,7.2017355,7.3933334,7.508643,6.93
2021-11-06 22:19:59.999996,2021-11-07 02:40:00.000001,26,7.3908644,7.3928156,7.508643,7.59
2021-11-06 22:19:59.999996,2021-11-07 02:49:59.999996,27,7.6012216,7.3926067,7.508643,7.64
2021-11-06 22:19:59.999996,2021-11-07 03:00:00.000000,28,7.6814046,7.392632,7.508643,7.38
2021-11-06 22:19:59.999996,2021-11-07 03:10:00.000004,29,7.534783,7.392829,7.508643,7.79
2021-11-06 22:19:59.999996,2021-11-07 03:19:59.999999,30,7.347056,7.393144,7.508643,7.48
2021-11-06 22:19:59.999996,2021-11-07 03:30:00.000003,31,7.351414,7.393538,7.508643,7.12
2021-11-06 22:19:59.999996,2021-11-07 03:39:59.999998,32,7.368232,7.393976,7.508643,7.15
2021-11-06 22:19:59.999996,2021-11-07 03:50:00.000002,33,7.1039915,7.3944306,7.508643,7.5
2021-11-06 22:19:59.999996,2021-11-07 03:59:59.999997,34,6.7697396,7.3948846,7.508643,6.9
2021-11-06 22:19:59.999996,2021-11-07 04:10:00.000001,35,6.751392,7.3953214,7.508643,6.3
2021-11-06 22:19:59.999996,2021-11-07 04:19:59.999996,36,6.892434,7.3957343,7.508643,6.9
2021-11-06 22:30:00.000000,2021-11-06 22:40:00.000004,1,8.17175,7.644347,7.887239,8.78
2021-11-06 22:30:00.000000,2021-11-06 22:49:59.999999,2,8.2703905,7.6204357,7.887239,7.76
2021-11-06 22:30:00.000000,2021-11-06 23:00:00.000003,3,8.119549,7.6245766,7.887239,8.3
2021-11-06 22:30:00.000000,2021-11-06 23:09:59.999998,4,7.7757177,7.62955,7.887239,7.97
2021-11-06 22:30:00.000000,2021-11-06 23:20:00.000002,5,7.4764404,7.63689,7.887239,7.08
2021-11-06 22:30:00.000000,2021-11-06 23:29:59.999997,6,7.4223742,7.645305,7.887239,7.69
2021-11-06 22:30:00.000000,2021-11-06 23:40:00.000001,7,7.5265737,7.6532116,7.887239,7.63
2021-11-06 22:30:00.000000,2021-11-06 23:49:59.999996,8,7.541079,7.659469,7.887239,7.22
2021-11-06 22:30:00.000000,2021-11-07 00:00:00.000000,9,7.363047,7.6634846,7.887239,7.55
2021-11-06 22:30:00.000000,2021-11-07 00:10:00.000004,10,7.071785,7.665114,7.887239,7.03
2021-11-06 22:30:00.000000,2021-11-07 00:19:59.999999,11,6.7458434,7.664532,7.887239,6.89
2021-11-06 22:30:00.000000,2021-11-07 00:30:00.000003,12,6.488458,7.6620955,7.887239,6.28
2021-11-06 22:30:00.000000,2021-11-07 00:39:59.999998,13,6.5905223,7.6582494,7.887239,6.64
2021-11-06 22:30:00.000000,2021-11-07 00:50:00.000002,14,7.201223,7.6534514,7.887239,7.2
2021-11-06 22:30:00.000000,2021-11-07 00:59:59.999997,15,7.8830657,7.64813,7.887239,8.1
2021-11-06 22:30:00.000000,2021-11-07 01:10:00.000001,16,8.110105,7.6426463,7.887239,7.82
2021-11-06 22:30:00.000000,2021-11-07 01:19:59.999996,17,7.9896407,7.637285,7.887239,8.0
2021-11-06 22:30:00.000000,2021-11-07 01:30:00.000000,18,7.8970256,7.6322613,7.887239,8.13
2021-11-06 22:30:00.000000,2021-11-07 01:40:00.000004,19,7.847571,7.627711,7.887239,7.68
2021-11-06 22:30:00.000000,2021-11-07 01:49:59.999999,20,7.6874666,7.6237154,7.887239,7.73
2021-11-06 22:30:00.000000,2021-11-07 02:00:00.000003,21,7.436066,7.620304,7.887239,7.39
2021-11-06 22:30:00.000000,2021-11-07 02:09:59.999998,22,7.215802,7.617469,7.887239,7.22
2021-11-06 22:30:00.000000,2021-11-07 02:20:00.000002,23,7.1272135,7.615178,7.887239,7.29
2021-11-06 22:30:00.000000,2021-11-07 02:29:59.999997,24,7.2017355,7.61338,7.887239,6.93
2021-11-06 22:30:00.000000,2021-11-07 02:40:00.000001,25,7.3908644,7.612016,7.887239,7.59
2021-11-06 22:30:00.000000,2021-11-07 02:49:59.999996,26,7.6012216,7.6110263,7.887239,7.64
2021-11-06 22:30:00.000000,2021-11-07 03:00:00.000000,27,7.6814046,7.610346,7.887239,7.38
2021-11-06 22:30:00.000000,2021-11-07 03:10:00.000004,28,7.534783,7.609917,7.887239,7.79
2021-11-06 22:30:00.000000,2021-11-07 03:19:59.999999,29,7.347056,7.609689,7.887239,7.48
2021-11-06 22:30:00.000000,2021-11-07 03:30:00.000003,30,7.351414,7.609615,7.887239,7.12
2021-11-06 22:30:00.000000,2021-11-07 03:39:59.999998,31,7.368232,7.6096544,7.887239,7.15
2021-11-06 22:30:00.000000,2021-11-07 03:50:00.000002,32,7.1039915,7.6097755,7.887239,7.5
2021-11-06 22:30:00.000000,2021-11-07 03:59:59.999997,33,6.7697396,7.609953,7.887239,6.9
2021-11-06 22:30:00.000000,2021-11-07 04:10:00.000001,34,6.751392,7.610164,7.887239,6.3
2021-11-06 22:30:00.000000,2021-11-07 04:19:59.999996,35,6.892434,7.610393,7.887239,6.9
2021-11-06 22:30:00.000000,2021-11-07 04:30:00.000000,36,6.8476667,7.6106267,7.887239,7.21
2021-11-06 22:40:00.000004,2021-11-06 22:49:59.999999,1,8.2703905,7.6963105,8.17175,7.76
2021-11-06 22:40:00.000004,2021-11-06 23:00:00.000003,2,8.119549,7.6895795,8.17175,8.3
2021-11-06 22:40:00.000004,2021-11-06 23:09:59.999998,3,7.7757177,7.7110496,8.17175,7.97
2021-11-06 22:40:00.000004,2021-11-06 23:20:00.000002,4,7.4764404,7.73222,8.17175,7.08
2021-11-06 22:40:00.000004,2021-11-06 23:29:59.999997,5,7.4223742,7.754003,8.17175,7.69
2021-11-06 22:40:00.000004,2021-11-06 23:40:00.000001,6,7.5265737,7.774801,8.17175,7.63
2021-11-06 22:40:00.000004,2021-11-06 23:49:59.999996,7,7.541079,7.792986,8.17175,7.22
2021-11-06 22:40:00.000004,2021-11-07 00:00:00.000000,8,7.363047,7.8075323,8.17175,7.55
2021-11-06 22:40:00.000004,2021-11-07 00:10:00.000004,9,7.071785,7.8180513,8.17175,7.03
2021-11-06 22:40:00.000004,2021-11-07 00:19:59.999999,10,6.7458434,7.824637,8.17175,6.89
2021-11-06 22:40:00.000004,2021-11-07 00:30:00.000003,11,6.488458,7.8277044,8.17175,6.28
2021-11-06 22:40:00.000004,2021-11-07 00:39:59.999998,12,6.5905223,7.8278456,8.17175,6.64
2021-11-06 22:40:00.000004,2021-11-07 00:50:00.000002,13,7.201223,7.825713,8.17175,7.2
2021-11-06 22:40:00.000004,2021-11-07 00:59:59.999997,14,7.8830657,7.821959,8.17175,8.1
2021-11-06 22:40:00.000004,2021-11-07 01:10:00.000001,15,8.110105,7.817163,8.17175,7.82
2021-11-06 22:40:00.000004,2021-11-07 01:19:59.999996,16,7.9896407,7.811826,8.17175,8.0
2021-11-06 22:40:00.000004,2021-11-07 01:30:00.000000,17,7.8970256,7.8063436,8.17175,8.13
2021-11-06 22:40:00.000004,2021-11-07 01:40:00.000004,18,7.847571,7.801015,8.17175,7.68
2021-11-06 22:40:00.000004,2021-11-07 01:49:59.999999,19,7.6874666,7.7960496,8.17175,7.73
2021-11-06 22:40:00.000004,2021-11-07 02:00:00.000003,20,7.436066,7.791578,8.17175,7.39
2021-11-06 22:40:00.000004,2021-11-07 02:09:59.999998,21,7.215802,7.7876678,8.17175,7.22
2021-11-06 22:40:00.000004,2021-11-07 02:20:00.000002,22,7.1272135,7.7843413,8.17175,7.29
2021-11-06 22:40:00.000004,2021-11-07 02:29:59.999997,23,7.2017355,7.781585,8.17175,6.93
2021-11-06 22:40:00.000004,2021-11-07 02:40:00.000001,24,7.3908644,7.779358,8.17175,7.59
2021-11-06 22:40:00.000004,2021-11-07 02:49:59.999996,25,7.6012216,7.77761,8.17175,7.64
2021-11-06 22:40:00.000004,2021-11-07 03:00:00.000000,26,7.6814046,7.7762804,8.17175,7.38
2021-11-06 22:40:00.000004,2021-11-07 03:10:00.000004,27,7.534783,7.7753053,8.17175,7.79
2021-11-06 22:40:00.000004,2021-11-07 03:19:59.999999,28,7.347056,7.774627,8.17175,7.48
2021-11-06 22:40:00.000004,2021-11-07 03:30:00.000003,29,7.351414,7.774191,8.17175,7.12
2021-11-06 22:40:00.000004,2021-11-07 03:39:59.999998,30,7.368232,7.7739425,8.17175,7.15
2021-11-06 22:40:00.000004,2021-11-07 03:50:00.000002,31,7.1039915,7.7738442,8.17175,7.5
2021-11-06 22:40:00.000004,2021-11-07 03:59:59.999997,32,6.7697396,7.773853,8.17175,6.9
2021-11-06 22:40:00.000004,2021-11-07 04:10:00.000001,33,6.751392,7.773943,8.17175,6.3
2021-11-06 22:40:00.000004,2021-11-07 04:19:59.999996,34,6.892434,7.7740865,8.17175,6.9
2021-11-06 22:40:00.000004,2021-11-07 04:30:00.000000,35,6.8476667,7.7742624,8.17175,7.21
2021-11-06 22:40:00.000004,2021-11-07 04:40:00.000004,36,6.833646,7.7744584,8.17175,6.74
2021-11-06 22:49:59.999999,2021-11-06 23:00:00.000003,1,8.119549,7.7081275,8.2703905,8.3
2021-11-06 22:49:59.999999,2021-11-06 23:09:59.999998,2,7.7757177,7.7031846,8.2703905,7.97
2021-11-06 22:49:59.999999,2021-11-06 23:20:00.000002,3,7.4764404,7.7282863,8.2703905,7.08
2021-11-06 22:49:59.999999,2021-11-06 23:29:59.999997,4,7.4223742,7.753935,8.2703905,7.69
2021-11-06 22:49:59.999999,2021-11-06 23:40:00.000001,5,7.5265737,7.780592,8.2703905,7.63
2021-11-06 22:49:59.999999,2021-11-06 23:49:59.999996,6,7.541079,7.8062873,8.2703905,7.22
2021-11-06 22:49:59.999999,2021-11-07 00:00:00.000000,7,7.363047,7.8291464,8.2703905,7.55
2021-11-06 22:49:59.999999,2021-11-07 00:10:00.000004,8,7.071785,7.847989,8.2703905,7.03
2021-11-06 22:49:59.999999,2021-11-07 00:19:59.999999,9,6.7458434,7.8623333,8.2703905,6.89
2021-11-06 22:49:59.999999,2021-11-07 00:30:00.000003,10,6.488458,7.872238,8.2703905,6.28
2021-11-06 22:49:59.999999,2021-11-07 00:39:59.999998,11,6.5905223,7.878115,8.2703905,6.64
2021-11-06 22:49:59.999999,2021-11-07 00:50:00.000002,12,7.201223,7.8805776,8.2703905,7.2
2021-11-06 22:49:59.999999,2021-11-07 00:59:59.999997,13,7.8830657,7.880323,8.2703905,8.1
2021-11-06 22:49:59.999999,2021-11-07 01:10:00.000001,14,8.110105,7.878042,8.2703905,7.82
2021-11-06 22:49:59.999999,2021-11-07 01:19:59.999996,15,7.9896407,7.8743777,8.2703905,8.0
2021-11-06 22:49:59.999999,2021-11-07 01:30:00.000000,16,7.8970256,7.8698754,8.2703905,8.13
2021-11-06 22:49:59.999999,2021-11-07 01:40:00.000004,17,7.847571,7.8649855,8.2703905,7.68
2021-11-06 22:49:59.999999,2021-11-07 01:49:59.999999,18,7.6874666,7.8600492,8.2703905,7.73
2021-11-06 22:49:59.999999,2021-11-07 02:00:00.000003,19,7.436066,7.8553176,8.2703905,7.39
2021-11-06 22:49:59.999999,2021-11-07 02:09:59.999998,20,7.215802,7.850956,8.2703905,7.22
2021-11-06 22:49:59.999999,2021-11-07 02:20:00.000002,21,7.1272135,7.8470635,8.2703905,7.29
2021-11-06 22:49:59.999999,2021-11-07 02:29:59.999997,22,7.2017355,7.8436847,8.2703905,6.93
2021-11-06 22:49:59.999999,2021-11-07 02:40:00.000001,23,7.3908644,7.8408265,8.2703905,7.59
2021-11-06 22:49:59.999999,2021-11-07 02:49:59.999996,24,7.6012216,7.838466,8.2703905,7.64
2021-11-06 22:49:59.999999,2021-11-07 03:00:00.000000,25,7.6814046,7.836566,8.2703905,7.38
2021-11-06 22:49:59.999999,2021-11-07 03:10:00.000004,26,7.534783,7.8350744,8.2703905,7.79
2021-11-06 22:49:59.999999,2021-11-07 03:19:59.999999,27,7.347056,7.833937,8.2703905,7.48
2021-11-06 22:49:59.999999,2021-11-07 03:30:00.000003,28,7.351414,7.8331,8.2703905,7.12
2021-11-06 22:49:59.999999,2021-11-07 03:39:59.999998,29,7.368232,7.83251,8.2703905,7.15
2021-11-06 22:49:59.999999,2021-11-07 03:50:00.000002,30,7.1039915,7.8321214,8.2703905,7.5
2021-11-06 22:49:59.999999,2021-11-07 03:59:59.999997,31,6.7697396,7.8318915,8.2703905,6.9
2021-11-06 22:49:59.999999,2021-11-07 04:10:00.000001,32,6.751392,7.831784,8.2703905,6.3
2021-11-06 22:49:59.999999,2021-11-07 04:19:59.999996,33,6.892434,7.8317666,8.2703905,6.9
2021-11-06 22:49:59.999999,2021-11-07 04:30:00.000000,34,6.8476667,7.8318157,8.2703905,7.21
2021-11-06 22:49:59.999999,2021-11-07 04:40:00.000004,35,6.833646,7.831914,8.2703905,6.74
2021-11-06 22:49:59.999999,2021-11-07 04:49:59.999999,36,7.138404,7.832039,8.2703905,7.01
2021-11-06 23:00:00.000003,2021-11-06 23:09:59.999998,1,7.7757177,7.7427783,8.119549,7.97
2021-11-06 23:00:00.000003,2021-11-06 23:20:00.000002,2,7.4764404,7.7363167,8.119549,7.08
2021-11-06 23:00:00.000003,2021-11-06 23:29:59.999997,3,7.4223742,7.7544684,8.119549,7.69
2021-11-06 23:00:00.000003,2021-11-06 23:40:00.000001,4,7.5265737,7.769932,8.119549,7.63
2021-11-06 23:00:00.000003,2021-11-06 23:49:59.999996,5,7.541079,7.7848845,8.119549,7.22
2021-11-06 23:00:00.000003,2021-11-07 00:00:00.000000,6,7.363047,7.798552,8.119549,7.55
2021-11-06 23:00:00.000003,2021-11-07 00:10:00.000004,7,7.071785,7.809829,8.119549,7.03
2021-11-06 23:00:00.000003,2021-11-07 00:19:59.999999,8,6.7458434,7.817985,8.119549,6.89
2021-11-06 23:00:00.000003,2021-11-07 00:30:00.000003,9,6.488458,7.822766,8.119549,6.28
2021-11-06 23:00:00.000003,2021-11-07 00:39:59.999998,10,6.5905223,7.8243113,8.119549,6.64
2021-11-06 23:00:00.000003,2021-11-07 00:50:00.000002,11,7.201223,7.8230166,8.119549,7.2
2021-11-06 23:00:00.000003,2021-11-07 00:59:59.999997,12,7.8830657,7.819425,8.119549,8.1
2021-11-06 23:00:00.000003,2021-11-07 01:10:00.000001,13,8.110105,7.8141303,8.119549,7.82
2021-11-06 23:00:00.000003,2021-11-07 01:19:59.999996,14,7.9896407,7.8077106,8.119549,8.0
2021-11-06 23:00:00.000003,2021-11-07 01:30:00.000000,15,7.8970256,7.8006916,8.119549,8.13
2021-11-06 23:00:00.000003,2021-11-07 01:40:00.000004,16,7.847571,7.7935004,8.119549,7.68
2021-11-06 23:00:00.000003,2021-11-07 01:49:59.999999,17,7.6874666,7.7864847,8.119549,7.73
2021-11-06 23:00:00.000003,2021-11-07 02:00:00.000003,18,7.436066,7.7798934,8.119549,7.39
2021-11-06 23:00:00.000003,2021-11-07 02:09:59.999998,19,7.215802,7.7738934,8.119549,7.22
2021-11-06 23:00:00.000003,2021-11-07 02:20:00.000002,20,7.1272135,7.7685776,8.119549,7.29
2021-11-06 23:00:00.000003,2021-11-07 02:29:59.999997,21,7.2017355,7.7639856,8.119549,6.93
2021-11-06 23:00:00.000003,2021-11-07 02:40:00.000001,22,7.3908644,7.760109,8.119549,7.59
2021-11-06 23:00:00.000003,2021-11-07 02:49:59.999996,23,7.6012216,7.7569137,8.119549,7.64
2021-11-06 23:00:00.000003,2021-11-07 03:00:00.000000,24,7.6814046,7.7543387,8.119549,7.38
2021-11-06 23:00:00.000003,2021-11-07 03:10:00.000004,25,7.534783,7.7523174,8.119549,7.79
2021-11-06 23:00:00.000003,2021-11-07 03:19:59.999999,26,7.347056,7.7507763,8.119549,7.48
2021-11-06 23:00:00.000003,2021-11-07 03:30:00.000003,27,7.351414,7.7496424,8.119549,7.12
2021-11-06 23:00:00.000003,2021-11-07 03:39:59.999998,28,7.368232,7.7488437,8.119549,7.15
2021-11-06 23:00:00.000003,2021-11-07 03:50:00.000002,29,7.1039915,7.7483196,8.119549,7.5
2021-11-06 23:00:00.000003,2021-11-07 03:59:59.999997,30,6.7697396,7.748012,8.119549,6.9
2021-11-06 23:00:00.000003,2021-11-07 04:10:00.000001,31,6.751392,7.747872,8.119549,6.3
2021-11-06 23:00:00.000003,2021-11-07 04:19:59.999996,32,6.892434,7.747857,8.119549,6.9
2021-11-06 23:00:00.000003,2021-11-07 04:30:00.000000,33,6.8476667,7.747935,8.119549,7.21
2021-11-06 23:00:00.000003,2021-11-07 04:40:00.000004,34,6.833646,7.7480736,8.119549,6.74
2021-11-06 23:00:00.000003,2021-11-07 04:49:59.999999,35,7.138404,7.748255,8.119549,7.01
2021-11-06 23:00:00.000003,2021-11-07 05:00:00.000003,36,7.3258567,7.7484603,8.119549,7.17
2021-11-06 23:09:59.999998,2021-11-06 23:20:00.000002,1,7.4764404,7.73141,7.7757177,7.08
2021-11-06 23:09:59.999998,2021-11-06 23:29:59.999997,2,7.4223742,7.7209044,7.7757177,7.69
2021-11-06 23:09:59.999998,2021-11-06 23:40:00.000001,3,7.5265737,7.7249813,7.7757177,7.63
2021-11-06 23:09:59.999998,2021-11-06 23:49:59.999996,4,7.541079,7.720963,7.7757177,7.22
2021-11-06 23:09:59.999998,2021-11-07 00:00:00.000000,5,7.363047,7.7145276,7.7757177,7.55
2021-11-06 23:09:59.999998,2021-11-07 00:10:00.000004,6,7.071785,7.7071056,7.7757177,7.03
2021-11-06 23:09:59.999998,2021-11-07 00:19:59.999999,7,6.7458434,7.6988544,7.7757177,6.89
2021-11-06 23:09:59.999998,2021-11-07 00:30:00.000003,8,6.488458,7.689675,7.7757177,6.28
2021-11-06 23:09:59.999998,2021-11-07 00:39:59.999998,9,6.5905223,7.6795444,7.7757177,6.64
2021-11-06 23:09:59.999998,2021-11-07 00:50:00.000002,10,7.201223,7.6685853,7.7757177,7.2
2021-11-06 23:09:59.999998,2021-11-07 00:59:59.999997,11,7.8830657,7.6570315,7.7757177,8.1
2021-11-06 23:09:59.999998,2021-11-07 01:10:00.000001,12,8.110105,7.6451926,7.7757177,7.82
2021-11-06 23:09:59.999998,2021-11-07 01:19:59.999996,13,7.9896407,7.633402,7.7757177,8.0
2021-11-06 23:09:59.999998,2021-11-07 01:30:00.000000,14,7.8970256,7.6219745,7.7757177,8.13
2021-11-06 23:09:59.999998,2021-11-07 01:40:00.000004,15,7.847571,7.6111755,7.7757177,7.68
2021-11-06 23:09:59.999998,2021-11-07 01:49:59.999999,16,7.6874666,7.601216,7.7757177,7.73
2021-11-06 23:09:59.999998,2021-11-07 02:00:00.000003,17,7.436066,7.592238,7.7757177,7.39
2021-11-06 23:09:59.999998,2021-11-07 02:09:59.999998,18,7.215802,7.58432,7.7757177,7.22
2021-11-06 23:09:59.999998,2021-11-07 02:20:00.000002,19,7.1272135,7.5774817,7.7757177,7.29
2021-11-06 23:09:59.999998,2021-11-07 02:29:59.999997,20,7.2017355,7.571699,7.7757177,6.93
2021-11-06 23:09:59.999998,2021-11-07 02:40:00.000001,21,7.3908644,7.566914,7.7757177,7.59
2021-11-06 23:09:59.999998,2021-11-07 02:49:59.999996,22,7.6012216,7.5630417,7.7757177,7.64
2021-11-06 23:09:59.999998,2021-11-07 03:00:00.000000,23,7.6814046,7.5599856,7.7757177,7.38
2021-11-06 23:09:59.999998,2021-11-07 03:10:00.000004,24,7.534783,7.55764,7.7757177,7.79
2021-11-06 23:09:59.999998,2021-11-07 03:19:59.999999,25,7.347056,7.555901,7.7757177,7.48
2021-11-06 23:09:59.999998,2021-11-07 03:30:00.000003,26,7.351414,7.554668,7.7757177,7.12
2021-11-06 23:09:59.999998,2021-11-07 03:39:59.999998,27,7.368232,7.5538507,7.7757177,7.15
2021-11-06 23:09:59.999998,2021-11-07 03:50:00.000002,28,7.1039915,7.5533614,7.7757177,7.5
2021-11-06 23:09:59.999998,2021-11-07 03:59:59.999997,29,6.7697396,7.553131,7.7757177,6.9
2021-11-06 23:09:59.999998,2021-11-07 04:10:00.000001,30,6.751392,7.5530987,7.7757177,6.3
2021-11-06 23:09:59.999998,2021-11-07 04:19:59.999996,31,6.892434,7.5532064,7.7757177,6.9
2021-11-06 23:09:59.999998,2021-11-07 04:30:00.000000,32,6.8476667,7.5534163,7.7757177,7.21
2021-11-06 23:09:59.999998,2021-11-07 04:40:00.000004,33,6.833646,7.553691,7.7757177,6.74
2021-11-06 23:09:59.999998,2021-11-07 04:49:59.999999,34,7.138404,7.5540066,7.7757177,7.01
2021-11-06 23:09:59.999998,2021-11-07 05:00:00.000003,35,7.3258567,7.5543385,7.7757177,7.17
2021-11-06 23:09:59.999998,2021-11-07 05:09:59.999998,36,6.9374766,7.5546746,7.7757177,7.33
2021-11-06 23:20:00.000002,2021-11-06 23:29:59.999997,1,7.4223742,7.673513,7.4764404,7.69
2021-11-06 23:20:00.000002,2021-11-06 23:40:00.000001,2,7.5265737,7.6437902,7.4764404,7.63
2021-11-06 23:20:00.000002,2021-11-06 23:49:59.999996,3,7.541079,7.6267905,7.4764404,7.22
2021-11-06 23:20:00.000002,2021-11-07 00:00:00.000000,4,7.363047,7.6026773,7.4764404,7.55
2021-11-06 23:20:00.000002,2021-11-07 00:10:00.000004,5,7.071785,7.578687,7.4764404,7.03
2021-11-06 23:20:00.000002,2021-11-07 00:19:59.999999,6,6.7458434,7.5568285,7.4764404,6.89
2021-11-06 23:20:00.000002,2021-11-07 00:30:00.000003,7,6.488458,7.53728,7.4764404,6.28
2021-11-06 23:20:00.000002,2021-11-07 00:39:59.999998,8,6.5905223,7.519665,7.4764404,6.64
2021-11-06 23:20:00.000002,2021-11-07 00:50:00.000002,9,7.201223,7.503557,7.4764404,7.2
2021-11-06 23:20:00.000002,2021-11-07 00:59:59.999997,10,7.8830657,7.488643,7.4764404,8.1
2021-11-06 23:20:00.000002,2021-11-07 01:10:00.000001,11,8.110105,7.4747477,7.4764404,7.82
2021-11-06 23:20:00.000002,2021-11-07 01:19:59.999996,12,7.9896407,7.461808,7.4764404,8.0
2021-11-06 23:20:00.000002,2021-11-07 01:30:00.000000,13,7.8970256,7.44984,7.4764404,8.13
2021-11-06 23:20:00.000002,2021-11-07 01:40:00.000004,14,7.847571,7.4388895,7.4764404,7.68
2021-11-06 23:20:00.000002,2021-11-07 01:49:59.999999,15,7.6874666,7.4290166,7.4764404,7.73
2021-11-06 23:20:00.000002,2021-11-07 02:00:00.000003,16,7.436066,7.420262,7.4764404,7.39
2021-11-06 23:20:00.000002,2021-11-07 02:09:59.999998,17,7.215802,7.4126363,7.4764404,7.22
2021-11-06 23:20:00.000002,2021-11-07 02:20:00.000002,18,7.1272135,7.4061213,7.4764404,7.29
2021-11-06 23:20:00.000002,2021-11-07 02:29:59.999997,19,7.2017355,7.4006734,7.4764404,6.93
2021-11-06 23:20:00.000002,2021-11-07 02:40:00.000001,20,7.3908644,7.3962164,7.4764404,7.59
2021-11-06 23:20:00.000002,2021-11-07 02:49:59.999996,21,7.6012216,7.392659,7.4764404,7.64
2021-11-06 23:20:00.000002,2021-11-07 03:00:00.000000,22,7.6814046,7.389904,7.4764404,7.38
2021-11-06 23:20:00.000002,2021-11-07 03:10:00.000004,23,7.534783,7.387843,7.4764404,7.79
2021-11-06 23:20:00.000002,2021-11-07 03:19:59.999999,24,7.347056,7.3863716,7.4764404,7.48
2021-11-06 23:20:00.000002,2021-11-07 03:30:00.000003,25,7.351414,7.385388,7.4764404,7.12
2021-11-06 23:20:00.000002,2021-11-07 03:39:59.999998,26,7.368232,7.3848023,7.4764404,7.15
2021-11-06 23:20:00.000002,2021-11-07 03:50:00.000002,27,7.1039915,7.384528,7.4764404,7.5
2021-11-06 23:20:00.000002,2021-11-07 03:59:59.999997,28,6.7697396,7.3844934,7.4764404,6.9
2021-11-06 23:20:00.000002,2021-11-07 04:10:00.000001,29,6.751392,7.3846374,7.4764404,6.3
2021-11-06 23:20:00.000002,2021-11-07 04:19:59.999996,30,6.892434,7.384908,7.4764404,6.9
2021-11-06 23:20:00.000002,2021-11-07 04:30:00.000000,31,6.8476667,7.3852606,7.4764404,7.21
2021-11-06 23:20:00.000002,2021-11-07 04:40:00.000004,32,6.833646,7.3856654,7.4764404,6.74
2021-11-06 23:20:00.000002,2021-11-07 04:49:59.999999,33,7.138404,7.386092,7.4764404,7.01
2021-11-06 23:20:00.000002,2021-11-07 05:00:00.000003,34,7.3258567,7.3865223,7.4764404,7.17
2021-11-06 23:20:00.000002,2021-11-07 05:09:59.999998,35,6.9374766,7.3869414,7.4764404,7.33
2021-11-06 23:20:00.000002,2021-11-07 05:20:00.000002,36,6.3897557,7.38734,7.4764404,6.18
2021-11-06 23:29:59.999997,2021-11-06 23:40:00.000001,1,7.5265737,7.658418,7.4223742,7.63
2021-11-06 23:29:59.999997,2021-11-06 23:49:59.999996,2,7.541079,7.6152916,7.4223742,7.22
2021-11-06 23:29:59.999997,2021-11-07 00:00:00.000000,3,7.363047,7.586408,7.4223742,7.55
2021-11-06 23:29:59.999997,2021-11-07 00:10:00.000004,4,7.071785,7.5532312,7.4223742,7.03
2021-11-06 23:29:59.999997,2021-11-07 00:19:59.999999,5,6.7458434,7.5231113,7.4223742,6.89
2021-11-06 23:29:59.999997,2021-11-07 00:30:00.000003,6,6.488458,7.497684,7.4223742,6.28
2021-11-06 23:29:59.999997,2021-11-07 00:39:59.999998,7,6.5905223,7.4766192,7.4223742,6.64
2021-11-06 23:29:59.999997,2021-11-07 00:50:00.000002,8,7.201223,7.459032,7.4223742,7.2
2021-11-06 23:29:59.999997,2021-11-07 00:59:59.999997,9,7.8830657,7.4440584,7.4223742,8.1
2021-11-06 23:29:59.999997,2021-11-07 01:10:00.000001,10,8.110105,7.4310217,7.4223742,7.82
2021-11-06 23:29:59.999997,2021-11-07 01:19:59.999996,11,7.9896407,7.41946,7.4223742,8.0
2021-11-06 23:29:59.999997,2021-11-07 01:30:00.000000,12,7.8970256,7.4090962,7.4223742,8.13
2021-11-06 23:29:59.999997,2021-11-07 01:40:00.000004,13,7.847571,7.399783,7.4223742,7.68
2021-11-06 23:29:59.999997,2021-11-07 01:49:59.999999,14,7.6874666,7.39146,7.4223742,7.73
2021-11-06 23:29:59.999997,2021-11-07 02:00:00.000003,15,7.436066,7.3840995,7.4223742,7.39
2021-11-06 23:29:59.999997,2021-11-07 02:09:59.999998,16,7.215802,7.3776956,7.4223742,7.22
2021-11-06 23:29:59.999997,2021-11-07 02:20:00.000002,17,7.1272135,7.3722286,7.4223742,7.29
2021-11-06 23:29:59.999997,2021-11-07 02:29:59.999997,18,7.2017355,7.367667,7.4223742,6.93
2021-11-06 23:29:59.999997,2021-11-07 02:40:00.000001,19,7.3908644,7.363961,7.4223742,7.59
2021-11-06 23:29:59.999997,2021-11-07 02:49:59.999996,20,7.6012216,7.361043,7.4223742,7.64
2021-11-06 23:29:59.999997,2021-11-07 03:00:00.000000,21,7.6814046,7.3588333,7.4223742,7.38
2021-11-06 23:29:59.999997,2021-11-07 03:10:00.000004,22,7.534783,7.3572435,7.4223742,7.79
2021-11-06 23:29:59.999997,2021-11-07 03:19:59.999999,23,7.347056,7.3561854,7.4223742,7.48
2021-11-06 23:29:59.999997,2021-11-07 03:30:00.000003,24,7.351414,7.355569,7.4223742,7.12
2021-11-06 23:29:59.999997,2021-11-07 03:39:59.999998,25,7.368232,7.3553095,7.4223742,7.15
2021-11-06 23:29:59.999997,2021-11-07 03:50:00.000002,26,7.1039915,7.3553314,7.4223742,7.5
2021-11-06 23:29:59.999997,2021-11-07 03:59:59.999997,27,6.7697396,7.355565,7.4223742,6.9
2021-11-06 23:29:59.999997,2021-11-07 04:10:00.000001,28,6.751392,7.3559504,7.4223742,6.3
2021-11-06 23:29:59.999997,2021-11-07 04:19:59.999996,29,6.892434,7.356441,7.4223742,6.9
2021-11-06 23:29:59.999997,2021-11-07 04:30:00.000000,30,6.8476667,7.356993,7.4223742,7.21
2021-11-06 23:29:59.999997,2021-11-07 04:40:00.000004,31,6.833646,7.3575745,7.4223742,6.74
2021-11-06 23:29:59.999997,2021-11-07 04:49:59.999999,32,7.138404,7.358159,7.4223742,7.01
2021-11-06 23:29:59.999997,2021-11-07 05:00:00.000003,33,7.3258567,7.358731,7.4223742,7.17
2021-11-06 23:29:59.999997,2021-11-07 05:09:59.999998,34,6.9374766,7.3592744,7.4223742,7.33
2021-11-06 23:29:59.999997,2021-11-07 05:20:00.000002,35,6.3897557,7.359782,7.4223742,6.18
2021-11-06 23:29:59.999997,2021-11-07 05:29:59.999997,36,6.3090577,7.3602476,7.4223742,6.31
2021-11-06 23:40:00.000001,2021-11-06 23:49:59.999996,1,7.541079,7.675543,7.5265737,7.22
2021-11-06 23:40:00.000001,2021-11-07 00:00:00.000000,2,7.363047,7.6083617,7.5265737,7.55
2021-11-06 23:40:00.000001,2021-11-07 00:10:00.000004,3,7.071785,7.5663495,7.5265737,7.03
2021-11-06 23:40:00.000001,2021-11-07 00:19:59.999999,4,6.7458434,7.5287695,7.5265737,6.89
2021-11-06 23:40:00.000001,2021-11-07 00:30:00.000003,5,6.488458,7.5003986,7.5265737,6.28
2021-11-06 23:40:00.000001,2021-11-07 00:39:59.999998,6,6.5905223,7.480566,7.5265737,6.64
2021-11-06 23:40:00.000001,2021-11-07 00:50:00.000002,7,7.201223,7.467178,7.5265737,7.2
2021-11-06 23:40:00.000001,2021-11-07 00:59:59.999997,8,7.8830657,7.4581256,7.5265737,8.1
2021-11-06 23:40:00.000001,2021-11-07 01:10:00.000001,9,8.110105,7.4517355,7.5265737,7.82
2021-11-06 23:40:00.000001,2021-11-07 01:19:59.999996,10,7.9896407,7.4468403,7.5265737,8.0
2021-11-06 23:40:00.000001,2021-11-07 01:30:00.000000,11,7.8970256,7.4427032,7.5265737,8.13
2021-11-06 23:40:00.000001,2021-11-07 01:40:00.000004,12,7.847571,7.438922,7.5265737,7.68
2021-11-06 23:40:00.000001,2021-11-07 01:49:59.999999,13,7.6874666,7.4353213,7.5265737,7.73
2021-11-06 23:40:00.000001,2021-11-07 02:00:00.000003,14,7.436066,7.4318686,7.5265737,7.39
2021-11-06 23:40:00.000001,2021-11-07 02:09:59.999998,15,7.215802,7.428605,7.5265737,7.22
2021-11-06 23:40:00.000001,2021-11-07 02:20:00.000002,16,7.1272135,7.425605,7.5265737,7.29
2021-11-06 23:40:00.000001,2021-11-07 02:29:59.999997,17,7.2017355,7.4229374,7.5265737,6.93
2021-11-06 23:40:00.000001,2021-11-07 02:40:00.000001,18,7.3908644,7.4206576,7.5265737,7.59
2021-11-06 23:40:00.000001,2021-11-07 02:49:59.999996,19,7.6012216,7.418796,7.5265737,7.64
2021-11-06 23:40:00.000001,2021-11-07 03:00:00.000000,20,7.6814046,7.417357,7.5265737,7.38
2021-11-06 23:40:00.000001,2021-11-07 03:10:00.000004,21,7.534783,7.4163237,7.5265737,7.79
2021-11-06 23:40:00.000001,2021-11-07 03:19:59.999999,22,7.347056,7.415664,7.5265737,7.48
2021-11-06 23:40:00.000001,2021-11-07 03:30:00.000003,23,7.351414,7.4153347,7.5265737,7.12
2021-11-06 23:40:00.000001,2021-11-07 03:39:59.999998,24,7.368232,7.415287,7.5265737,7.15
2021-11-06 23:40:00.000001,2021-11-07 03:50:00.000002,25,7.1039915,7.415465,7.5265737,7.5
2021-11-06 23:40:00.000001,2021-11-07 03:59:59.999997,26,6.7697396,7.415821,7.5265737,6.9
2021-11-06 23:40:00.000001,2021-11-07 04:10:00.000001,27,6.751392,7.4163074,7.5265737,6.3
2021-11-06 23:40:00.000001,2021-11-07 04:19:59.999996,28,6.892434,7.4168806,7.5265737,6.9
2021-11-06 23:40:00.000001,2021-11-07 04:30:00.000000,29,6.8476667,7.4175067,7.5265737,7.21
2021-11-06 23:40:00.000001,2021-11-07 04:40:00.000004,30,6.833646,7.4181566,7.5265737,6.74
2021-11-06 23:40:00.000001,2021-11-07 04:49:59.999999,31,7.138404,7.4188046,7.5265737,7.01
2021-11-06 23:40:00.000001,2021-11-07 05:00:00.000003,32,7.3258567,7.419435,7.5265737,7.17
2021-11-06 23:40:00.000001,2021-11-07 05:09:59.999998,33,6.9374766,7.420033,7.5265737,7.33
2021-11-06 23:40:00.000001,2021-11-07 05:20:00.000002,34,6.3897557,7.420588,7.5265737,6.18
2021-11-06 23:40:00.000001,2021-11-07 05:29:59.999997,35,6.3090577,7.421098,7.5265737,6.31
2021-11-06 23:40:00.000001,2021-11-07 05:40:00.000001,36,6.7230263,7.4215593,7.5265737,6.68
2021-11-06 23:49:59.999996,2021-11-07 00:00:00.000000,1,7.363047,7.633766,7.541079,7.55
2021-11-06 23:49:59.999996,2021-11-07 00:10:00.000004,2,7.071785,7.5486197,7.541079,7.03
2021-11-06 23:49:59.999996,2021-11-07 00:19:59.999999,3,6.7458434,7.495237,7.541079,6.89
2021-11-06 23:49:59.999996,2021-11-07 00:30:00.000003,4,6.488458,7.4524465,7.541079,6.28
2021-11-06 23:49:59.999996,2021-11-07 00:39:59.999998,5,6.5905223,7.4237742,7.541079,6.64
2021-11-06 23:49:59.999996,2021-11-07 00:50:00.000002,6,7.201223,7.407136,7.541079,7.2
2021-11-06 23:49:59.999996,2021-11-07 00:59:59.999997,7,7.8830657,7.399213,7.541079,8.1
2021-11-06 23:49:59.999996,2021-11-07 01:10:00.000001,8,8.110105,7.3969307,7.541079,7.82
2021-11-06 23:49:59.999996,2021-11-07 01:19:59.999996,9,7.9896407,7.3979053,7.541079,8.0
2021-11-06 23:49:59.999996,2021-11-07 01:30:00.000000,10,7.8970256,7.4004664,7.541079,8.13
2021-11-06 23:49:59.999996,2021-11-07 01:40:00.000004,11,7.847571,7.4035425,7.541079,7.68
2021-11-06 23:49:59.999996,2021-11-07 01:49:59.999999,12,7.6874666,7.4065204,7.541079,7.73
2021-11-06 23:49:59.999996,2021-11-07 02:00:00.000003,13,7.436066,7.4091034,7.541079,7.39
2021-11-06 23:49:59.999996,2021-11-07 02:09:59.999998,14,7.215802,7.411205,7.541079,7.22
2021-11-06 23:49:59.999996,2021-11-07 02:20:00.000002,15,7.1272135,7.412854,7.541079,7.29
2021-11-06 23:49:59.999996,2021-11-07 02:29:59.999997,16,7.2017355,7.4141455,7.541079,6.93
2021-11-06 23:49:59.999996,2021-11-07 02:40:00.000001,17,7.3908644,7.4151864,7.541079,7.59
2021-11-06 23:49:59.999996,2021-11-07 02:49:59.999996,18,7.6012216,7.4160795,7.541079,7.64
2021-11-06 23:49:59.999996,2021-11-07 03:00:00.000000,19,7.6814046,7.4169054,7.541079,7.38
2021-11-06 23:49:59.999996,2021-11-07 03:10:00.000004,20,7.534783,7.417726,7.541079,7.79
2021-11-06 23:49:59.999996,2021-11-07 03:19:59.999999,21,7.347056,7.418576,7.541079,7.48
2021-11-06 23:49:59.999996,2021-11-07 03:30:00.000003,22,7.351414,7.4194736,7.541079,7.12
2021-11-06 23:49:59.999996,2021-11-07 03:39:59.999998,23,7.368232,7.42042,7.541079,7.15
2021-11-06 23:49:59.999996,2021-11-07 03:50:00.000002,24,7.1039915,7.4214077,7.541079,7.5
2021-11-06 23:49:59.999996,2021-11-07 03:59:59.999997,25,6.7697396,7.42242,7.541079,6.9
2021-11-06 23:49:59.999996,2021-11-07 04:10:00.000001,26,6.751392,7.42344,7.541079,6.3
2021-11-06 23:49:59.999996,2021-11-07 04:19:59.999996,27,6.892434,7.4244466,7.541079,6.9
2021-11-06 23:49:59.999996,2021-11-07 04:30:00.000000,28,6.8476667,7.425426,7.541079,7.21
2021-11-06 23:49:59.999996,2021-11-07 04:40:00.000004,29,6.833646,7.4263625,7.541079,6.74
2021-11-06 23:49:59.999996,2021-11-07 04:49:59.999999,30,7.138404,7.427244,7.541079,7.01
2021-11-06 23:49:59.999996,2021-11-07 05:00:00.000003,31,7.3258567,7.4280605,7.541079,7.17
2021-11-06 23:49:59.999996,2021-11-07 05:09:59.999998,32,6.9374766,7.4288077,7.541079,7.33
2021-11-06 23:49:59.999996,2021-11-07 05:20:00.000002,33,6.3897557,7.429486,7.541079,6.18
2021-11-06 23:49:59.999996,2021-11-07 05:29:59.999997,34,6.3090577,7.430089,7.541079,6.31
2021-11-06 23:49:59.999996,2021-11-07 05:40:00.000001,35,6.7230263,7.4306245,7.541079,6.68
2021-11-06 23:49:59.999996,2021-11-07 05:49:59.999996,36,7.29043,7.4310913,7.541079,7.39
2021-11-07 00:00:00.000000,2021-11-07 00:10:00.000004,1,7.071785,7.6157975,7.363047,7.03
2021-11-07 00:00:00.000000,2021-11-07 00:19:59.999999,2,6.7458434,7.5134964,7.363047,6.89
2021-11-07 00:00:00.000000,2021-11-07 00:30:00.000003,3,6.488458,7.4425135,7.363047,6.28
2021-11-07 00:00:00.000000,2021-11-07 00:39:59.999998,4,6.5905223,7.384074,7.363047,6.64
2021-11-07 00:00:00.000000,2021-11-07 00:50:00.000002,5,7.201223,7.3424816,7.363047,7.2
2021-11-07 00:00:00.000000,2021-11-07 00:59:59.999997,6,7.8830657,7.315697,7.363047,8.1
2021-11-07 00:00:00.000000,2021-11-07 01:10:00.000001,7,8.110105,7.300139,7.363047,7.82
2021-11-07 00:00:00.000000,2021-11-07 01:19:59.999996,8,7.9896407,7.2923675,7.363047,8.0
2021-11-07 00:00:00.000000,2021-11-07 01:30:00.000000,9,7.8970256,7.289616,7.363047,8.13
2021-11-07 00:00:00.000000,2021-11-07 01:40:00.000004,10,7.847571,7.2898674,7.363047,7.68
2021-11-07 00:00:00.000000,2021-11-07 01:49:59.999999,11,7.6874666,7.2917347,7.363047,7.73
2021-11-07 00:00:00.000000,2021-11-07 02:00:00.000003,12,7.436066,7.2943416,7.363047,7.39
2021-11-07 00:00:00.000000,2021-11-07 02:09:59.999998,13,7.215802,7.297169,7.363047,7.22
2021-11-07 00:00:00.000000,2021-11-07 02:20:00.000002,14,7.1272135,7.299949,7.363047,7.29
2021-11-07 00:00:00.000000,2021-11-07 02:29:59.999997,15,7.2017355,7.302572,7.363047,6.93
2021-11-07 00:00:00.000000,2021-11-07 02:40:00.000001,16,7.3908644,7.305012,7.363047,7.59
2021-11-07 00:00:00.000000,2021-11-07 02:49:59.999996,17,7.6012216,7.3072915,7.363047,7.64
2021-11-07 00:00:00.000000,2021-11-07 03:00:00.000000,18,7.6814046,7.3094473,7.363047,7.38
2021-11-07 00:00:00.000000,2021-11-07 03:10:00.000004,19,7.534783,7.311515,7.363047,7.79
2021-11-07 00:00:00.000000,2021-11-07 03:19:59.999999,20,7.347056,7.31352,7.363047,7.48
2021-11-07 00:00:00.000000,2021-11-07 03:30:00.000003,21,7.351414,7.3154774,7.363047,7.12
2021-11-07 00:00:00.000000,2021-11-07 03:39:59.999998,22,7.368232,7.31739,7.363047,7.15
2021-11-07 00:00:00.000000,2021-11-07 03:50:00.000002,23,7.1039915,7.319257,7.363047,7.5
2021-11-07 00:00:00.000000,2021-11-07 03:59:59.999997,24,6.7697396,7.321065,7.363047,6.9
2021-11-07 00:00:00.000000,2021-11-07 04:10:00.000001,25,6.751392,7.322802,7.363047,6.3
2021-11-07 00:00:00.000000,2021-11-07 04:19:59.999996,26,6.892434,7.3244557,7.363047,6.9
2021-11-07 00:00:00.000000,2021-11-07 04:30:00.000000,27,6.8476667,7.326013,7.363047,7.21
2021-11-07 00:00:00.000000,2021-11-07 04:40:00.000004,28,6.833646,7.327463,7.363047,6.74
2021-11-07 00:00:00.000000,2021-11-07 04:49:59.999999,29,7.138404,7.3287997,7.363047,7.01
2021-11-07 00:00:00.000000,2021-11-07 05:00:00.000003,30,7.3258567,7.3300176,7.363047,7.17
2021-11-07 00:00:00.000000,2021-11-07 05:09:59.999998,31,6.9374766,7.3311186,7.363047,7.33
2021-11-07 00:00:00.000000,2021-11-07 05:20:00.000002,32,6.3897557,7.332101,7.363047,6.18
2021-11-07 00:00:00.000000,2021-11-07 05:29:59.999997,33,6.3090577,7.33297,7.363047,6.31
2021-11-07 00:00:00.000000,2021-11-07 05:40:00.000001,34,6.7230263,7.3337307,7.363047,6.68
2021-11-07 00:00:00.000000,2021-11-07 05:49:59.999996,35,7.29043,7.3343916,7.363047,7.39
2021-11-07 00:00:00.000000,2021-11-07 06:00:00.000000,36,7.5626326,7.33496,7.363047,7.55
2021-11-07 00:10:00.000004,2021-11-07 00:19:59.999999,1,6.7458434,7.544325,7.071785,6.89
2021-11-07 00:10:00.000004,2021-11-07 00:30:00.000003,2,6.488458,7.416351,7.071785,6.28
2021-11-07 00:10:00.000004,2021-11-07 00:39:59.999998,3,6.5905223,7.320544,7.071785,6.64
2021-11-07 00:10:00.000004,2021-11-07 00:50:00.000002,4,7.201223,7.2411056,7.071785,7.2
2021-11-07 00:10:00.000004,2021-11-07 00:59:59.999997,5,7.8830657,7.183006,7.071785,8.1
2021-11-07 00:10:00.000004,2021-11-07 01:10:00.000001,6,8.110105,7.1439905,7.071785,7.82
2021-11-07 00:10:00.000004,2021-11-07 01:19:59.999996,7,7.9896407,7.1199136,7.071785,8.0
2021-11-07 00:10:00.000004,2021-11-07 01:30:00.000000,8,7.8970256,7.1066732,7.071785,8.13
2021-11-07 00:10:00.000004,2021-11-07 01:40:00.000004,9,7.847571,7.1008654,7.071785,7.68
2021-11-07 00:10:00.000004,2021-11-07 01:49:59.999999,10,7.6874666,7.0998955,7.071785,7.73
2021-11-07 00:10:00.000004,2021-11-07 02:00:00.000003,11,7.436066,7.101902,7.071785,7.39
2021-11-07 00:10:00.000004,2021-11-07 02:09:59.999998,12,7.215802,7.1056085,7.071785,7.22
2021-11-07 00:10:00.000004,2021-11-07 02:20:00.000002,13,7.1272135,7.110187,7.071785,7.29
2021-11-07 00:10:00.000004,2021-11-07 02:29:59.999997,14,7.2017355,7.1151185,7.071785,6.93
2021-11-07 00:10:00.000004,2021-11-07 02:40:00.000001,15,7.3908644,7.1201034,7.071785,7.59
2021-11-07 00:10:00.000004,2021-11-07 02:49:59.999996,16,7.6012216,7.124978,7.071785,7.64
2021-11-07 00:10:00.000004,2021-11-07 03:00:00.000000,17,7.6814046,7.129658,7.071785,7.38
2021-11-07 00:10:00.000004,2021-11-07 03:10:00.000004,18,7.534783,7.134113,7.071785,7.79
2021-11-07 00:10:00.000004,2021-11-07 03:19:59.999999,19,7.347056,7.1383257,7.071785,7.48
2021-11-07 00:10:00.000004,2021-11-07 03:30:00.000003,20,7.351414,7.142298,7.071785,7.12
2021-11-07 00:10:00.000004,2021-11-07 03:39:59.999998,21,7.368232,7.1460295,7.071785,7.15
2021-11-07 00:10:00.000004,2021-11-07 03:50:00.000002,22,7.1039915,7.149522,7.071785,7.5
2021-11-07 00:10:00.000004,2021-11-07 03:59:59.999997,23,6.7697396,7.152773,7.071785,6.9
2021-11-07 00:10:00.000004,2021-11-07 04:10:00.000001,24,6.751392,7.1557856,7.071785,6.3
2021-11-07 00:10:00.000004,2021-11-07 04:19:59.999996,25,6.892434,7.158557,7.071785,6.9
2021-11-07 00:10:00.000004,2021-11-07 04:30:00.000000,26,6.8476667,7.161089,7.071785,7.21
2021-11-07 00:10:00.000004,2021-11-07 04:40:00.000004,27,6.833646,7.1633863,7.071785,6.74
2021-11-07 00:10:00.000004,2021-11-07 04:49:59.999999,28,7.138404,7.165454,7.071785,7.01
2021-11-07 00:10:00.000004,2021-11-07 05:00:00.000003,29,7.3258567,7.1672993,7.071785,7.17
2021-11-07 00:10:00.000004,2021-11-07 05:09:59.999998,30,6.9374766,7.1689334,7.071785,7.33
2021-11-07 00:10:00.000004,2021-11-07 05:20:00.000002,31,6.3897557,7.1703696,7.071785,6.18
2021-11-07 00:10:00.000004,2021-11-07 05:29:59.999997,32,6.3090577,7.171618,7.071785,6.31
2021-11-07 00:10:00.000004,2021-11-07 05:40:00.000001,33,6.7230263,7.172697,7.071785,6.68
2021-11-07 00:10:00.000004,2021-11-07 05:49:59.999996,34,7.29043,7.1736217,7.071785,7.39
2021-11-07 00:10:00.000004,2021-11-07 06:00:00.000000,35,7.5626326,7.1744046,7.071785,7.55
2021-11-07 00:10:00.000004,2021-11-07 06:10:00.000004,36,7.256754,7.1750655,7.071785,7.2
2021-11-07 00:19:59.999999,2021-11-07 00:30:00.000003,1,6.488458,7.494735,6.7458434,6.28
2021-11-07 00:19:59.999999,2021-11-07 00:39:59.999998,2,6.5905223,7.3471045,6.7458434,6.64
2021-11-07 00:19:59.999999,2021-11-07 00:50:00.000002,3,7.201223,7.232633,6.7458434,7.2
2021-11-07 00:19:59.999999,2021-11-07 00:59:59.999997,4,7.8830657,7.1360836,6.7458434,8.1
2021-11-07 00:19:59.999999,2021-11-07 01:10:00.000001,5,8.110105,7.0630326,6.7458434,7.82
2021-11-07 00:19:59.999999,2021-11-07 01:19:59.999996,6,7.9896407,7.011385,6.7458434,8.0
2021-11-07 00:19:59.999999,2021-11-07 01:30:00.000000,7,7.8970256,6.9768987,6.7458434,8.13
2021-11-07 00:19:59.999999,2021-11-07 01:40:00.000004,8,7.847571,6.955251,6.7458434,7.68
2021-11-07 00:19:59.999999,2021-11-07 01:49:59.999999,9,7.6874666,6.9427633,6.7458434,7.73
2021-11-07 00:19:59.999999,2021-11-07 02:00:00.000003,10,7.436066,6.936563,6.7458434,7.39
2021-11-07 00:19:59.999999,2021-11-07 02:09:59.999998,11,7.215802,6.9345284,6.7458434,7.22
2021-11-07 00:19:59.999999,2021-11-07 02:20:00.000002,12,7.1272135,6.935156,6.7458434,7.29
2021-11-07 00:19:59.999999,2021-11-07 02:29:59.999997,13,7.2017355,6.9374213,6.7458434,6.93
2021-11-07 00:19:59.999999,2021-11-07 02:40:00.000001,14,7.3908644,6.940644,6.7458434,7.59
2021-11-07 00:19:59.999999,2021-11-07 02:49:59.999996,15,7.6012216,6.9443865,6.7458434,7.64
2021-11-07 00:19:59.999999,2021-11-07 03:00:00.000000,16,7.6814046,6.948379,6.7458434,7.38
2021-11-07 00:19:59.999999,2021-11-07 03:10:00.000004,17,7.534783,6.952451,6.7458434,7.79
2021-11-07 00:19:59.999999,2021-11-07 03:19:59.999999,18,7.347056,6.9565005,6.7458434,7.48
2021-11-07 00:19:59.999999,2021-11-07 03:30:00.000003,19,7.351414,6.9604588,6.7458434,7.12
2021-11-07 00:19:59.999999,2021-11-07 03:39:59.999998,20,7.368232,6.964284,6.7458434,7.15
2021-11-07 00:19:59.999999,2021-11-07 03:50:00.000002,21,7.1039915,6.967944,6.7458434,7.5
2021-11-07 00:19:59.999999,2021-11-07 03:59:59.999997,22,6.7697396,6.9714155,6.7458434,6.9
2021-11-07 00:19:59.999999,2021-11-07 04:10:00.000001,23,6.751392,6.974681,6.7458434,6.3
2021-11-07 00:19:59.999999,2021-11-07 04:19:59.999996,24,6.892434,6.9777246,6.7458434,6.9
2021-11-07 00:19:59.999999,2021-11-07 04:30:00.000000,25,6.8476667,6.9805384,6.7458434,7.21
2021-11-07 00:19:59.999999,2021-11-07 04:40:00.000004,26,6.833646,6.983116,6.7458434,6.74
2021-11-07 00:19:59.999999,2021-11-07 04:49:59.999999,27,7.138404,6.9854574,6.7458434,7.01
2021-11-07 00:19:59.999999,2021-11-07 05:00:00.000003,28,7.3258567,6.987566,6.7458434,7.17
2021-11-07 00:19:59.999999,2021-11-07 05:09:59.999998,29,6.9374766,6.9894485,6.7458434,7.33
2021-11-07 00:19:59.999999,2021-11-07 05:20:00.000002,30,6.3897557,6.991114,6.7458434,6.18
2021-11-07 00:19:59.999999,2021-11-07 05:29:59.999997,31,6.3090577,6.992574,6.7458434,6.31
2021-11-07 00:19:59.999999,2021-11-07 05:40:00.000001,32,6.7230263,6.993843,6.7458434,6.68
2021-11-07 00:19:59.999999,2021-11-07 05:49:59.999996,33,7.29043,6.994936,6.7458434,7.39
2021-11-07 00:19:59.999999,2021-11-07 06:00:00.000000,34,7.5626326,6.9958696,6.7458434,7.55
2021-11-07 00:19:59.999999,2021-11-07 06:10:00.000004,35,7.256754,6.9966598,6.7458434,7.2
2021-11-07 00:19:59.999999,2021-11-07 06:19:59.999999,36,6.763427,6.997322,6.7458434,6.79
2021-11-07 00:30:00.000003,2021-11-07 00:39:59.999998,1,6.5905223,7.4527135,6.488458,6.64
2021-11-07 00:30:00.000003,2021-11-07 00:50:00.000002,2,7.201223,7.2646494,6.488458,7.2
2021-11-07 00:30:00.000003,2021-11-07 00:59:59.999997,3,7.8830657,7.1164303,6.488458,8.1
2021-11-07 00:30:00.000003,2021-11-07 01:10:00.000001,4,8.110105,6.9940186,6.488458,7.82
2021-11-07 00:30:00.000003,2021-11-07 01:19:59.999996,5,7.9896407,6.902507,6.488458,8.0
2021-11-07 00:30:00.000003,2021-11-07 01:30:00.000000,6,7.8970256,6.8386445,6.488458,8.13
2021-11-07 00:30:00.000003,2021-11-07 01:40:00.000004,7,7.847571,6.796908,6.488458,7.68
2021-11-07 00:30:00.000003,2021-11-07 01:49:59.999999,8,7.6874666,6.7717977,6.488458,7.73
2021-11-07 00:30:00.000003,2021-11-07 02:00:00.000003,9,7.436066,6.7586317,6.488458,7.39
2021-11-07 00:30:00.000003,2021-11-07 02:09:59.999998,10,7.215802,6.7537293,6.488458,7.22
2021-11-07 00:30:00.000003,2021-11-07 02:20:00.000002,11,7.1272135,6.754329,6.488458,7.29
2021-11-07 00:30:00.000003,2021-11-07 02:29:59.999997,12,7.2017355,6.7584376,6.488458,6.93
2021-11-07 00:30:00.000003,2021-11-07 02:40:00.000001,13,7.3908644,6.7646494,6.488458,7.59
2021-11-07 00:30:00.000003,2021-11-07 02:49:59.999996,14,7.6012216,6.7720084,6.488458,7.64
2021-11-07 00:30:00.000003,2021-11-07 03:00:00.000000,15,7.6814046,6.7798758,6.488458,7.38
2021-11-07 00:30:00.000003,2021-11-07 03:10:00.000004,16,7.534783,6.787841,6.488458,7.79
2021-11-07 00:30:00.000003,2021-11-07 03:19:59.999999,17,7.347056,6.795642,6.488458,7.48
2021-11-07 00:30:00.000003,2021-11-07 03:30:00.000003,18,7.351414,6.8031173,6.488458,7.12
2021-11-07 00:30:00.000003,2021-11-07 03:39:59.999998,19,7.368232,6.8101735,6.488458,7.15
2021-11-07 00:30:00.000003,2021-11-07 03:50:00.000002,20,7.1039915,6.816759,6.488458,7.5
2021-11-07 00:30:00.000003,2021-11-07 03:59:59.999997,21,6.7697396,6.822846,6.488458,6.9
2021-11-07 00:30:00.000003,2021-11-07 04:10:00.000001,22,6.751392,6.828427,6.488458,6.3
2021-11-07 00:30:00.000003,2021-11-07 04:19:59.999996,23,6.892434,6.8335075,6.488458,6.9
2021-11-07 00:30:00.000003,2021-11-07 04:30:00.000000,24,6.8476667,6.8380995,6.488458,7.21
2021-11-07 00:30:00.000003,2021-11-07 04:40:00.000004,25,6.833646,6.8422203,6.488458,6.74
2021-11-07 00:30:00.000003,2021-11-07 04:49:59.999999,26,7.138404,6.8458905,6.488458,7.01
2021-11-07 00:30:00.000003,2021-11-07 05:00:00.000003,27,7.3258567,6.8491383,6.488458,7.17
2021-11-07 00:30:00.000003,2021-11-07 05:09:59.999998,28,6.9374766,6.851989,6.488458,7.33
2021-11-07 00:30:00.000003,2021-11-07 05:20:00.000002,29,6.3897557,6.854474,6.488458,6.18
2021-11-07 00:30:00.000003,2021-11-07 05:29:59.999997,30,6.3090577,6.856624,6.488458,6.31
2021-11-07 00:30:00.000003,2021-11-07 05:40:00.000001,31,6.7230263,6.858469,6.488458,6.68
2021-11-07 00:30:00.000003,2021-11-07 05:49:59.999996,32,7.29043,6.86004,6.488458,7.39
2021-11-07 00:30:00.000003,2021-11-07 06:00:00.000000,33,7.5626326,6.8613653,6.488458,7.55
2021-11-07 00:30:00.000003,2021-11-07 06:10:00.000004,34,7.256754,6.8624773,6.488458,7.2
2021-11-07 00:30:00.000003,2021-11-07 06:19:59.999999,35,6.763427,6.863398,6.488458,6.79
2021-11-07 00:30:00.000003,2021-11-07 06:30:00.000003,36,6.639603,6.864156,6.488458,6.6
2021-11-07 00:39:59.999998,2021-11-07 00:50:00.000002,1,7.201223,7.396505,6.5905223,7.2
2021-11-07 00:39:59.999998,2021-11-07 00:59:59.999997,2,7.8830657,7.21879,6.5905223,8.1
2021-11-07 00:39:59.999998,2021-11-07 01:10:00.000001,3,8.110105,7.0786295,6.5905223,7.82
2021-11-07 00:39:59.999998,2021-11-07 01:19:59.999996,4,7.9896407,6.9637876,6.5905223,8.0
2021-11-07 00:39:59.999998,2021-11-07 01:30:00.000000,5,7.8970256,6.879853,6.5905223,8.13
2021-11-07 00:39:59.999998,2021-11-07 01:40:00.000004,6,7.847571,6.823676,6.5905223,7.68
2021-11-07 00:39:59.999998,2021-11-07 01:49:59.999999,7,7.6874666,6.789648,6.5905223,7.73
2021-11-07 00:39:59.999998,2021-11-07 02:00:00.000003,8,7.436066,6.772112,6.5905223,7.39
2021-11-07 00:39:59.999998,2021-11-07 02:09:59.999998,9,7.215802,6.7662387,6.5905223,7.22
2021-11-07 00:39:59.999998,2021-11-07 02:20:00.000002,10,7.1272135,6.7682285,6.5905223,7.29
2021-11-07 00:39:59.999998,2021-11-07 02:29:59.999997,11,7.2017355,6.775233,6.5905223,6.93
2021-11-07 00:39:59.999998,2021-11-07 02:40:00.000001,12,7.3908644,6.785204,6.5905223,7.59
2021-11-07 00:39:59.999998,2021-11-07 02:49:59.999996,13,7.6012216,6.7967153,6.5905223,7.64
2021-11-07 00:39:59.999998,2021-11-07 03:00:00.000000,14,7.6814046,6.8088045,6.5905223,7.38
2021-11-07 00:39:59.999998,2021-11-07 03:10:00.000004,15,7.534783,6.820849,6.5905223,7.79
2021-11-07 00:39:59.999998,2021-11-07 03:19:59.999999,16,7.347056,6.8324647,6.5905223,7.48
2021-11-07 00:39:59.999998,2021-11-07 03:30:00.000003,17,7.351414,6.8434234,6.5905223,7.12
2021-11-07 00:39:59.999998,2021-11-07 03:39:59.999998,18,7.368232,6.8536057,6.5905223,7.15
2021-11-07 00:39:59.999998,2021-11-07 03:50:00.000002,19,7.1039915,6.8629584,6.5905223,7.5
2021-11-07 00:39:59.999998,2021-11-07 03:59:59.999997,20,6.7697396,6.8714733,6.5905223,6.9
2021-11-07 00:39:59.999998,2021-11-07 04:10:00.000001,21,6.751392,6.8791676,6.5905223,6.3
2021-11-07 00:39:59.999998,2021-11-07 04:19:59.999996,22,6.892434,6.886075,6.5905223,6.9
2021-11-07 00:39:59.999998,2021-11-07 04:30:00.000000,23,6.8476667,6.8922367,6.5905223,7.21
2021-11-07 00:39:59.999998,2021-11-07 04:40:00.000004,24,6.833646,6.8977013,6.5905223,6.74
2021-11-07 00:39:59.999998,2021-11-07 04:49:59.999999,25,7.138404,6.902517,6.5905223,7.01
2021-11-07 00:39:59.999998,2021-11-07 05:00:00.000003,26,7.3258567,6.9067335,6.5905223,7.17
2021-11-07 00:39:59.999998,2021-11-07 05:09:59.999998,27,6.9374766,6.9104033,6.5905223,7.33
2021-11-07 00:39:59.999998,2021-11-07 05:20:00.000002,28,6.3897557,6.9135756,6.5905223,6.18
2021-11-07 00:39:59.999998,2021-11-07 05:29:59.999997,29,6.3090577,6.916298,6.5905223,6.31
2021-11-07 00:39:59.999998,2021-11-07 05:40:00.000001,30,6.7230263,6.9186187,6.5905223,6.68
2021-11-07 00:39:59.999998,2021-11-07 05:49:59.999996,31,7.29043,6.9205794,6.5905223,7.39
2021-11-07 00:39:59.999998,2021-11-07 06:00:00.000000,32,7.5626326,6.9222255,6.5905223,7.55
2021-11-07 00:39:59.999998,2021-11-07 06:10:00.000004,33,7.256754,6.9235926,6.5905223,7.2
2021-11-07 00:39:59.999998,2021-11-07 06:19:59.999999,34,6.763427,6.9247203,6.5905223,6.79
2021-11-07 00:39:59.999998,2021-11-07 06:30:00.000003,35,6.639603,6.92564,6.5905223,6.6
2021-11-07 00:39:59.999998,2021-11-07 06:39:59.999998,36,6.639852,6.926382,6.5905223,6.78
2021-11-07 00:50:00.000002,2021-11-07 00:59:59.999997,1,7.8830657,7.438099,7.201223,8.1
2021-11-07 00:50:00.000002,2021-11-07 01:10:00.000001,2,8.110105,7.2977376,7.201223,7.82
2021-11-07 00:50:00.000002,2021-11-07 01:19:59.999996,3,7.9896407,7.19537,7.201223,8.0
2021-11-07 00:50:00.000002,2021-11-07 01:30:00.000000,4,7.8970256,7.116871,7.201223,8.13
2021-11-07 00:50:00.000002,2021-11-07 01:40:00.000004,5,7.847571,7.066407,7.201223,7.68
2021-11-07 00:50:00.000002,2021-11-07 01:49:59.999999,6,7.6874666,7.0401077,7.201223,7.73
2021-11-07 00:50:00.000002,2021-11-07 02:00:00.000003,7,7.436066,7.032109,7.201223,7.39
2021-11-07 00:50:00.000002,2021-11-07 02:09:59.999998,8,7.215802,7.036801,7.201223,7.22
2021-11-07 00:50:00.000002,2021-11-07 02:20:00.000002,9,7.1272135,7.0495844,7.201223,7.29
2021-11-07 00:50:00.000002,2021-11-07 02:29:59.999997,10,7.2017355,7.066983,7.201223,6.93
2021-11-07 00:50:00.000002,2021-11-07 02:40:00.000001,11,7.3908644,7.086523,7.201223,7.59
2021-11-07 00:50:00.000002,2021-11-07 02:49:59.999996,12,7.6012216,7.106532,7.201223,7.64
2021-11-07 00:50:00.000002,2021-11-07 03:00:00.000000,13,7.6814046,7.1259522,7.201223,7.38
2021-11-07 00:50:00.000002,2021-11-07 03:10:00.000004,14,7.534783,7.144168,7.201223,7.79
2021-11-07 00:50:00.000002,2021-11-07 03:19:59.999999,15,7.347056,7.1608644,7.201223,7.48
2021-11-07 00:50:00.000002,2021-11-07 03:30:00.000003,16,7.351414,7.1759276,7.201223,7.12
2021-11-07 00:50:00.000002,2021-11-07 03:39:59.999998,17,7.368232,7.1893673,7.201223,7.15
2021-11-07 00:50:00.000002,2021-11-07 03:50:00.000002,18,7.1039915,7.2012672,7.201223,7.5
2021-11-07 00:50:00.000002,2021-11-07 03:59:59.999997,19,6.7697396,7.2117443,7.201223,6.9
2021-11-07 00:50:00.000002,2021-11-07 04:10:00.000001,20,6.751392,7.2209272,7.201223,6.3
2021-11-07 00:50:00.000002,2021-11-07 04:19:59.999996,21,6.892434,7.2289505,7.201223,6.9
2021-11-07 00:50:00.000002,2021-11-07 04:30:00.000000,22,6.8476667,7.235938,7.201223,7.21
2021-11-07 00:50:00.000002,2021-11-07 04:40:00.000004,23,6.833646,7.2420044,7.201223,6.74
2021-11-07 00:50:00.000002,2021-11-07 04:49:59.999999,24,7.138404,7.247252,7.201223,7.01
2021-11-07 00:50:00.000002,2021-11-07 05:00:00.000003,25,7.3258567,7.2517743,7.201223,7.17
2021-11-07 00:50:00.000002,2021-11-07 05:09:59.999998,26,6.9374766,7.255658,7.201223,7.33
2021-11-07 00:50:00.000002,2021-11-07 05:20:00.000002,27,6.3897557,7.2589765,7.201223,6.18
2021-11-07 00:50:00.000002,2021-11-07 05:29:59.999997,28,6.3090577,7.2617946,7.201223,6.31
2021-11-07 00:50:00.000002,2021-11-07 05:40:00.000001,29,6.7230263,7.264177,7.201223,6.68
2021-11-07 00:50:00.000002,2021-11-07 05:49:59.999996,30,7.29043,7.2661753,7.201223,7.39
2021-11-07 00:50:00.000002,2021-11-07 06:00:00.000000,31,7.5626326,7.26784,7.201223,7.55
2021-11-07 00:50:00.000002,2021-11-07 06:10:00.000004,32,7.256754,7.2692146,7.201223,7.2
2021-11-07 00:50:00.000002,2021-11-07 06:19:59.999999,33,6.763427,7.2703414,7.201223,6.79
2021-11-07 00:50:00.000002,2021-11-07 06:30:00.000003,34,6.639603,7.2712536,7.201223,6.6
2021-11-07 00:50:00.000002,2021-11-07 06:39:59.999998,35,6.639852,7.271985,7.201223,6.78
2021-11-07 00:50:00.000002,2021-11-07 06:50:00.000002,36,6.3006954,7.2725635,7.201223,6.15
2021-11-07 00:59:59.999997,2021-11-07 01:10:00.000001,1,8.110105,7.5180197,7.8830657,7.82
2021-11-07 00:59:59.999997,2021-11-07 01:19:59.999996,2,7.9896407,7.4339437,7.8830657,8.0
2021-11-07 00:59:59.999997,2021-11-07 01:30:00.000000,3,7.8970256,7.383409,7.8830657,8.13
2021-11-07 00:59:59.999997,2021-11-07 01:40:00.000004,4,7.847571,7.3501306,7.8830657,7.68
2021-11-07 00:59:59.999997,2021-11-07 01:49:59.999999,5,7.6874666,7.3379536,7.8830657,7.73
2021-11-07 00:59:59.999997,2021-11-07 02:00:00.000003,6,7.436066,7.343314,7.8830657,7.39
2021-11-07 00:59:59.999997,2021-11-07 02:09:59.999998,7,7.215802,7.36098,7.8830657,7.22
2021-11-07 00:59:59.999997,2021-11-07 02:20:00.000002,8,7.1272135,7.386092,7.8830657,7.29
2021-11-07 00:59:59.999997,2021-11-07 02:29:59.999997,9,7.2017355,7.414816,7.8830657,6.93
2021-11-07 00:59:59.999997,2021-11-07 02:40:00.000001,10,7.3908644,7.4443974,7.8830657,7.59
2021-11-07 00:59:59.999997,2021-11-07 02:49:59.999996,11,7.6012216,7.4730163,7.8830657,7.64
2021-11-07 00:59:59.999997,2021-11-07 03:00:00.000000,12,7.6814046,7.4995856,7.8830657,7.38
2021-11-07 00:59:59.999997,2021-11-07 03:10:00.000004,13,7.534783,7.523554,7.8830657,7.79
2021-11-07 00:59:59.999997,2021-11-07 03:19:59.999999,14,7.347056,7.5447307,7.8830657,7.48
2021-11-07 00:59:59.999997,2021-11-07 03:30:00.000003,15,7.351414,7.5631666,7.8830657,7.12
2021-11-07 00:59:59.999997,2021-11-07 03:39:59.999998,16,7.368232,7.579049,7.8830657,7.15
2021-11-07 00:59:59.999997,2021-11-07 03:50:00.000002,17,7.1039915,7.5926337,7.8830657,7.5
2021-11-07 00:59:59.999997,2021-11-07 03:59:59.999997,18,6.7697396,7.6041985,7.8830657,6.9
2021-11-07 00:59:59.999997,2021-11-07 04:10:00.000001,19,6.751392,7.614013,7.8830657,6.3
2021-11-07 00:59:59.999997,2021-11-07 04:19:59.999996,20,6.892434,7.6223364,7.8830657,6.9
2021-11-07 00:59:59.999997,2021-11-07 04:30:00.000000,21,6.8476667,7.629384,7.8830657,7.21
2021-11-07 00:59:59.999997,2021-11-07 04:40:00.000004,22,6.833646,7.635354,7.8830657,6.74
2021-11-07 00:59:59.999997,2021-11-07 04:49:59.999999,23,7.138404,7.6404076,7.8830657,7.01
2021-11-07 00:59:59.999997,2021-11-07 05:00:00.000003,24,7.3258567,7.6446853,7.8830657,7.17
2021-11-07 00:59:59.999997,2021-11-07 05:09:59.999998,25,6.9374766,7.6483,7.8830657,7.33
2021-11-07 00:59:59.999997,2021-11-07 05:20:00.000002,26,6.3897557,7.65135,7.8830657,6.18
2021-11-07 00:59:59.999997,2021-11-07 05:29:59.999997,27,6.3090577,7.653917,7.8830657,6.31
2021-11-07 00:59:59.999997,2021-11-07 05:40:00.000001,28,6.7230263,7.656069,7.8830657,6.68
2021-11-07 00:59:59.999997,2021-11-07 05:49:59.999996,29,7.29043,7.657863,7.8830657,7.39
2021-11-07 00:59:59.999997,2021-11-07 06:00:00.000000,30,7.5626326,7.659354,7.8830657,7.55
2021-11-07 00:59:59.999997,2021-11-07 06:10:00.000004,31,7.256754,7.6605816,7.8830657,7.2
2021-11-07 00:59:59.999997,2021-11-07 06:19:59.999999,32,6.763427,7.6615853,7.8830657,6.79
2021-11-07 00:59:59.999997,2021-11-07 06:30:00.000003,33,6.639603,7.6623983,7.8830657,6.6
2021-11-07 00:59:59.999997,2021-11-07 06:39:59.999998,34,6.639852,7.6630483,7.8830657,6.78
2021-11-07 00:59:59.999997,2021-11-07 06:50:00.000002,35,6.3006954,7.663563,7.8830657,6.15
2021-11-07 00:59:59.999997,2021-11-07 06:59:59.999997,36,5.9716454,7.6639624,7.8830657,5.99
2021-11-07 01:10:00.000001,2021-11-07 01:19:59.999996,1,7.9896407,7.540639,8.110105,8.0
2021-11-07 01:10:00.000001,2021-11-07 01:30:00.000000,2,7.8970256,7.481323,8.110105,8.13
2021-11-07 01:10:00.000001,2021-11-07 01:40:00.000004,3,7.847571,7.450592,8.110105,7.68
2021-11-07 01:10:00.000001,2021-11-07 01:49:59.999999,4,7.6874666,7.4332733,8.110105,7.73
2021-11-07 01:10:00.000001,2021-11-07 02:00:00.000003,5,7.436066,7.4339814,8.110105,7.39
2021-11-07 01:10:00.000001,2021-11-07 02:09:59.999998,6,7.215802,7.4496937,8.110105,7.22
2021-11-07 01:10:00.000001,2021-11-07 02:20:00.000002,7,7.1272135,7.475603,8.110105,7.29
2021-11-07 01:10:00.000001,2021-11-07 02:29:59.999997,8,7.2017355,7.5072136,8.110105,6.93
2021-11-07 01:10:00.000001,2021-11-07 02:40:00.000001,9,7.3908644,7.5409937,8.110105,7.59
2021-11-07 01:10:00.000001,2021-11-07 02:49:59.999996,10,7.6012216,7.5744524,8.110105,7.64
2021-11-07 01:10:00.000001,2021-11-07 03:00:00.000000,11,7.6814046,7.6059937,8.110105,7.38
2021-11-07 01:10:00.000001,2021-11-07 03:10:00.000004,12,7.534783,7.6347165,8.110105,7.79
2021-11-07 01:10:00.000001,2021-11-07 03:19:59.999999,13,7.347056,7.6602283,8.110105,7.48
2021-11-07 01:10:00.000001,2021-11-07 03:30:00.000003,14,7.351414,7.6824718,8.110105,7.12
2021-11-07 01:10:00.000001,2021-11-07 03:39:59.999998,15,7.368232,7.7016053,8.110105,7.15
2021-11-07 01:10:00.000001,2021-11-07 03:50:00.000002,16,7.1039915,7.7179055,8.110105,7.5
2021-11-07 01:10:00.000001,2021-11-07 03:59:59.999997,17,6.7697396,7.7316985,8.110105,6.9
2021-11-07 01:10:00.000001,2021-11-07 04:10:00.000001,18,6.751392,7.743319,8.110105,6.3
2021-11-07 01:10:00.000001,2021-11-07 04:19:59.999996,19,6.892434,7.753085,8.110105,6.9
2021-11-07 01:10:00.000001,2021-11-07 04:30:00.000000,20,6.8476667,7.7612844,8.110105,7.21
2021-11-07 01:10:00.000001,2021-11-07 04:40:00.000004,21,6.833646,7.768164,8.110105,6.74
2021-11-07 01:10:00.000001,2021-11-07 04:49:59.999999,22,7.138404,7.7739415,8.110105,7.01
2021-11-07 01:10:00.000001,2021-11-07 05:00:00.000003,23,7.3258567,7.778792,8.110105,7.17
2021-11-07 01:10:00.000001,2021-11-07 05:09:59.999998,24,6.9374766,7.7828646,8.110105,7.33
2021-11-07 01:10:00.000001,2021-11-07 05:20:00.000002,25,6.3897557,7.786284,8.110105,6.18
2021-11-07 01:10:00.000001,2021-11-07 05:29:59.999997,26,6.3090577,7.7891498,8.110105,6.31
2021-11-07 01:10:00.000001,2021-11-07 05:40:00.000001,27,6.7230263,7.7915483,8.110105,6.68
2021-11-07 01:10:00.000001,2021-11-07 05:49:59.999996,28,7.29043,7.793546,8.110105,7.39
2021-11-07 01:10:00.000001,2021-11-07 06:00:00.000000,29,7.5626326,7.7952056,8.110105,7.55
2021-11-07 01:10:00.000001,2021-11-07 06:10:00.000004,30,7.256754,7.796576,8.110105,7.2
2021-11-07 01:10:00.000001,2021-11-07 06:19:59.999999,31,6.763427,7.7977004,8.110105,6.79
2021-11-07 01:10:00.000001,2021-11-07 06:30:00.000003,32,6.639603,7.7986126,8.110105,6.6
2021-11-07 01:10:00.000001,2021-11-07 06:39:59.999998,33,6.639852,7.7993493,8.110105,6.78
2021-11-07 01:10:00.000001,2021-11-07 06:50:00.000002,34,6.3006954,7.799933,8.110105,6.15
2021-11-07 01:10:00.000001,2021-11-07 06:59:59.999997,35,5.9716454,7.8003926,8.110105,5.99
2021-11-07 01:10:00.000001,2021-11-07 07:10:00.000001,36,6.1961656,7.8007464,8.110105,6.22
2021-11-07 01:19:59.999996,2021-11-07 01:30:00.000000,1,7.8970256,7.618675,7.9896407,8.13
2021-11-07 01:19:59.999996,2021-11-07 01:40:00.000004,2,7.847571,7.558676,7.9896407,7.68
2021-11-07 01:19:59.999996,2021-11-07 01:49:59.999999,3,7.6874666,7.5225253,7.9896407,7.73
2021-11-07 01:19:59.999996,2021-11-07 02:00:00.000003,4,7.436066,7.4959493,7.9896407,7.39
2021-11-07 01:19:59.999996,2021-11-07 02:09:59.999998,5,7.215802,7.485333,7.9896407,7.22
2021-11-07 01:19:59.999996,2021-11-07 02:20:00.000002,6,7.1272135,7.4888797,7.9896407,7.29
2021-11-07 01:19:59.999996,2021-11-07 02:29:59.999997,7,7.2017355,7.5026155,7.9896407,6.93
2021-11-07 01:19:59.999996,2021-11-07 02:40:00.000001,8,7.3908644,7.522569,7.9896407,7.59
2021-11-07 01:19:59.999996,2021-11-07 02:49:59.999996,9,7.6012216,7.54553,7.9896407,7.64
2021-11-07 01:19:59.999996,2021-11-07 03:00:00.000000,10,7.6814046,7.5691695,7.9896407,7.38
2021-11-07 01:19:59.999996,2021-11-07 03:10:00.000004,11,7.534783,7.591957,7.9896407,7.79
2021-11-07 01:19:59.999996,2021-11-07 03:19:59.999999,12,7.347056,7.6129894,7.9896407,7.48
2021-11-07 01:19:59.999996,2021-11-07 03:30:00.000003,13,7.351414,7.6318183,7.9896407,7.12
2021-11-07 01:19:59.999996,2021-11-07 03:39:59.999998,14,7.368232,7.64832,7.9896407,7.15
2021-11-07 01:19:59.999996,2021-11-07 03:50:00.000002,15,7.1039915,7.662566,7.9896407,7.5
2021-11-07 01:19:59.999996,2021-11-07 03:59:59.999997,16,6.7697396,7.6747413,7.9896407,6.9
2021-11-07 01:19:59.999996,2021-11-07 04:10:00.000001,17,6.751392,7.6850815,7.9896407,6.3
2021-11-07 01:19:59.999996,2021-11-07 04:19:59.999996,18,6.892434,7.6938376,7.9896407,6.9
2021-11-07 01:19:59.999996,2021-11-07 04:30:00.000000,19,6.8476667,7.701246,7.9896407,7.21
2021-11-07 01:19:59.999996,2021-11-07 04:40:00.000004,20,6.833646,7.707521,7.9896407,6.74
2021-11-07 01:19:59.999996,2021-11-07 04:49:59.999999,21,7.138404,7.7128463,7.9896407,7.01
2021-11-07 01:19:59.999996,2021-11-07 05:00:00.000003,22,7.3258567,7.7173777,7.9896407,7.17
2021-11-07 01:19:59.999996,2021-11-07 05:09:59.999998,23,6.9374766,7.7212424,7.9896407,7.33
2021-11-07 01:19:59.999996,2021-11-07 05:20:00.000002,24,6.3897557,7.7245455,7.9896407,6.18
2021-11-07 01:19:59.999996,2021-11-07 05:29:59.999997,25,6.3090577,7.727374,7.9896407,6.31
2021-11-07 01:19:59.999996,2021-11-07 05:40:00.000001,26,6.7230263,7.7297926,7.9896407,6.68
2021-11-07 01:19:59.999996,2021-11-07 05:49:59.999996,27,7.29043,7.7318606,7.9896407,7.39
2021-11-07 01:19:59.999996,2021-11-07 06:00:00.000000,28,7.5626326,7.7336245,7.9896407,7.55
2021-11-07 01:19:59.999996,2021-11-07 06:10:00.000004,29,7.256754,7.735123,7.9896407,7.2
2021-11-07 01:19:59.999996,2021-11-07 06:19:59.999999,30,6.763427,7.7363915,7.9896407,6.79
2021-11-07 01:19:59.999996,2021-11-07 06:30:00.000003,31,6.639603,7.737458,7.9896407,6.6
2021-11-07 01:19:59.999996,2021-11-07 06:39:59.999998,32,6.639852,7.7383485,7.9896407,6.78
2021-11-07 01:19:59.999996,2021-11-07 06:50:00.000002,33,6.3006954,7.7390876,7.9896407,6.15
2021-11-07 01:19:59.999996,2021-11-07 06:59:59.999997,34,5.9716454,7.739692,7.9896407,5.99
2021-11-07 01:19:59.999996,2021-11-07 07:10:00.000001,35,6.1961656,7.740186,7.9896407,6.22
2021-11-07 01:19:59.999996,2021-11-07 07:19:59.999996,36,6.7881417,7.740581,7.9896407,6.93
2021-11-07 01:30:00.000000,2021-11-07 01:40:00.000004,1,7.847571,7.5967956,7.8970256,7.68
2021-11-07 01:30:00.000000,2021-11-07 01:49:59.999999,2,7.6874666,7.553881,7.8970256,7.73
2021-11-07 01:30:00.000000,2021-11-07 02:00:00.000003,3,7.436066,7.5247784,7.8970256,7.39
2021-11-07 01:30:00.000000,2021-11-07 02:09:59.999998,4,7.215802,7.498275,7.8970256,7.22
2021-11-07 01:30:00.000000,2021-11-07 02:20:00.000002,5,7.1272135,7.4837646,7.8970256,7.29
2021-11-07 01:30:00.000000,2021-11-07 02:29:59.999997,6,7.2017355,7.4815,7.8970256,6.93
2021-11-07 01:30:00.000000,2021-11-07 02:40:00.000001,7,7.3908644,7.488798,7.8970256,7.59
2021-11-07 01:30:00.000000,2021-11-07 02:49:59.999996,8,7.6012216,7.5024543,7.8970256,7.64
2021-11-07 01:30:00.000000,2021-11-07 03:00:00.000000,9,7.6814046,7.51967,7.8970256,7.38
2021-11-07 01:30:00.000000,2021-11-07 03:10:00.000004,10,7.534783,7.5383086,7.8970256,7.79
2021-11-07 01:30:00.000000,2021-11-07 03:19:59.999999,11,7.347056,7.556894,7.8970256,7.48
2021-11-07 01:30:00.000000,2021-11-07 03:30:00.000003,12,7.351414,7.574496,7.8970256,7.12
2021-11-07 01:30:00.000000,2021-11-07 03:39:59.999998,13,7.368232,7.5906057,7.8970256,7.15
2021-11-07 01:30:00.000000,2021-11-07 03:50:00.000002,14,7.1039915,7.6050086,7.8970256,7.5
2021-11-07 01:30:00.000000,2021-11-07 03:59:59.999997,15,6.7697396,7.61768,7.8970256,6.9
2021-11-07 01:30:00.000000,2021-11-07 04:10:00.000001,16,6.751392,7.6287146,7.8970256,6.3
2021-11-07 01:30:00.000000,2021-11-07 04:19:59.999996,17,6.892434,7.638266,7.8970256,6.9
2021-11-07 01:30:00.000000,2021-11-07 04:30:00.000000,18,6.8476667,7.6465087,7.8970256,7.21
2021-11-07 01:30:00.000000,2021-11-07 04:40:00.000004,19,6.833646,7.6536155,7.8970256,6.74
2021-11-07 01:30:00.000000,2021-11-07 04:49:59.999999,20,7.138404,7.6597505,7.8970256,7.01
2021-11-07 01:30:00.000000,2021-11-07 05:00:00.000003,21,7.3258567,7.6650505,7.8970256,7.17
2021-11-07 01:30:00.000000,2021-11-07 05:09:59.999998,22,6.9374766,7.669639,7.8970256,7.33
2021-11-07 01:30:00.000000,2021-11-07 05:20:00.000002,23,6.3897557,7.673616,7.8970256,6.18
2021-11-07 01:30:00.000000,2021-11-07 05:29:59.999997,24,6.3090577,7.677065,7.8970256,6.31
2021-11-07 01:30:00.000000,2021-11-07 05:40:00.000001,25,6.7230263,7.680053,7.8970256,6.68
2021-11-07 01:30:00.000000,2021-11-07 05:49:59.999996,26,7.29043,7.68264,7.8970256,7.39
2021-11-07 01:30:00.000000,2021-11-07 06:00:00.000000,27,7.5626326,7.684873,7.8970256,7.55
2021-11-07 01:30:00.000000,2021-11-07 06:10:00.000004,28,7.256754,7.6867943,7.8970256,7.2
2021-11-07 01:30:00.000000,2021-11-07 06:19:59.999999,29,6.763427,7.688441,7.8970256,6.79
2021-11-07 01:30:00.000000,2021-11-07 06:30:00.000003,30,6.639603,7.689841,7.8970256,6.6
2021-11-07 01:30:00.000000,2021-11-07 06:39:59.999998,31,6.639852,7.691026,7.8970256,6.78
2021-11-07 01:30:00.000000,2021-11-07 06:50:00.000002,32,6.3006954,7.6920238,7.8970256,6.15
2021-11-07 01:30:00.000000,2021-11-07 06:59:59.999997,33,5.9716454,7.692853,7.8970256,5.99
2021-11-07 01:30:00.000000,2021-11-07 07:10:00.000001,34,6.1961656,7.693539,7.8970256,6.22
2021-11-07 01:30:00.000000,2021-11-07 07:19:59.999996,35,6.7881417,7.694099,7.8970256,6.93
2021-11-07 01:30:00.000000,2021-11-07 07:30:00.000000,36,7.2828884,7.6945505,7.8970256,6.99
2021-11-07 01:40:00.000004,2021-11-07 01:49:59.999999,1,7.6874666,7.5512276,7.847571,7.73
2021-11-07 01:40:00.000004,2021-11-07 02:00:00.000003,2,7.436066,7.509505,7.847571,7.39
2021-11-07 01:40:00.000004,2021-11-07 02:09:59.999998,3,7.215802,7.477796,7.847571,7.22
2021-11-07 01:40:00.000004,2021-11-07 02:20:00.000002,4,7.1272135,7.4478407,7.847571,7.29
2021-11-07 01:40:00.000004,2021-11-07 02:29:59.999997,5,7.2017355,7.430368,7.847571,6.93
2021-11-07 01:40:00.000004,2021-11-07 02:40:00.000001,6,7.3908644,7.4261804,7.847571,7.59
2021-11-07 01:40:00.000004,2021-11-07 02:49:59.999996,7,7.6012216,7.4327054,7.847571,7.64
2021-11-07 01:40:00.000004,2021-11-07 03:00:00.000000,8,7.6814046,7.4466453,7.847571,7.38
2021-11-07 01:40:00.000004,2021-11-07 03:10:00.000004,9,7.534783,7.4650183,7.847571,7.79
2021-11-07 01:40:00.000004,2021-11-07 03:19:59.999999,10,7.347056,7.485482,7.847571,7.48
2021-11-07 01:40:00.000004,2021-11-07 03:30:00.000003,11,7.351414,7.5063667,7.847571,7.12
2021-11-07 01:40:00.000004,2021-11-07 03:39:59.999998,12,7.368232,7.5265675,7.847571,7.15
2021-11-07 01:40:00.000004,2021-11-07 03:50:00.000002,13,7.1039915,7.5454316,7.847571,7.5
2021-11-07 01:40:00.000004,2021-11-07 03:59:59.999997,14,6.7697396,7.5626264,7.847571,6.9
2021-11-07 01:40:00.000004,2021-11-07 04:10:00.000001,15,6.751392,7.57804,7.847571,6.3
2021-11-07 01:40:00.000004,2021-11-07 04:19:59.999996,16,6.892434,7.5916986,7.847571,6.9
2021-11-07 01:40:00.000004,2021-11-07 04:30:00.000000,17,6.8476667,7.603709,7.847571,7.21
2021-11-07 01:40:00.000004,2021-11-07 04:40:00.000004,18,6.833646,7.6142178,7.847571,6.74
2021-11-07 01:40:00.000004,2021-11-07 04:49:59.999999,19,7.138404,7.6233816,7.847571,7.01
2021-11-07 01:40:00.000004,2021-11-07 05:00:00.000003,20,7.3258567,7.6313553,7.847571,7.17
2021-11-07 01:40:00.000004,2021-11-07 05:09:59.999998,21,6.9374766,7.638284,7.847571,7.33
2021-11-07 01:40:00.000004,2021-11-07 05:20:00.000002,22,6.3897557,7.644299,7.847571,6.18
2021-11-07 01:40:00.000004,2021-11-07 05:29:59.999997,23,6.3090577,7.649508,7.847571,6.31
2021-11-07 01:40:00.000004,2021-11-07 05:40:00.000001,24,6.7230263,7.654013,7.847571,6.68
2021-11-07 01:40:00.000004,2021-11-07 05:49:59.999996,25,7.29043,7.6578994,7.847571,7.39
2021-11-07 01:40:00.000004,2021-11-07 06:00:00.000000,26,7.5626326,7.6612415,7.847571,7.55
2021-11-07 01:40:00.000004,2021-11-07 06:10:00.000004,27,7.256754,7.6641035,7.847571,7.2
2021-11-07 01:40:00.000004,2021-11-07 06:19:59.999999,28,6.763427,7.6665444,7.847571,6.79
2021-11-07 01:40:00.000004,2021-11-07 06:30:00.000003,29,6.639603,7.6686144,7.847571,6.6
2021-11-07 01:40:00.000004,2021-11-07 06:39:59.999998,30,6.639852,7.670357,7.847571,6.78
2021-11-07 01:40:00.000004,2021-11-07 06:50:00.000002,31,6.3006954,7.6718163,7.847571,6.15
2021-11-07 01:40:00.000004,2021-11-07 06:59:59.999997,32,5.9716454,7.6730294,7.847571,5.99
2021-11-07 01:40:00.000004,2021-11-07 07:10:00.000001,33,6.1961656,7.674027,7.847571,6.22
2021-11-07 01:40:00.000004,2021-11-07 07:19:59.999996,34,6.7881417,7.67484,7.847571,6.93
2021-11-07 01:40:00.000004,2021-11-07 07:30:00.000000,35,7.2828884,7.6754956,7.847571,6.99
2021-11-07 01:40:00.000004,2021-11-07 07:40:00.000004,36,7.551162,7.676017,7.847571,7.82
2021-11-07 01:49:59.999999,2021-11-07 02:00:00.000003,1,7.436066,7.504918,7.6874666,7.39
2021-11-07 01:49:59.999999,2021-11-07 02:09:59.999998,2,7.215802,7.460967,7.6874666,7.22
2021-11-07 01:49:59.999999,2021-11-07 02:20:00.000002,3,7.1272135,7.4228625,7.6874666,7.29
2021-11-07 01:49:59.999999,2021-11-07 02:29:59.999997,4,7.2017355,7.385362,7.6874666,6.93
2021-11-07 01:49:59.999999,2021-11-07 02:40:00.000001,5,7.3908644,7.360569,7.6874666,7.59
2021-11-07 01:49:59.999999,2021-11-07 02:49:59.999996,6,7.6012216,7.3499775,7.6874666,7.64
2021-11-07 01:49:59.999999,2021-11-07 03:00:00.000000,7,7.6814046,7.3512874,7.6874666,7.38
2021-11-07 01:49:59.999999,2021-11-07 03:10:00.000004,8,7.534783,7.361223,7.6874666,7.79
2021-11-07 01:49:59.999999,2021-11-07 03:19:59.999999,9,7.347056,7.3767047,7.6874666,7.48
2021-11-07 01:49:59.999999,2021-11-07 03:30:00.000003,10,7.351414,7.39524,7.6874666,7.12
2021-11-07 01:49:59.999999,2021-11-07 03:39:59.999998,11,7.368232,7.4149895,7.6874666,7.15
2021-11-07 01:49:59.999999,2021-11-07 03:50:00.000002,12,7.1039915,7.4346895,7.6874666,7.5
2021-11-07 01:49:59.999999,2021-11-07 03:59:59.999997,13,6.7697396,7.453537,7.6874666,6.9
2021-11-07 01:49:59.999999,2021-11-07 04:10:00.000001,14,6.751392,7.471074,7.6874666,6.3
2021-11-07 01:49:59.999999,2021-11-07 04:19:59.999996,15,6.892434,7.4870825,7.6874666,6.9
2021-11-07 01:49:59.999999,2021-11-07 04:30:00.000000,16,6.8476667,7.5015,7.6874666,7.21
2021-11-07 01:49:59.999999,2021-11-07 04:40:00.000004,17,6.833646,7.514365,7.6874666,6.74
2021-11-07 01:49:59.999999,2021-11-07 04:49:59.999999,18,7.138404,7.5257664,7.6874666,7.01
2021-11-07 01:49:59.999999,2021-11-07 05:00:00.000003,19,7.3258567,7.5358253,7.6874666,7.17
2021-11-07 01:49:59.999999,2021-11-07 05:09:59.999998,20,6.9374766,7.5446663,7.6874666,7.33
2021-11-07 01:49:59.999999,2021-11-07 05:20:00.000002,21,6.3897557,7.5524125,7.6874666,6.18
2021-11-07 01:49:59.999999,2021-11-07 05:29:59.999997,22,6.3090577,7.5591803,7.6874666,6.31
2021-11-07 01:49:59.999999,2021-11-07 05:40:00.000001,23,6.7230263,7.5650764,7.6874666,6.68
2021-11-07 01:49:59.999999,2021-11-07 05:49:59.999996,24,7.29043,7.5701957,7.6874666,7.39
2021-11-07 01:49:59.999999,2021-11-07 06:00:00.000000,25,7.5626326,7.574624,7.6874666,7.55
2021-11-07 01:49:59.999999,2021-11-07 06:10:00.000004,26,7.256754,7.578439,7.6874666,7.2
2021-11-07 01:49:59.999999,2021-11-07 06:19:59.999999,27,6.763427,7.5817113,7.6874666,6.79
2021-11-07 01:49:59.999999,2021-11-07 06:30:00.000003,28,6.639603,7.584501,7.6874666,6.6
2021-11-07 01:49:59.999999,2021-11-07 06:39:59.999998,29,6.639852,7.5868673,7.6874666,6.78
2021-11-07 01:49:59.999999,2021-11-07 06:50:00.000002,30,6.3006954,7.588858,7.6874666,6.15
2021-11-07 01:49:59.999999,2021-11-07 06:59:59.999997,31,5.9716454,7.5905247,7.6874666,5.99
2021-11-07 01:49:59.999999,2021-11-07 07:10:00.000001,32,6.1961656,7.5919056,7.6874666,6.22
2021-11-07 01:49:59.999999,2021-11-07 07:19:59.999996,33,6.7881417,7.5930424,7.6874666,6.93
2021-11-07 01:49:59.999999,2021-11-07 07:30:00.000000,34,7.2828884,7.593967,7.6874666,6.99
2021-11-07 01:49:59.999999,2021-11-07 07:40:00.000004,35,7.551162,7.5947104,7.6874666,7.82
2021-11-07 01:49:59.999999,2021-11-07 07:49:59.999999,36,7.642614,7.595303,7.6874666,7.43
2021-11-07 02:00:00.000003,2021-11-07 02:09:59.999998,1,7.215802,7.5259004,7.436066,7.22
2021-11-07 02:00:00.000003,2021-11-07 02:20:00.000002,2,7.1272135,7.4467096,7.436066,7.29
2021-11-07 02:00:00.000003,2021-11-07 02:29:59.999997,3,7.2017355,7.3794065,7.436066,6.93
2021-11-07 02:00:00.000003,2021-11-07 02:40:00.000001,4,7.3908644,7.3192244,7.436066,7.59
2021-11-07 02:00:00.000003,2021-11-07 02:49:59.999996,5,7.6012216,7.277249,7.436066,7.64
2021-11-07 02:00:00.000003,2021-11-07 03:00:00.000000,6,7.6814046,7.253823,7.436066,7.38
2021-11-07 02:00:00.000003,2021-11-07 03:10:00.000004,7,7.534783,7.2456183,7.436066,7.79
2021-11-07 02:00:00.000003,2021-11-07 03:19:59.999999,8,7.347056,7.248546,7.436066,7.48
2021-11-07 02:00:00.000003,2021-11-07 03:30:00.000003,9,7.351414,7.258889,7.436066,7.12
2021-11-07 02:00:00.000003,2021-11-07 03:39:59.999998,10,7.368232,7.2736745,7.436066,7.15
2021-11-07 02:00:00.000003,2021-11-07 03:50:00.000002,11,7.1039915,7.290703,7.436066,7.5
2021-11-07 02:00:00.000003,2021-11-07 03:59:59.999997,12,6.7697396,7.308441,7.436066,6.9
2021-11-07 02:00:00.000003,2021-11-07 04:10:00.000001,13,6.751392,7.3258915,7.436066,6.3
2021-11-07 02:00:00.000003,2021-11-07 04:19:59.999996,14,6.892434,7.342445,7.436066,6.9
2021-11-07 02:00:00.000003,2021-11-07 04:30:00.000000,15,6.8476667,7.3577743,7.436066,7.21
2021-11-07 02:00:00.000003,2021-11-07 04:40:00.000004,16,6.833646,7.37174,7.436066,6.74
2021-11-07 02:00:00.000003,2021-11-07 04:49:59.999999,17,7.138404,7.3843174,7.436066,7.01
2021-11-07 02:00:00.000003,2021-11-07 05:00:00.000003,18,7.3258567,7.3955545,7.436066,7.17
2021-11-07 02:00:00.000003,2021-11-07 05:09:59.999998,19,6.9374766,7.4055343,7.436066,7.33
2021-11-07 02:00:00.000003,2021-11-07 05:20:00.000002,20,6.3897557,7.4143605,7.436066,6.18
2021-11-07 02:00:00.000003,2021-11-07 05:29:59.999997,21,6.3090577,7.422136,7.436066,6.31
2021-11-07 02:00:00.000003,2021-11-07 05:40:00.000001,22,6.7230263,7.4289618,7.436066,6.68
2021-11-07 02:00:00.000003,2021-11-07 05:49:59.999996,23,7.29043,7.4349356,7.436066,7.39
2021-11-07 02:00:00.000003,2021-11-07 06:00:00.000000,24,7.5626326,7.4401417,7.436066,7.55
2021-11-07 02:00:00.000003,2021-11-07 06:10:00.000004,25,7.256754,7.444665,7.436066,7.2
2021-11-07 02:00:00.000003,2021-11-07 06:19:59.999999,26,6.763427,7.448576,7.436066,6.79
2021-11-07 02:00:00.000003,2021-11-07 06:30:00.000003,27,6.639603,7.4519396,7.436066,6.6
2021-11-07 02:00:00.000003,2021-11-07 06:39:59.999998,28,6.639852,7.4548182,7.436066,6.78
2021-11-07 02:00:00.000003,2021-11-07 06:50:00.000002,29,6.3006954,7.457267,7.436066,6.15
2021-11-07 02:00:00.000003,2021-11-07 06:59:59.999997,30,5.9716454,7.4593363,7.436066,5.99
2021-11-07 02:00:00.000003,2021-11-07 07:10:00.000001,31,6.1961656,7.461072,7.436066,6.22
2021-11-07 02:00:00.000003,2021-11-07 07:19:59.999996,32,6.7881417,7.462517,7.436066,6.93
2021-11-07 02:00:00.000003,2021-11-07 07:30:00.000000,33,7.2828884,7.463708,7.436066,6.99
2021-11-07 02:00:00.000003,2021-11-07 07:40:00.000004,34,7.551162,7.4646816,7.436066,7.82
2021-11-07 02:00:00.000003,2021-11-07 07:49:59.999999,35,7.642614,7.4654703,7.436066,7.43
2021-11-07 02:00:00.000003,2021-11-07 08:00:00.000003,36,7.6719646,7.466099,7.436066,7.9
2021-11-07 02:09:59.999998,2021-11-07 02:20:00.000002,1,7.1272135,7.5413914,7.215802,7.29
2021-11-07 02:09:59.999998,2021-11-07 02:29:59.999997,2,7.2017355,7.435013,7.215802,6.93
2021-11-07 02:09:59.999998,2021-11-07 02:40:00.000001,3,7.3908644,7.3456693,7.215802,7.59
2021-11-07 02:09:59.999998,2021-11-07 02:49:59.999996,4,7.6012216,7.26797,7.215802,7.64
2021-11-07 02:09:59.999998,2021-11-07 03:00:00.000000,5,7.6814046,7.212282,7.215802,7.38
2021-11-07 02:09:59.999998,2021-11-07 03:10:00.000004,6,7.534783,7.1782184,7.215802,7.79
2021-11-07 02:09:59.999998,2021-11-07 03:19:59.999999,7,7.347056,7.1618147,7.215802,7.48
2021-11-07 02:09:59.999998,2021-11-07 03:30:00.000003,8,7.351414,7.158442,7.215802,7.12
2021-11-07 02:09:59.999998,2021-11-07 03:39:59.999998,9,7.368232,7.163947,7.215802,7.15
2021-11-07 02:09:59.999998,2021-11-07 03:50:00.000002,10,7.1039915,7.1750093,7.215802,7.5
2021-11-07 02:09:59.999998,2021-11-07 03:59:59.999997,11,6.7697396,7.1891594,7.215802,6.9
2021-11-07 02:09:59.999998,2021-11-07 04:10:00.000001,12,6.751392,7.2046633,7.215802,6.3
2021-11-07 02:09:59.999998,2021-11-07 04:19:59.999996,13,6.892434,7.220359,7.215802,6.9
2021-11-07 02:09:59.999998,2021-11-07 04:30:00.000000,14,6.8476667,7.235527,7.215802,7.21
2021-11-07 02:09:59.999998,2021-11-07 04:40:00.000004,15,6.833646,7.249751,7.215802,6.74
2021-11-07 02:09:59.999998,2021-11-07 04:49:59.999999,16,7.138404,7.262824,7.215802,7.01
2021-11-07 02:09:59.999998,2021-11-07 05:00:00.000003,17,7.3258567,7.274675,7.215802,7.17
2021-11-07 02:09:59.999998,2021-11-07 05:09:59.999998,18,6.9374766,7.2853146,7.215802,7.33
2021-11-07 02:09:59.999998,2021-11-07 05:20:00.000002,19,6.3897557,7.2948036,7.215802,6.18
2021-11-07 02:09:59.999998,2021-11-07 05:29:59.999997,20,6.3090577,7.3032203,7.215802,6.31
2021-11-07 02:09:59.999998,2021-11-07 05:40:00.000001,21,6.7230263,7.3106546,7.215802,6.68
2021-11-07 02:09:59.999998,2021-11-07 05:49:59.999996,22,7.29043,7.3171964,7.215802,7.39
2021-11-07 02:09:59.999998,2021-11-07 06:00:00.000000,23,7.5626326,7.322932,7.215802,7.55
2021-11-07 02:09:59.999998,2021-11-07 06:10:00.000004,24,7.256754,7.327941,7.215802,7.2
2021-11-07 02:09:59.999998,2021-11-07 06:19:59.999999,25,6.763427,7.332298,7.215802,6.79
2021-11-07 02:09:59.999998,2021-11-07 06:30:00.000003,26,6.639603,7.33607,7.215802,6.6
2021-11-07 02:09:59.999998,2021-11-07 06:39:59.999998,27,6.639852,7.33932,7.215802,6.78
2021-11-07 02:09:59.999998,2021-11-07 06:50:00.000002,28,6.3006954,7.3421044,7.215802,6.15
2021-11-07 02:09:59.999998,2021-11-07 06:59:59.999997,29,5.9716454,7.344476,7.215802,5.99
2021-11-07 02:09:59.999998,2021-11-07 07:10:00.000001,30,6.1961656,7.34648,7.215802,6.22
2021-11-07 02:09:59.999998,2021-11-07 07:19:59.999996,31,6.7881417,7.348164,7.215802,6.93
2021-11-07 02:09:59.999998,2021-11-07 07:30:00.000000,32,7.2828884,7.3495684,7.215802,6.99
2021-11-07 02:09:59.999998,2021-11-07 07:40:00.000004,33,7.551162,7.350727,7.215802,7.82
2021-11-07 02:09:59.999998,2021-11-07 07:49:59.999999,34,7.642614,7.3516746,7.215802,7.43
2021-11-07 02:09:59.999998,2021-11-07 08:00:00.000003,35,7.6719646,7.352442,7.215802,7.9
2021-11-07 02:09:59.999998,2021-11-07 08:09:59.999998,36,7.77976,7.353055,7.215802,7.58
2021-11-07 02:20:00.000002,2021-11-07 02:29:59.999997,1,7.2017355,7.5554547,7.1272135,6.93
2021-11-07 02:20:00.000002,2021-11-07 02:40:00.000001,2,7.3908644,7.434242,7.1272135,7.59
2021-11-07 02:20:00.000002,2021-11-07 02:49:59.999996,3,7.6012216,7.3320227,7.1272135,7.64
2021-11-07 02:20:00.000002,2021-11-07 03:00:00.000000,4,7.6814046,7.244184,7.1272135,7.38
2021-11-07 02:20:00.000002,2021-11-07 03:10:00.000004,5,7.534783,7.1809225,7.1272135,7.79
2021-11-07 02:20:00.000002,2021-11-07 03:19:59.999999,6,7.347056,7.1414614,7.1272135,7.48
2021-11-07 02:20:00.000002,2021-11-07 03:30:00.000003,7,7.351414,7.1214137,7.1272135,7.12
2021-11-07 02:20:00.000002,2021-11-07 03:39:59.999998,8,7.368232,7.115743,7.1272135,7.15
2021-11-07 02:20:00.000002,2021-11-07 03:50:00.000002,9,7.1039915,7.119954,7.1272135,7.5
2021-11-07 02:20:00.000002,2021-11-07 03:59:59.999997,10,6.7697396,7.130449,7.1272135,6.9
2021-11-07 02:20:00.000002,2021-11-07 04:10:00.000001,11,6.751392,7.1445346,7.1272135,6.3
2021-11-07 02:20:00.000002,2021-11-07 04:19:59.999996,12,6.892434,7.1603036,7.1272135,6.9
2021-11-07 02:20:00.000002,2021-11-07 04:30:00.000000,13,6.8476667,7.176469,7.1272135,7.21
2021-11-07 02:20:00.000002,2021-11-07 04:40:00.000004,14,6.833646,7.192216,7.1272135,6.74
2021-11-07 02:20:00.000002,2021-11-07 04:49:59.999999,15,7.138404,7.2070637,7.1272135,7.01
2021-11-07 02:20:00.000002,2021-11-07 05:00:00.000003,16,7.3258567,7.2207594,7.1272135,7.17
2021-11-07 02:20:00.000002,2021-11-07 05:09:59.999998,17,6.9374766,7.233204,7.1272135,7.33
2021-11-07 02:20:00.000002,2021-11-07 05:20:00.000002,18,6.3897557,7.244391,7.1272135,6.18
2021-11-07 02:20:00.000002,2021-11-07 05:29:59.999997,19,6.3090577,7.254367,7.1272135,6.31
2021-11-07 02:20:00.000002,2021-11-07 05:40:00.000001,20,6.7230263,7.263213,7.1272135,6.68
2021-11-07 02:20:00.000002,2021-11-07 05:49:59.999996,21,7.29043,7.271018,7.1272135,7.39
2021-11-07 02:20:00.000002,2021-11-07 06:00:00.000000,22,7.5626326,7.277875,7.1272135,7.55
2021-11-07 02:20:00.000002,2021-11-07 06:10:00.000004,23,7.256754,7.283875,7.1272135,7.2
2021-11-07 02:20:00.000002,2021-11-07 06:19:59.999999,24,6.763427,7.2891016,7.1272135,6.79
2021-11-07 02:20:00.000002,2021-11-07 06:30:00.000003,25,6.639603,7.2936378,7.1272135,6.6
2021-11-07 02:20:00.000002,2021-11-07 06:39:59.999998,26,6.639852,7.297555,7.1272135,6.78
2021-11-07 02:20:00.000002,2021-11-07 06:50:00.000002,27,6.3006954,7.300919,7.1272135,6.15
2021-11-07 02:20:00.000002,2021-11-07 06:59:59.999997,28,5.9716454,7.3037944,7.1272135,5.99
2021-11-07 02:20:00.000002,2021-11-07 07:10:00.000001,29,6.1961656,7.306236,7.1272135,6.22
2021-11-07 02:20:00.000002,2021-11-07 07:19:59.999996,30,6.7881417,7.3082943,7.1272135,6.93
2021-11-07 02:20:00.000002,2021-11-07 07:30:00.000000,31,7.2828884,7.310018,7.1272135,6.99
2021-11-07 02:20:00.000002,2021-11-07 07:40:00.000004,32,7.551162,7.3114505,7.1272135,7.82
2021-11-07 02:20:00.000002,2021-11-07 07:49:59.999999,33,7.642614,7.312629,7.1272135,7.43
2021-11-07 02:20:00.000002,2021-11-07 08:00:00.000003,34,7.6719646,7.31359,7.1272135,7.9
2021-11-07 02:20:00.000002,2021-11-07 08:09:59.999998,35,7.77976,7.3143663,7.1272135,7.58
2021-11-07 02:20:00.000002,2021-11-07 08:20:00.000002,36,7.816994,7.314985,7.1272135,7.88
2021-11-07 02:29:59.999997,2021-11-07 02:40:00.000001,1,7.3908644,7.529164,7.2017355,7.59
2021-11-07 02:29:59.999997,2021-11-07 02:49:59.999996,2,7.6012216,7.4112415,7.2017355,7.64
2021-11-07 02:29:59.999997,2021-11-07 03:00:00.000000,3,7.6814046,7.312483,7.2017355,7.38
2021-11-07 02:29:59.999997,2021-11-07 03:10:00.000004,4,7.534783,7.228638,7.2017355,7.79
2021-11-07 02:29:59.999997,2021-11-07 03:19:59.999999,5,7.347056,7.170012,7.2017355,7.48
2021-11-07 02:29:59.999997,2021-11-07 03:30:00.000003,6,7.351414,7.1357274,7.2017355,7.12
2021-11-07 02:29:59.999997,2021-11-07 03:39:59.999998,7,7.368232,7.121192,7.2017355,7.15
2021-11-07 02:29:59.999997,2021-11-07 03:50:00.000002,8,7.1039915,7.1211514,7.2017355,7.5
2021-11-07 02:29:59.999997,2021-11-07 03:59:59.999997,9,6.7697396,7.1309114,7.2017355,6.9
2021-11-07 02:29:59.999997,2021-11-07 04:10:00.000001,10,6.751392,7.1467147,7.2017355,6.3
2021-11-07 02:29:59.999997,2021-11-07 04:19:59.999996,11,6.892434,7.1657567,7.2017355,6.9
2021-11-07 02:29:59.999997,2021-11-07 04:30:00.000000,12,6.8476667,7.186064,7.2017355,7.21
2021-11-07 02:29:59.999997,2021-11-07 04:40:00.000004,13,6.833646,7.206308,7.2017355,6.74
2021-11-07 02:29:59.999997,2021-11-07 04:49:59.999999,14,7.138404,7.2256637,7.2017355,7.01
2021-11-07 02:29:59.999997,2021-11-07 05:00:00.000003,15,7.3258567,7.243663,7.2017355,7.17
2021-11-07 02:29:59.999997,2021-11-07 05:09:59.999998,16,6.9374766,7.260074,7.2017355,7.33
2021-11-07 02:29:59.999997,2021-11-07 05:20:00.000002,17,6.3897557,7.274829,7.2017355,6.18
2021-11-07 02:29:59.999997,2021-11-07 05:29:59.999997,18,6.3090577,7.287958,7.2017355,6.31
2021-11-07 02:29:59.999997,2021-11-07 05:40:00.000001,19,6.7230263,7.299553,7.2017355,6.68
2021-11-07 02:29:59.999997,2021-11-07 05:49:59.999996,20,7.29043,7.3097243,7.2017355,7.39
2021-11-07 02:29:59.999997,2021-11-07 06:00:00.000000,21,7.5626326,7.3186064,7.2017355,7.55
2021-11-07 02:29:59.999997,2021-11-07 06:10:00.000004,22,7.256754,7.326325,7.2017355,7.2
2021-11-07 02:29:59.999997,2021-11-07 06:19:59.999999,23,6.763427,7.3330035,7.2017355,6.79
2021-11-07 02:29:59.999997,2021-11-07 06:30:00.000003,24,6.639603,7.3387585,7.2017355,6.6
2021-11-07 02:29:59.999997,2021-11-07 06:39:59.999998,25,6.639852,7.3436956,7.2017355,6.78
2021-11-07 02:29:59.999997,2021-11-07 06:50:00.000002,26,6.3006954,7.3479085,7.2017355,6.15
2021-11-07 02:29:59.999997,2021-11-07 06:59:59.999997,27,5.9716454,7.351488,7.2017355,5.99
2021-11-07 02:29:59.999997,2021-11-07 07:10:00.000001,28,6.1961656,7.3545084,7.2017355,6.22
2021-11-07 02:29:59.999997,2021-11-07 07:19:59.999996,29,6.7881417,7.3570437,7.2017355,6.93
2021-11-07 02:29:59.999997,2021-11-07 07:30:00.000000,30,7.2828884,7.3591576,7.2017355,6.99
2021-11-07 02:29:59.999997,2021-11-07 07:40:00.000004,31,7.551162,7.3609023,7.2017355,7.82
2021-11-07 02:29:59.999997,2021-11-07 07:49:59.999999,32,7.642614,7.3623333,7.2017355,7.43
2021-11-07 02:29:59.999997,2021-11-07 08:00:00.000003,33,7.6719646,7.363495,7.2017355,7.9
2021-11-07 02:29:59.999997,2021-11-07 08:09:59.999998,34,7.77976,7.3644304,7.2017355,7.58
2021-11-07 02:29:59.999997,2021-11-07 08:20:00.000002,35,7.816994,7.36517,7.2017355,7.88
2021-11-07 02:29:59.999997,2021-11-07 08:29:59.999997,36,7.566297,7.3657484,7.2017355,7.66
2021-11-07 02:40:00.000001,2021-11-07 02:49:59.999996,1,7.6012216,7.482066,7.3908644,7.64
2021-11-07 02:40:00.000001,2021-11-07 03:00:00.000000,2,7.6814046,7.3869343,7.3908644,7.38
2021-11-07 02:40:00.000001,2021-11-07 03:10:00.000004,3,7.534783,7.306022,7.3908644,7.79
2021-11-07 02:40:00.000001,2021-11-07 03:19:59.999999,4,7.347056,7.237091,7.3908644,7.48
2021-11-07 02:40:00.000001,2021-11-07 03:30:00.000003,5,7.351414,7.1913013,7.3908644,7.12
2021-11-07 02:40:00.000001,2021-11-07 03:39:59.999998,6,7.368232,7.1683407,7.3908644,7.15
2021-11-07 02:40:00.000001,2021-11-07 03:50:00.000002,7,7.1039915,7.163943,7.3908644,7.5
2021-11-07 02:40:00.000001,2021-11-07 03:59:59.999997,8,6.7697396,7.173036,7.3908644,6.9
2021-11-07 02:40:00.000001,2021-11-07 04:10:00.000001,9,6.751392,7.191029,7.3908644,6.3
2021-11-07 02:40:00.000001,2021-11-07 04:19:59.999996,10,6.892434,7.2142315,7.3908644,6.9
2021-11-07 02:40:00.000001,2021-11-07 04:30:00.000000,11,6.8476667,7.239891,7.3908644,7.21
2021-11-07 02:40:00.000001,2021-11-07 04:40:00.000004,12,6.833646,7.266075,7.3908644,6.74
2021-11-07 02:40:00.000001,2021-11-07 04:49:59.999999,13,7.138404,7.2915106,7.3908644,7.01
2021-11-07 02:40:00.000001,2021-11-07 05:00:00.000003,14,7.3258567,7.315418,7.3908644,7.17
2021-11-07 02:40:00.000001,2021-11-07 05:09:59.999998,15,6.9374766,7.3373795,7.3908644,7.33
2021-11-07 02:40:00.000001,2021-11-07 05:20:00.000002,16,6.3897557,7.357217,7.3908644,6.18
2021-11-07 02:40:00.000001,2021-11-07 05:29:59.999997,17,6.3090577,7.3749137,7.3908644,6.31
2021-11-07 02:40:00.000001,2021-11-07 05:40:00.000001,18,6.7230263,7.3905544,7.3908644,6.68
2021-11-07 02:40:00.000001,2021-11-07 05:49:59.999996,19,7.29043,7.4042745,7.3908644,7.39
2021-11-07 02:40:00.000001,2021-11-07 06:00:00.000000,20,7.5626326,7.416236,7.3908644,7.55
2021-11-07 02:40:00.000001,2021-11-07 06:10:00.000004,21,7.256754,7.4266086,7.3908644,7.2
2021-11-07 02:40:00.000001,2021-11-07 06:19:59.999999,22,6.763427,7.435565,7.3908644,6.79
2021-11-07 02:40:00.000001,2021-11-07 06:30:00.000003,23,6.639603,7.443261,7.3908644,6.6
2021-11-07 02:40:00.000001,2021-11-07 06:39:59.999998,24,6.639852,7.449846,7.3908644,6.78
2021-11-07 02:40:00.000001,2021-11-07 06:50:00.000002,25,6.3006954,7.455451,7.3908644,6.15
2021-11-07 02:40:00.000001,2021-11-07 06:59:59.999997,26,5.9716454,7.4602003,7.3908644,5.99
2021-11-07 02:40:00.000001,2021-11-07 07:10:00.000001,27,6.1961656,7.464201,7.3908644,6.22
2021-11-07 02:40:00.000001,2021-11-07 07:19:59.999996,28,6.7881417,7.467553,7.3908644,6.93
2021-11-07 02:40:00.000001,2021-11-07 07:30:00.000000,29,7.2828884,7.4703426,7.3908644,6.99
2021-11-07 02:40:00.000001,2021-11-07 07:40:00.000004,30,7.551162,7.4726443,7.3908644,7.82
2021-11-07 02:40:00.000001,2021-11-07 07:49:59.999999,31,7.642614,7.4745317,7.3908644,7.43
2021-11-07 02:40:00.000001,2021-11-07 08:00:00.000003,32,7.6719646,7.4760633,7.3908644,7.9
2021-11-07 02:40:00.000001,2021-11-07 08:09:59.999998,33,7.77976,7.4772925,7.3908644,7.58
2021-11-07 02:40:00.000001,2021-11-07 08:20:00.000002,34,7.816994,7.4782696,7.3908644,7.88
2021-11-07 02:40:00.000001,2021-11-07 08:29:59.999997,35,7.566297,7.479033,7.3908644,7.66
2021-11-07 02:40:00.000001,2021-11-07 08:40:00.000001,36,7.379915,7.4796185,7.3908644,7.2
2021-11-07 02:49:59.999996,2021-11-07 03:00:00.000000,1,7.6814046,7.466167,7.6012216,7.38
2021-11-07 02:49:59.999996,2021-11-07 03:10:00.000004,2,7.534783,7.4013524,7.6012216,7.79
2021-11-07 02:49:59.999996,2021-11-07 03:19:59.999999,3,7.347056,7.3436203,7.6012216,7.48
2021-11-07 02:49:59.999996,2021-11-07 03:30:00.000003,4,7.351414,7.2925434,7.6012216,7.12
2021-11-07 02:49:59.999996,2021-11-07 03:39:59.999998,5,7.368232,7.2605767,7.6012216,7.15
2021-11-07 02:49:59.999996,2021-11-07 03:50:00.000002,6,7.1039915,7.248478,7.6012216,7.5
2021-11-07 02:49:59.999996,2021-11-07 03:59:59.999997,7,6.7697396,7.252757,7.6012216,6.9
2021-11-07 02:49:59.999996,2021-11-07 04:10:00.000001,8,6.751392,7.268888,7.6012216,6.3
2021-11-07 02:49:59.999996,2021-11-07 04:19:59.999996,9,6.892434,7.2926593,7.6012216,6.9
2021-11-07 02:49:59.999996,2021-11-07 04:30:00.000000,10,6.8476667,7.3206487,7.6012216,7.21
2021-11-07 02:49:59.999996,2021-11-07 04:40:00.000004,11,6.833646,7.350302,7.6012216,6.74
2021-11-07 02:49:59.999996,2021-11-07 04:49:59.999999,12,7.138404,7.3798265,7.6012216,7.01
2021-11-07 02:49:59.999996,2021-11-07 05:00:00.000003,13,7.3258567,7.4080625,7.6012216,7.17
2021-11-07 02:49:59.999996,2021-11-07 05:09:59.999998,14,6.9374766,7.4343166,7.6012216,7.33
2021-11-07 02:49:59.999996,2021-11-07 05:20:00.000002,15,6.3897557,7.4582396,7.6012216,6.18
2021-11-07 02:49:59.999996,2021-11-07 05:29:59.999997,16,6.3090577,7.479712,7.6012216,6.31
2021-11-07 02:49:59.999996,2021-11-07 05:40:00.000001,17,6.7230263,7.4987693,7.6012216,6.68
2021-11-07 02:49:59.999996,2021-11-07 05:49:59.999996,18,7.29043,7.515531,7.6012216,7.39
2021-11-07 02:49:59.999996,2021-11-07 06:00:00.000000,19,7.5626326,7.5301723,7.6012216,7.55
2021-11-07 02:49:59.999996,2021-11-07 06:10:00.000004,20,7.256754,7.542884,7.6012216,7.2
2021-11-07 02:49:59.999996,2021-11-07 06:19:59.999999,21,6.763427,7.553864,7.6012216,6.79
2021-11-07 02:49:59.999996,2021-11-07 06:30:00.000003,22,6.639603,7.563306,7.6012216,6.6
2021-11-07 02:49:59.999996,2021-11-07 06:39:59.999998,23,6.639852,7.5713873,7.6012216,6.78
2021-11-07 02:49:59.999996,2021-11-07 06:50:00.000002,24,6.3006954,7.578273,7.6012216,6.15
2021-11-07 02:49:59.999996,2021-11-07 06:59:59.999997,25,5.9716454,7.5841103,7.6012216,5.99
2021-11-07 02:49:59.999996,2021-11-07 07:10:00.000001,26,6.1961656,7.589035,7.6012216,6.22
2021-11-07 02:49:59.999996,2021-11-07 07:19:59.999996,27,6.7881417,7.593166,7.6012216,6.93
2021-11-07 02:49:59.999996,2021-11-07 07:30:00.000000,28,7.2828884,7.596611,7.6012216,6.99
2021-11-07 02:49:59.999996,2021-11-07 07:40:00.000004,29,7.551162,7.5994644,7.6012216,7.82
2021-11-07 02:49:59.999996,2021-11-07 07:49:59.999999,30,7.642614,7.601808,7.6012216,7.43
2021-11-07 02:49:59.999996,2021-11-07 08:00:00.000003,31,7.6719646,7.6037173,7.6012216,7.9
2021-11-07 02:49:59.999996,2021-11-07 08:09:59.999998,32,7.77976,7.60526,7.6012216,7.58
2021-11-07 02:49:59.999996,2021-11-07 08:20:00.000002,33,7.816994,7.606488,7.6012216,7.88
2021-11-07 02:49:59.999996,2021-11-07 08:29:59.999997,34,7.566297,7.6074567,7.6012216,7.66
2021-11-07 02:49:59.999996,2021-11-07 08:40:00.000001,35,7.379915,7.608207,7.6012216,7.2
2021-11-07 02:49:59.999996,2021-11-07 08:49:59.999996,36,7.7046714,7.6087775,7.6012216,7.84
2021-11-07 03:00:00.000000,2021-11-07 03:10:00.000004,1,7.534783,7.467407,7.6814046,7.79
2021-11-07 03:00:00.000000,2021-11-07 03:19:59.999999,2,7.347056,7.417903,7.6814046,7.48
2021-11-07 03:00:00.000000,2021-11-07 03:30:00.000003,3,7.351414,7.3719463,7.6814046,7.12
2021-11-07 03:00:00.000000,2021-11-07 03:39:59.999998,4,7.368232,7.328978,7.6814046,7.15
2021-11-07 03:00:00.000000,2021-11-07 03:50:00.000002,5,7.1039915,7.3024406,7.6814046,7.5
2021-11-07 03:00:00.000000,2021-11-07 03:59:59.999997,6,6.7697396,7.293965,7.6814046,6.9
2021-11-07 03:00:00.000000,2021-11-07 04:10:00.000001,7,6.751392,7.3007092,7.6814046,6.3
2021-11-07 03:00:00.000000,2021-11-07 04:19:59.999996,8,6.892434,7.318579,7.6814046,6.9
2021-11-07 03:00:00.000000,2021-11-07 04:30:00.000000,9,6.8476667,7.3436456,7.6814046,7.21
2021-11-07 03:00:00.000000,2021-11-07 04:40:00.000004,10,6.833646,7.3726554,7.6814046,6.74
2021-11-07 03:00:00.000000,2021-11-07 04:49:59.999999,11,7.138404,7.403151,7.6814046,7.01
2021-11-07 03:00:00.000000,2021-11-07 05:00:00.000003,12,7.3258567,7.433401,7.6814046,7.17
2021-11-07 03:00:00.000000,2021-11-07 05:09:59.999998,13,6.9374766,7.462271,7.6814046,7.33
2021-11-07 03:00:00.000000,2021-11-07 05:20:00.000002,14,6.3897557,7.489086,7.6814046,6.18
2021-11-07 03:00:00.000000,2021-11-07 05:29:59.999997,15,6.3090577,7.5135045,7.6814046,6.31
2021-11-07 03:00:00.000000,2021-11-07 05:40:00.000001,16,6.7230263,7.5354095,7.6814046,6.68
2021-11-07 03:00:00.000000,2021-11-07 05:49:59.999996,17,7.29043,7.554838,7.6814046,7.39
2021-11-07 03:00:00.000000,2021-11-07 06:00:00.000000,18,7.5626326,7.571917,7.6814046,7.55
2021-11-07 03:00:00.000000,2021-11-07 06:10:00.000004,19,7.256754,7.5868206,7.6814046,7.2
2021-11-07 03:00:00.000000,2021-11-07 06:19:59.999999,20,6.763427,7.599748,7.6814046,6.79
2021-11-07 03:00:00.000000,2021-11-07 06:30:00.000003,21,6.639603,7.610901,7.6814046,6.6
2021-11-07 03:00:00.000000,2021-11-07 06:39:59.999998,22,6.639852,7.6204762,7.6814046,6.78
2021-11-07 03:00:00.000000,2021-11-07 06:50:00.000002,23,6.3006954,7.6286573,7.6814046,6.15
2021-11-07 03:00:00.000000,2021-11-07 06:59:59.999997,24,5.9716454,7.6356163,7.6814046,5.99
2021-11-07 03:00:00.000000,2021-11-07 07:10:00.000001,25,6.1961656,7.6415033,7.6814046,6.22
2021-11-07 03:00:00.000000,2021-11-07 07:19:59.999996,26,6.7881417,7.6464596,7.6814046,6.93
2021-11-07 03:00:00.000000,2021-11-07 07:30:00.000000,27,7.2828884,7.650608,7.6814046,6.99
2021-11-07 03:00:00.000000,2021-11-07 07:40:00.000004,28,7.551162,7.654058,7.6814046,7.82
2021-11-07 03:00:00.000000,2021-11-07 07:49:59.999999,29,7.642614,7.656906,7.6814046,7.43
2021-11-07 03:00:00.000000,2021-11-07 08:00:00.000003,30,7.6719646,7.6592417,7.6814046,7.9
2021-11-07 03:00:00.000000,2021-11-07 08:09:59.999998,31,7.77976,7.6611376,7.6814046,7.58
2021-11-07 03:00:00.000000,2021-11-07 08:20:00.000002,32,7.816994,7.662664,7.6814046,7.88
2021-11-07 03:00:00.000000,2021-11-07 08:29:59.999997,33,7.566297,7.663875,7.6814046,7.66
2021-11-07 03:00:00.000000,2021-11-07 08:40:00.000001,34,7.379915,7.664827,7.6814046,7.2
2021-11-07 03:00:00.000000,2021-11-07 08:49:59.999996,35,7.7046714,7.6655607,7.6814046,7.84
2021-11-07 03:00:00.000000,2021-11-07 09:00:00.000000,36,8.106811,7.6661143,7.6814046,8.1
2021-11-07 03:10:00.000004,2021-11-07 03:19:59.999999,1,7.347056,7.4708157,7.534783,7.48
2021-11-07 03:10:00.000004,2021-11-07 03:30:00.000003,2,7.351414,7.4238806,7.534783,7.12
2021-11-07 03:10:00.000004,2021-11-07 03:39:59.999998,3,7.368232,7.3742023,7.534783,7.15
2021-11-07 03:10:00.000004,2021-11-07 03:50:00.000002,4,7.1039915,7.324141,7.534783,7.5
2021-11-07 03:10:00.000004,2021-11-07 03:59:59.999997,5,6.7697396,7.288897,7.534783,6.9
2021-11-07 03:10:00.000004,2021-11-07 04:10:00.000001,6,6.751392,7.2713194,7.534783,6.3
2021-11-07 03:10:00.000004,2021-11-07 04:19:59.999996,7,6.892434,7.2693033,7.534783,6.9
2021-11-07 03:10:00.000004,2021-11-07 04:30:00.000000,8,6.8476667,7.2791777,7.534783,7.21
2021-11-07 03:10:00.000004,2021-11-07 04:40:00.000004,9,6.833646,7.2972045,7.534783,6.74
2021-11-07 03:10:00.000004,2021-11-07 04:49:59.999999,10,7.138404,7.320196,7.534783,7.01
2021-11-07 03:10:00.000004,2021-11-07 05:00:00.000003,11,7.3258567,7.345668,7.534783,7.17
2021-11-07 03:10:00.000004,2021-11-07 05:09:59.999998,12,6.9374766,7.3718133,7.534783,7.33
2021-11-07 03:10:00.000004,2021-11-07 05:20:00.000002,13,6.3897557,7.397399,7.534783,6.18
2021-11-07 03:10:00.000004,2021-11-07 05:29:59.999997,14,6.3090577,7.4216404,7.534783,6.31
2021-11-07 03:10:00.000004,2021-11-07 05:40:00.000001,15,6.7230263,7.4440885,7.534783,6.68
2021-11-07 03:10:00.000004,2021-11-07 05:49:59.999996,16,7.29043,7.464525,7.534783,7.39
2021-11-07 03:10:00.000004,2021-11-07 06:00:00.000000,17,7.5626326,7.4828935,7.534783,7.55
2021-11-07 03:10:00.000004,2021-11-07 06:10:00.000004,18,7.256754,7.499238,7.534783,7.2
2021-11-07 03:10:00.000004,2021-11-07 06:19:59.999999,19,6.763427,7.513665,7.534783,6.79
2021-11-07 03:10:00.000004,2021-11-07 06:30:00.000003,20,6.639603,7.5263143,7.534783,6.6
2021-11-07 03:10:00.000004,2021-11-07 06:39:59.999998,21,6.639852,7.53734,7.534783,6.78
2021-11-07 03:10:00.000004,2021-11-07 06:50:00.000002,22,6.3006954,7.5468984,7.534783,6.15
2021-11-07 03:10:00.000004,2021-11-07 06:59:59.999997,23,5.9716454,7.5551434,7.534783,5.99
2021-11-07 03:10:00.000004,2021-11-07 07:10:00.000001,24,6.1961656,7.5622177,7.534783,6.22
2021-11-07 03:10:00.000004,2021-11-07 07:19:59.999996,25,6.7881417,7.568257,7.534783,6.93
2021-11-07 03:10:00.000004,2021-11-07 07:30:00.000000,26,7.2828884,7.5733833,7.534783,6.99
2021-11-07 03:10:00.000004,2021-11-07 07:40:00.000004,27,7.551162,7.5777097,7.534783,7.82
2021-11-07 03:10:00.000004,2021-11-07 07:49:59.999999,28,7.642614,7.5813394,7.534783,7.43
2021-11-07 03:10:00.000004,2021-11-07 08:00:00.000003,29,7.6719646,7.5843625,7.534783,7.9
2021-11-07 03:10:00.000004,2021-11-07 08:09:59.999998,30,7.77976,7.586862,7.534783,7.58
2021-11-07 03:10:00.000004,2021-11-07 08:20:00.000002,31,7.816994,7.588911,7.534783,7.88
2021-11-07 03:10:00.000004,2021-11-07 08:29:59.999997,32,7.566297,7.590577,7.534783,7.66
2021-11-07 03:10:00.000004,2021-11-07 08:40:00.000001,33,7.379915,7.591917,7.534783,7.2
2021-11-07 03:10:00.000004,2021-11-07 08:49:59.999996,34,7.7046714,7.592982,7.534783,7.84
2021-11-07 03:10:00.000004,2021-11-07 09:00:00.000000,35,8.106811,7.593816,7.534783,8.1
2021-11-07 03:10:00.000004,2021-11-07 09:10:00.000004,36,7.9484463,7.5944586,7.534783,7.98
2021-11-07 03:19:59.999999,2021-11-07 03:30:00.000003,1,7.351414,7.492764,7.347056,7.12
2021-11-07 03:19:59.999999,2021-11-07 03:39:59.999998,2,7.368232,7.434638,7.347056,7.15
2021-11-07 03:19:59.999999,2021-11-07 03:50:00.000002,3,7.1039915,7.373952,7.347056,7.5
2021-11-07 03:19:59.999999,2021-11-07 03:59:59.999997,4,6.7697396,7.312925,7.347056,6.9
2021-11-07 03:19:59.999999,2021-11-07 04:10:00.000001,5,6.751392,7.267172,7.347056,6.3
2021-11-07 03:19:59.999999,2021-11-07 04:19:59.999996,6,6.892434,7.239792,7.347056,6.9
2021-11-07 03:19:59.999999,2021-11-07 04:30:00.000000,7,6.8476667,7.2288275,7.347056,7.21
2021-11-07 03:19:59.999999,2021-11-07 04:40:00.000004,8,6.833646,7.230651,7.347056,6.74
2021-11-07 03:19:59.999999,2021-11-07 04:49:59.999999,9,7.138404,7.241525,7.347056,7.01
2021-11-07 03:19:59.999999,2021-11-07 05:00:00.000003,10,7.3258567,7.2582164,7.347056,7.17
2021-11-07 03:19:59.999999,2021-11-07 05:09:59.999998,11,6.9374766,7.2781816,7.347056,7.33
2021-11-07 03:19:59.999999,2021-11-07 05:20:00.000002,12,6.3897557,7.2995467,7.347056,6.18
2021-11-07 03:19:59.999999,2021-11-07 05:29:59.999997,13,6.3090577,7.3210135,7.347056,6.31
2021-11-07 03:19:59.999999,2021-11-07 05:40:00.000001,14,6.7230263,7.341723,7.347056,6.68
2021-11-07 03:19:59.999999,2021-11-07 05:49:59.999996,15,7.29043,7.3611608,7.347056,7.39
2021-11-07 03:19:59.999999,2021-11-07 06:00:00.000000,16,7.5626326,7.3790474,7.347056,7.55
2021-11-07 03:19:59.999999,2021-11-07 06:10:00.000004,17,7.256754,7.395271,7.347056,7.2
2021-11-07 03:19:59.999999,2021-11-07 06:19:59.999999,18,6.763427,7.4098215,7.347056,6.79
2021-11-07 03:19:59.999999,2021-11-07 06:30:00.000003,19,6.639603,7.4227595,7.347056,6.6
2021-11-07 03:19:59.999999,2021-11-07 06:39:59.999998,20,6.639852,7.4341817,7.347056,6.78
2021-11-07 03:19:59.999999,2021-11-07 06:50:00.000002,21,6.3006954,7.4442043,7.347056,6.15
2021-11-07 03:19:59.999999,2021-11-07 06:59:59.999997,22,5.9716454,7.4529486,7.347056,5.99
2021-11-07 03:19:59.999999,2021-11-07 07:10:00.000001,23,6.1961656,7.46054,7.347056,6.22
2021-11-07 03:19:59.999999,2021-11-07 07:19:59.999996,24,6.7881417,7.467095,7.347056,6.93
2021-11-07 03:19:59.999999,2021-11-07 07:30:00.000000,25,7.2828884,7.472727,7.347056,6.99
2021-11-07 03:19:59.999999,2021-11-07 07:40:00.000004,26,7.551162,7.4775376,7.347056,7.82
2021-11-07 03:19:59.999999,2021-11-07 07:49:59.999999,27,7.642614,7.481626,7.347056,7.43
2021-11-07 03:19:59.999999,2021-11-07 08:00:00.000003,28,7.6719646,7.4850755,7.347056,7.9
2021-11-07 03:19:59.999999,2021-11-07 08:09:59.999998,29,7.77976,7.48797,7.347056,7.58
2021-11-07 03:19:59.999999,2021-11-07 08:20:00.000002,30,7.816994,7.4903803,7.347056,7.88
2021-11-07 03:19:59.999999,2021-11-07 08:29:59.999997,31,7.566297,7.492372,7.347056,7.66
2021-11-07 03:19:59.999999,2021-11-07 08:40:00.000001,32,7.379915,7.4940023,7.347056,7.2
2021-11-07 03:19:59.999999,2021-11-07 08:49:59.999996,33,7.7046714,7.495325,7.347056,7.84
2021-11-07 03:19:59.999999,2021-11-07 09:00:00.000000,34,8.106811,7.4963856,7.347056,8.1
2021-11-07 03:19:59.999999,2021-11-07 09:10:00.000004,35,7.9484463,7.497226,7.347056,7.98
2021-11-07 03:19:59.999999,2021-11-07 09:19:59.999999,36,7.640421,7.4978833,7.347056,7.38
2021-11-07 03:30:00.000003,2021-11-07 03:39:59.999998,1,7.368232,7.475826,7.351414,7.15
2021-11-07 03:30:00.000003,2021-11-07 03:50:00.000002,2,7.1039915,7.4191794,7.351414,7.5
2021-11-07 03:30:00.000003,2021-11-07 03:59:59.999997,3,6.7697396,7.360311,7.351414,6.9
2021-11-07 03:30:00.000003,2021-11-07 04:10:00.000001,4,6.751392,7.301163,7.351414,6.3
2021-11-07 03:30:00.000003,2021-11-07 04:19:59.999996,5,6.892434,7.257424,7.351414,6.9
2021-11-07 03:30:00.000003,2021-11-07 04:30:00.000000,6,6.8476667,7.2321854,7.351414,7.21
2021-11-07 03:30:00.000003,2021-11-07 04:40:00.000004,7,6.833646,7.223425,7.351414,6.74
2021-11-07 03:30:00.000003,2021-11-07 04:49:59.999999,8,7.138404,7.22743,7.351414,7.01
2021-11-07 03:30:00.000003,2021-11-07 05:00:00.000003,9,7.3258567,7.240379,7.351414,7.17
2021-11-07 03:30:00.000003,2021-11-07 05:09:59.999998,10,6.9374766,7.2589793,7.351414,7.33
2021-11-07 03:30:00.000003,2021-11-07 05:20:00.000002,11,6.3897557,7.2806478,7.351414,6.18
2021-11-07 03:30:00.000003,2021-11-07 05:29:59.999997,12,6.3090577,7.3034945,7.351414,6.31
2021-11-07 03:30:00.000003,2021-11-07 05:40:00.000001,13,6.7230263,7.3262134,7.351414,6.68
2021-11-07 03:30:00.000003,2021-11-07 05:49:59.999996,14,7.29043,7.3479614,7.351414,7.39
2021-11-07 03:30:00.000003,2021-11-07 06:00:00.000000,15,7.5626326,7.36824,7.351414,7.55
2021-11-07 03:30:00.000003,2021-11-07 06:10:00.000004,16,7.256754,7.3867903,7.351414,7.2
2021-11-07 03:30:00.000003,2021-11-07 06:19:59.999999,17,6.763427,7.4035254,7.351414,6.79
2021-11-07 03:30:00.000003,2021-11-07 06:30:00.000003,18,6.639603,7.418458,7.351414,6.6
2021-11-07 03:30:00.000003,2021-11-07 06:39:59.999998,19,6.639852,7.4316716,7.351414,6.78
2021-11-07 03:30:00.000003,2021-11-07 06:50:00.000002,20,6.3006954,7.4432817,7.351414,6.15
2021-11-07 03:30:00.000003,2021-11-07 06:59:59.999997,21,5.9716454,7.4534216,7.351414,5.99
2021-11-07 03:30:00.000003,2021-11-07 07:10:00.000001,22,6.1961656,7.4622293,7.351414,6.22
2021-11-07 03:30:00.000003,2021-11-07 07:19:59.999996,23,6.7881417,7.4698415,7.351414,6.93
2021-11-07 03:30:00.000003,2021-11-07 07:30:00.000000,24,7.2828884,7.4763875,7.351414,6.99
2021-11-07 03:30:00.000003,2021-11-07 07:40:00.000004,25,7.551162,7.481988,7.351414,7.82
2021-11-07 03:30:00.000003,2021-11-07 07:49:59.999999,26,7.642614,7.486754,7.351414,7.43
2021-11-07 03:30:00.000003,2021-11-07 08:00:00.000003,27,7.6719646,7.490785,7.351414,7.9
2021-11-07 03:30:00.000003,2021-11-07 08:09:59.999998,28,7.77976,7.4941735,7.351414,7.58
2021-11-07 03:30:00.000003,2021-11-07 08:20:00.000002,29,7.816994,7.497004,7.351414,7.88
2021-11-07 03:30:00.000003,2021-11-07 08:29:59.999997,30,7.566297,7.499352,7.351414,7.66
2021-11-07 03:30:00.000003,2021-11-07 08:40:00.000001,31,7.379915,7.501281,7.351414,7.2
2021-11-07 03:30:00.000003,2021-11-07 08:49:59.999996,32,7.7046714,7.5028534,7.351414,7.84
2021-11-07 03:30:00.000003,2021-11-07 09:00:00.000000,33,8.106811,7.5041223,7.351414,8.1
2021-11-07 03:30:00.000003,2021-11-07 09:10:00.000004,34,7.9484463,7.5051336,7.351414,7.98
2021-11-07 03:30:00.000003,2021-11-07 09:19:59.999999,35,7.640421,7.50593,7.351414,7.38
2021-11-07 03:30:00.000003,2021-11-07 09:30:00.000003,36,7.8601093,7.5065465,7.351414,8.17
2021-11-07 03:39:59.999998,2021-11-07 03:50:00.000002,1,7.1039915,7.492138,7.368232,7.5
2021-11-07 03:39:59.999998,2021-11-07 03:59:59.999997,2,6.7697396,7.4262166,7.368232,6.9
2021-11-07 03:39:59.999998,2021-11-07 04:10:00.000001,3,6.751392,7.361096,7.368232,6.3
2021-11-07 03:39:59.999998,2021-11-07 04:19:59.999996,4,6.892434,7.2990212,7.368232,6.9
2021-11-07 03:39:59.999998,2021-11-07 04:30:00.000000,5,6.8476667,7.254758,7.368232,7.21
2021-11-07 03:39:59.999998,2021-11-07 04:40:00.000004,6,6.833646,7.230556,7.368232,6.74
2021-11-07 03:39:59.999998,2021-11-07 04:49:59.999999,7,7.138404,7.223733,7.368232,7.01
2021-11-07 03:39:59.999998,2021-11-07 05:00:00.000003,8,7.3258567,7.2301087,7.368232,7.17
2021-11-07 03:39:59.999998,2021-11-07 05:09:59.999998,9,6.9374766,7.2455487,7.368232,7.33
2021-11-07 03:39:59.999998,2021-11-07 05:20:00.000002,10,6.3897557,7.266564,7.368232,6.18
2021-11-07 03:39:59.999998,2021-11-07 05:29:59.999997,11,6.3090577,7.2904572,7.368232,6.31
2021-11-07 03:39:59.999998,2021-11-07 05:40:00.000001,12,6.7230263,7.3152804,7.368232,6.68
2021-11-07 03:39:59.999998,2021-11-07 05:49:59.999996,13,7.29043,7.3397036,7.368232,7.39
2021-11-07 03:39:59.999998,2021-11-07 06:00:00.000000,14,7.5626326,7.3628917,7.368232,7.55
2021-11-07 03:39:59.999998,2021-11-07 06:10:00.000004,15,7.256754,7.3843575,7.368232,7.2
2021-11-07 03:39:59.999998,2021-11-07 06:19:59.999999,16,6.763427,7.403874,7.368232,6.79
2021-11-07 03:39:59.999998,2021-11-07 06:30:00.000003,17,6.639603,7.421376,7.368232,6.6
2021-11-07 03:39:59.999998,2021-11-07 06:39:59.999998,18,6.639852,7.43691,7.368232,6.78
2021-11-07 03:39:59.999998,2021-11-07 06:50:00.000002,19,6.3006954,7.4505806,7.368232,6.15
2021-11-07 03:39:59.999998,2021-11-07 06:59:59.999997,20,5.9716454,7.462532,7.368232,5.99
2021-11-07 03:39:59.999998,2021-11-07 07:10:00.000001,21,6.1961656,7.4729223,7.368232,6.22
2021-11-07 03:39:59.999998,2021-11-07 07:19:59.999996,22,6.7881417,7.4819045,7.368232,6.93
2021-11-07 03:39:59.999998,2021-11-07 07:30:00.000000,23,7.2828884,7.4896326,7.368232,6.99
2021-11-07 03:39:59.999998,2021-11-07 07:40:00.000004,24,7.551162,7.49625,7.368232,7.82
2021-11-07 03:39:59.999998,2021-11-07 07:49:59.999999,25,7.642614,7.501887,7.368232,7.43
2021-11-07 03:39:59.999998,2021-11-07 08:00:00.000003,26,7.6719646,7.5066643,7.368232,7.9
2021-11-07 03:39:59.999998,2021-11-07 08:09:59.999998,27,7.77976,7.5106897,7.368232,7.58
2021-11-07 03:39:59.999998,2021-11-07 08:20:00.000002,28,7.816994,7.514061,7.368232,7.88
2021-11-07 03:39:59.999998,2021-11-07 08:29:59.999997,29,7.566297,7.5168667,7.368232,7.66
2021-11-07 03:39:59.999998,2021-11-07 08:40:00.000001,30,7.379915,7.519183,7.368232,7.2
2021-11-07 03:39:59.999998,2021-11-07 08:49:59.999996,31,7.7046714,7.521081,7.368232,7.84
2021-11-07 03:39:59.999998,2021-11-07 09:00:00.000000,32,8.106811,7.522622,7.368232,8.1
2021-11-07 03:39:59.999998,2021-11-07 09:10:00.000004,33,7.9484463,7.52386,7.368232,7.98
2021-11-07 03:39:59.999998,2021-11-07 09:19:59.999999,34,7.640421,7.5248384,7.368232,7.38
2021-11-07 03:39:59.999998,2021-11-07 09:30:00.000003,35,7.8601093,7.525607,7.368232,8.17
2021-11-07 03:39:59.999998,2021-11-07 09:39:59.999998,36,8.180462,7.5261984,7.368232,8.19
2021-11-07 03:50:00.000002,2021-11-07 03:59:59.999997,1,6.7697396,7.509059,7.1039915,6.9
2021-11-07 03:50:00.000002,2021-11-07 04:10:00.000001,2,6.751392,7.431656,7.1039915,6.3
2021-11-07 03:50:00.000002,2021-11-07 04:19:59.999996,3,6.892434,7.3533945,7.1039915,6.9
2021-11-07 03:50:00.000002,2021-11-07 04:30:00.000000,4,6.8476667,7.277376,7.1039915,7.21
2021-11-07 03:50:00.000002,2021-11-07 04:40:00.000004,5,6.833646,7.2191715,7.1039915,6.74
2021-11-07 03:50:00.000002,2021-11-07 04:49:59.999999,6,7.138404,7.1815767,7.1039915,7.01
2021-11-07 03:50:00.000002,2021-11-07 05:00:00.000003,7,7.3258567,7.162256,7.1039915,7.17
2021-11-07 03:50:00.000002,2021-11-07 05:09:59.999998,8,6.9374766,7.15722,7.1039915,7.33
2021-11-07 03:50:00.000002,2021-11-07 05:20:00.000002,9,6.3897557,7.1624184,7.1039915,6.18
2021-11-07 03:50:00.000002,2021-11-07 05:29:59.999997,10,6.3090577,7.1743727,7.1039915,6.31
2021-11-07 03:50:00.000002,2021-11-07 05:40:00.000001,11,6.7230263,7.190346,7.1039915,6.68
2021-11-07 03:50:00.000002,2021-11-07 05:49:59.999996,12,7.29043,7.2083178,7.1039915,7.39
2021-11-07 03:50:00.000002,2021-11-07 06:00:00.000000,13,7.5626326,7.2268767,7.1039915,7.55
2021-11-07 03:50:00.000002,2021-11-07 06:10:00.000004,14,7.256754,7.2450843,7.1039915,7.2
2021-11-07 03:50:00.000002,2021-11-07 06:19:59.999999,15,6.763427,7.262363,7.1039915,6.79
2021-11-07 03:50:00.000002,2021-11-07 06:30:00.000003,16,6.639603,7.2783823,7.1039915,6.6
2021-11-07 03:50:00.000002,2021-11-07 06:39:59.999998,17,6.639852,7.292993,7.1039915,6.78
2021-11-07 03:50:00.000002,2021-11-07 06:50:00.000002,18,6.3006954,7.3061533,7.1039915,6.15
2021-11-07 03:50:00.000002,2021-11-07 06:59:59.999997,19,5.9716454,7.3178954,7.1039915,5.99
2021-11-07 03:50:00.000002,2021-11-07 07:10:00.000001,20,6.1961656,7.328294,7.1039915,6.22
2021-11-07 03:50:00.000002,2021-11-07 07:19:59.999996,21,6.7881417,7.3374434,7.1039915,6.93
2021-11-07 03:50:00.000002,2021-11-07 07:30:00.000000,22,7.2828884,7.3454485,7.1039915,6.99
2021-11-07 03:50:00.000002,2021-11-07 07:40:00.000004,23,7.551162,7.3524175,7.1039915,7.82
2021-11-07 03:50:00.000002,2021-11-07 07:49:59.999999,24,7.642614,7.358451,7.1039915,7.43
2021-11-07 03:50:00.000002,2021-11-07 08:00:00.000003,25,7.6719646,7.3636494,7.1039915,7.9
2021-11-07 03:50:00.000002,2021-11-07 08:09:59.999998,26,7.77976,7.368102,7.1039915,7.58
2021-11-07 03:50:00.000002,2021-11-07 08:20:00.000002,27,7.816994,7.3718963,7.1039915,7.88
2021-11-07 03:50:00.000002,2021-11-07 08:29:59.999997,28,7.566297,7.375109,7.1039915,7.66
2021-11-07 03:50:00.000002,2021-11-07 08:40:00.000001,29,7.379915,7.3778133,7.1039915,7.2
2021-11-07 03:50:00.000002,2021-11-07 08:49:59.999996,30,7.7046714,7.38007,7.1039915,7.84
2021-11-07 03:50:00.000002,2021-11-07 09:00:00.000000,31,8.106811,7.3819404,7.1039915,8.1
2021-11-07 03:50:00.000002,2021-11-07 09:10:00.000004,32,7.9484463,7.3834786,7.1039915,7.98
2021-11-07 03:50:00.000002,2021-11-07 09:19:59.999999,33,7.640421,7.3847294,7.1039915,7.38
2021-11-07 03:50:00.000002,2021-11-07 09:30:00.000003,34,7.8601093,7.385737,7.1039915,8.17
2021-11-07 03:50:00.000002,2021-11-07 09:39:59.999998,35,8.180462,7.386538,7.1039915,8.19
2021-11-07 03:50:00.000002,2021-11-07 09:50:00.000002,36,7.900117,7.3871665,7.1039915,7.61
2021-11-07 03:59:59.999997,2021-11-07 04:10:00.000001,1,6.751392,7.5118165,6.7697396,6.3
2021-11-07 03:59:59.999997,2021-11-07 04:19:59.999996,2,6.892434,7.403471,6.7697396,6.9
2021-11-07 03:59:59.999997,2021-11-07 04:30:00.000000,3,6.8476667,7.298667,6.7697396,7.21
2021-11-07 03:59:59.999997,2021-11-07 04:40:00.000004,4,6.833646,7.1999035,6.7697396,6.74
2021-11-07 03:59:59.999997,2021-11-07 04:49:59.999999,5,7.138404,7.122592,6.7697396,7.01
2021-11-07 03:59:59.999997,2021-11-07 05:00:00.000003,6,7.3258567,7.069138,6.7697396,7.17
2021-11-07 03:59:59.999997,2021-11-07 05:09:59.999998,7,6.9374766,7.0367618,6.7697396,7.33
2021-11-07 03:59:59.999997,2021-11-07 05:20:00.000002,8,6.3897557,7.021046,6.7697396,6.18
2021-11-07 03:59:59.999997,2021-11-07 05:29:59.999997,9,6.3090577,7.017556,6.7697396,6.31
2021-11-07 03:59:59.999997,2021-11-07 05:40:00.000001,10,6.7230263,7.0224757,6.7697396,6.68
2021-11-07 03:59:59.999997,2021-11-07 05:49:59.999996,11,7.29043,7.032786,6.7697396,7.39
2021-11-07 03:59:59.999997,2021-11-07 06:00:00.000000,12,7.5626326,7.046226,6.7697396,7.55
2021-11-07 03:59:59.999997,2021-11-07 06:10:00.000004,13,7.256754,7.061179,6.7697396,7.2
2021-11-07 03:59:59.999997,2021-11-07 06:19:59.999999,14,6.763427,7.0765405,6.7697396,6.79
2021-11-07 03:59:59.999997,2021-11-07 06:30:00.000003,15,6.639603,7.0915885,6.7697396,6.6
2021-11-07 03:59:59.999997,2021-11-07 06:39:59.999998,16,6.639852,7.1058764,6.7697396,6.78
2021-11-07 03:59:59.999997,2021-11-07 06:50:00.000002,17,6.3006954,7.1191554,6.7697396,6.15
2021-11-07 03:59:59.999997,2021-11-07 06:59:59.999997,18,5.9716454,7.1313066,6.7697396,5.99
2021-11-07 03:59:59.999997,2021-11-07 07:10:00.000001,19,6.1961656,7.1422954,6.7697396,6.22
2021-11-07 03:59:59.999997,2021-11-07 07:19:59.999996,20,6.7881417,7.1521397,6.7697396,6.93
2021-11-07 03:59:59.999997,2021-11-07 07:30:00.000000,21,7.2828884,7.160894,6.7697396,6.99
2021-11-07 03:59:59.999997,2021-11-07 07:40:00.000004,22,7.551162,7.168625,6.7697396,7.82
2021-11-07 03:59:59.999997,2021-11-07 07:49:59.999999,23,7.642614,7.1754146,6.7697396,7.43
2021-11-07 03:59:59.999997,2021-11-07 08:00:00.000003,24,7.6719646,7.18134,6.7697396,7.9
2021-11-07 03:59:59.999997,2021-11-07 08:09:59.999998,25,7.77976,7.1864815,6.7697396,7.58
2021-11-07 03:59:59.999997,2021-11-07 08:20:00.000002,26,7.816994,7.190919,6.7697396,7.88
2021-11-07 03:59:59.999997,2021-11-07 08:29:59.999997,27,7.566297,7.194724,6.7697396,7.66
2021-11-07 03:59:59.999997,2021-11-07 08:40:00.000001,28,7.379915,7.1979675,6.7697396,7.2
2021-11-07 03:59:59.999997,2021-11-07 08:49:59.999996,29,7.7046714,7.2007113,6.7697396,7.84
2021-11-07 03:59:59.999997,2021-11-07 09:00:00.000000,30,8.106811,7.2030187,6.7697396,8.1
2021-11-07 03:59:59.999997,2021-11-07 09:10:00.000004,31,7.9484463,7.204942,6.7697396,7.98
2021-11-07 03:59:59.999997,2021-11-07 09:19:59.999999,32,7.640421,7.2065334,6.7697396,7.38
2021-11-07 03:59:59.999997,2021-11-07 09:30:00.000003,33,7.8601093,7.2078385,6.7697396,8.17
2021-11-07 03:59:59.999997,2021-11-07 09:39:59.999998,34,8.180462,7.208896,6.7697396,8.19
2021-11-07 03:59:59.999997,2021-11-07 09:50:00.000002,35,7.900117,7.2097454,6.7697396,7.61
2021-11-07 03:59:59.999997,2021-11-07 09:59:59.999997,36,7.3954144,7.210418,6.7697396,7.62
2021-11-07 04:10:00.000001,2021-11-07 04:19:59.999996,1,6.892434,7.4299297,6.751392,6.9
2021-11-07 04:10:00.000001,2021-11-07 04:30:00.000000,2,6.8476667,7.305933,6.751392,7.21
2021-11-07 04:10:00.000001,2021-11-07 04:40:00.000004,3,6.833646,7.1915264,6.751392,6.74
2021-11-07 04:10:00.000001,2021-11-07 04:49:59.999999,4,7.138404,7.0895815,6.751392,7.01
2021-11-07 04:10:00.000001,2021-11-07 05:00:00.000003,5,7.3258567,7.0139637,6.751392,7.17
2021-11-07 04:10:00.000001,2021-11-07 05:09:59.999998,6,6.9374766,6.965623,6.751392,7.33
2021-11-07 04:10:00.000001,2021-11-07 05:20:00.000002,7,6.3897557,6.940534,6.751392,6.18
2021-11-07 04:10:00.000001,2021-11-07 05:29:59.999997,8,6.3090577,6.9333076,6.751392,6.31
2021-11-07 04:10:00.000001,2021-11-07 05:40:00.000001,9,6.7230263,6.938785,6.751392,6.68
2021-11-07 04:10:00.000001,2021-11-07 05:49:59.999996,10,7.29043,6.952643,6.751392,7.39
2021-11-07 04:10:00.000001,2021-11-07 06:00:00.000000,11,7.5626326,6.971518,6.751392,7.55
2021-11-07 04:10:00.000001,2021-11-07 06:10:00.000004,12,7.256754,6.9929347,6.751392,7.2
2021-11-07 04:10:00.000001,2021-11-07 06:19:59.999999,13,6.763427,7.0151553,6.751392,6.79
2021-11-07 04:10:00.000001,2021-11-07 06:30:00.000003,14,6.639603,7.037022,6.751392,6.6
2021-11-07 04:10:00.000001,2021-11-07 06:39:59.999998,15,6.639852,7.057806,6.751392,6.78
2021-11-07 04:10:00.000001,2021-11-07 06:50:00.000002,16,6.3006954,7.0770884,6.751392,6.15
2021-11-07 04:10:00.000001,2021-11-07 06:59:59.999997,17,5.9716454,7.094662,6.751392,5.99
2021-11-07 04:10:00.000001,2021-11-07 07:10:00.000001,18,6.1961656,7.1104693,6.751392,6.22
2021-11-07 04:10:00.000001,2021-11-07 07:19:59.999996,19,6.7881417,7.1245365,6.751392,6.93
2021-11-07 04:10:00.000001,2021-11-07 07:30:00.000000,20,7.2828884,7.1369486,6.751392,6.99
2021-11-07 04:10:00.000001,2021-11-07 07:40:00.000004,21,7.551162,7.14782,6.751392,7.82
2021-11-07 04:10:00.000001,2021-11-07 07:49:59.999999,22,7.642614,7.1572833,6.751392,7.43
2021-11-07 04:10:00.000001,2021-11-07 08:00:00.000003,23,7.6719646,7.1654677,6.751392,7.9
2021-11-07 04:10:00.000001,2021-11-07 08:09:59.999998,24,7.77976,7.172508,6.751392,7.58
2021-11-07 04:10:00.000001,2021-11-07 08:20:00.000002,25,7.816994,7.1785274,6.751392,7.88
2021-11-07 04:10:00.000001,2021-11-07 08:29:59.999997,26,7.566297,7.183644,6.751392,7.66
2021-11-07 04:10:00.000001,2021-11-07 08:40:00.000001,27,7.379915,7.187966,6.751392,7.2
2021-11-07 04:10:00.000001,2021-11-07 08:49:59.999996,28,7.7046714,7.1915927,6.751392,7.84
2021-11-07 04:10:00.000001,2021-11-07 09:00:00.000000,29,8.106811,7.1946163,6.751392,8.1
2021-11-07 04:10:00.000001,2021-11-07 09:10:00.000004,30,7.9484463,7.197115,6.751392,7.98
2021-11-07 04:10:00.000001,2021-11-07 09:19:59.999999,31,7.640421,7.199166,6.751392,7.38
2021-11-07 04:10:00.000001,2021-11-07 09:30:00.000003,32,7.8601093,7.20083,6.751392,8.17
2021-11-07 04:10:00.000001,2021-11-07 09:39:59.999998,33,8.180462,7.2021675,6.751392,8.19
2021-11-07 04:10:00.000001,2021-11-07 09:50:00.000002,34,7.900117,7.203232,6.751392,7.61
2021-11-07 04:10:00.000001,2021-11-07 09:59:59.999997,35,7.3954144,7.2040634,6.751392,7.62
2021-11-07 04:10:00.000001,2021-11-07 10:10:00.000001,36,7.357439,7.204705,6.751392,7.3
2021-11-07 04:19:59.999996,2021-11-07 04:30:00.000000,1,6.8476667,7.4289517,6.892434,7.21
2021-11-07 04:19:59.999996,2021-11-07 04:40:00.000004,2,6.833646,7.302658,6.892434,6.74
2021-11-07 04:19:59.999996,2021-11-07 04:49:59.999999,3,7.138404,7.1919374,6.892434,7.01
2021-11-07 04:19:59.999996,2021-11-07 05:00:00.000003,4,7.3258567,7.0977697,6.892434,7.17
2021-11-07 04:19:59.999996,2021-11-07 05:09:59.999998,5,6.9374766,7.0318904,6.892434,7.33
2021-11-07 04:19:59.999996,2021-11-07 05:20:00.000002,6,6.3897557,6.993834,6.892434,6.18
2021-11-07 04:19:59.999996,2021-11-07 05:29:59.999997,7,6.3090577,6.9787016,6.892434,6.31
2021-11-07 04:19:59.999996,2021-11-07 05:40:00.000001,8,6.7230263,6.9805927,6.892434,6.68
2021-11-07 04:19:59.999996,2021-11-07 05:49:59.999996,9,7.29043,6.9940953,6.892434,7.39
2021-11-07 04:19:59.999996,2021-11-07 06:00:00.000000,10,7.5626326,7.0147977,6.892434,7.55
2021-11-07 04:19:59.999996,2021-11-07 06:10:00.000004,11,7.256754,7.03935,6.892434,7.2
2021-11-07 04:19:59.999996,2021-11-07 06:19:59.999999,12,6.763427,7.0653644,6.892434,6.79
2021-11-07 04:19:59.999996,2021-11-07 06:30:00.000003,13,6.639603,7.091214,6.892434,6.6
2021-11-07 04:19:59.999996,2021-11-07 06:39:59.999998,14,6.639852,7.1158757,6.892434,6.78
2021-11-07 04:19:59.999996,2021-11-07 06:50:00.000002,15,6.3006954,7.138752,6.892434,6.15
2021-11-07 04:19:59.999996,2021-11-07 06:59:59.999997,16,5.9716454,7.1595488,6.892434,5.99
2021-11-07 04:19:59.999996,2021-11-07 07:10:00.000001,17,6.1961656,7.1781735,6.892434,6.22
2021-11-07 04:19:59.999996,2021-11-07 07:19:59.999996,18,6.7881417,7.1946626,6.892434,6.93
2021-11-07 04:19:59.999996,2021-11-07 07:30:00.000000,19,7.2828884,7.209132,6.892434,6.99
2021-11-07 04:19:59.999996,2021-11-07 07:40:00.000004,20,7.551162,7.221735,6.892434,7.82
2021-11-07 04:19:59.999996,2021-11-07 07:49:59.999999,21,7.642614,7.2326436,6.892434,7.43
2021-11-07 04:19:59.999996,2021-11-07 08:00:00.000003,22,7.6719646,7.2420335,6.892434,7.9
2021-11-07 04:19:59.999996,2021-11-07 08:09:59.999998,23,7.77976,7.250075,6.892434,7.58
2021-11-07 04:19:59.999996,2021-11-07 08:20:00.000002,24,7.816994,7.2569237,6.892434,7.88
2021-11-07 04:19:59.999996,2021-11-07 08:29:59.999997,25,7.566297,7.262728,6.892434,7.66
2021-11-07 04:19:59.999996,2021-11-07 08:40:00.000001,26,7.379915,7.2676215,6.892434,7.2
2021-11-07 04:19:59.999996,2021-11-07 08:49:59.999996,27,7.7046714,7.2717223,6.892434,7.84
2021-11-07 04:19:59.999996,2021-11-07 09:00:00.000000,28,8.106811,7.275136,6.892434,8.1
2021-11-07 04:19:59.999996,2021-11-07 09:10:00.000004,29,7.9484463,7.277959,6.892434,7.98
2021-11-07 04:19:59.999996,2021-11-07 09:19:59.999999,30,7.640421,7.2802763,6.892434,7.38
2021-11-07 04:19:59.999996,2021-11-07 09:30:00.000003,31,7.8601093,7.282161,6.892434,8.17
2021-11-07 04:19:59.999996,2021-11-07 09:39:59.999998,32,8.180462,7.283678,6.892434,8.19
2021-11-07 04:19:59.999996,2021-11-07 09:50:00.000002,33,7.900117,7.284888,6.892434,7.61
2021-11-07 04:19:59.999996,2021-11-07 09:59:59.999997,34,7.3954144,7.285838,6.892434,7.62
2021-11-07 04:19:59.999996,2021-11-07 10:10:00.000001,35,7.357439,7.2865734,6.892434,7.3
2021-11-07 04:19:59.999996,2021-11-07 10:19:59.999996,36,7.607431,7.2871313,6.892434,7.64
2021-11-07 04:30:00.000000,2021-11-07 04:40:00.000004,1,6.833646,7.4289703,6.8476667,6.74
2021-11-07 04:30:00.000000,2021-11-07 04:49:59.999999,2,7.138404,7.3042793,6.8476667,7.01
2021-11-07 04:30:00.000000,2021-11-07 05:00:00.000003,3,7.3258567,7.1946964,6.8476667,7.17
2021-11-07 04:30:00.000000,2021-11-07 05:09:59.999998,4,6.9374766,7.101149,6.8476667,7.33
2021-11-07 04:30:00.000000,2021-11-07 05:20:00.000002,5,6.3897557,7.0352654,6.8476667,6.18
2021-11-07 04:30:00.000000,2021-11-07 05:29:59.999997,6,6.3090577,6.996644,6.8476667,6.31
2021-11-07 04:30:00.000000,2021-11-07 05:40:00.000001,7,6.7230263,6.980495,6.8476667,6.68
2021-11-07 04:30:00.000000,2021-11-07 05:49:59.999996,8,7.29043,6.98104,6.8476667,7.39
2021-11-07 04:30:00.000000,2021-11-07 06:00:00.000000,9,7.5626326,6.9929733,6.8476667,7.55
2021-11-07 04:30:00.000000,2021-11-07 06:10:00.000004,10,7.256754,7.011968,6.8476667,7.2
2021-11-07 04:30:00.000000,2021-11-07 06:19:59.999999,11,6.763427,7.034755,6.8476667,6.79
2021-11-07 04:30:00.000000,2021-11-07 06:30:00.000003,12,6.639603,7.0590005,6.8476667,6.6
2021-11-07 04:30:00.000000,2021-11-07 06:39:59.999998,13,6.639852,7.0831313,6.8476667,6.78
2021-11-07 04:30:00.000000,2021-11-07 06:50:00.000002,14,6.3006954,7.1061535,6.8476667,6.15
2021-11-07 04:30:00.000000,2021-11-07 06:59:59.999997,15,5.9716454,7.1274977,6.8476667,5.99
2021-11-07 04:30:00.000000,2021-11-07 07:10:00.000001,16,6.1961656,7.1468863,6.8476667,6.22
2021-11-07 04:30:00.000000,2021-11-07 07:19:59.999996,17,6.7881417,7.1642346,6.8476667,6.93
2021-11-07 04:30:00.000000,2021-11-07 07:30:00.000000,18,7.2828884,7.179585,6.8476667,6.99
2021-11-07 04:30:00.000000,2021-11-07 07:40:00.000004,19,7.551162,7.1930475,6.8476667,7.82
2021-11-07 04:30:00.000000,2021-11-07 07:49:59.999999,20,7.642614,7.204774,6.8476667,7.43
2021-11-07 04:30:00.000000,2021-11-07 08:00:00.000003,21,7.6719646,7.214925,6.8476667,7.9
2021-11-07 04:30:00.000000,2021-11-07 08:09:59.999998,22,7.77976,7.2236676,6.8476667,7.58
2021-11-07 04:30:00.000000,2021-11-07 08:20:00.000002,23,7.816994,7.231161,6.8476667,7.88
2021-11-07 04:30:00.000000,2021-11-07 08:29:59.999997,24,7.566297,7.2375536,6.8476667,7.66
2021-11-07 04:30:00.000000,2021-11-07 08:40:00.000001,25,7.379915,7.2429786,6.8476667,7.2
2021-11-07 04:30:00.000000,2021-11-07 08:49:59.999996,26,7.7046714,7.2475624,6.8476667,7.84
2021-11-07 04:30:00.000000,2021-11-07 09:00:00.000000,27,8.106811,7.2514105,6.8476667,8.1
2021-11-07 04:30:00.000000,2021-11-07 09:10:00.000004,28,7.9484463,7.254622,6.8476667,7.98
2021-11-07 04:30:00.000000,2021-11-07 09:19:59.999999,29,7.640421,7.2572846,6.8476667,7.38
2021-11-07 04:30:00.000000,2021-11-07 09:30:00.000003,30,7.8601093,7.259476,6.8476667,8.17
2021-11-07 04:30:00.000000,2021-11-07 09:39:59.999998,31,8.180462,7.2612658,6.8476667,8.19
2021-11-07 04:30:00.000000,2021-11-07 09:50:00.000002,32,7.900117,7.26271,6.8476667,7.61
2021-11-07 04:30:00.000000,2021-11-07 09:59:59.999997,33,7.3954144,7.263865,6.8476667,7.62
2021-11-07 04:30:00.000000,2021-11-07 10:10:00.000001,34,7.357439,7.2647777,6.8476667,7.3
2021-11-07 04:30:00.000000,2021-11-07 10:19:59.999996,35,7.607431,7.2654862,6.8476667,7.64
2021-11-07 04:30:00.000000,2021-11-07 10:30:00.000000,36,7.6548557,7.266027,6.8476667,7.6
2021-11-07 04:40:00.000004,2021-11-07 04:49:59.999999,1,7.138404,7.4100995,6.833646,7.01
2021-11-07 04:40:00.000004,2021-11-07 05:00:00.000003,2,7.3258567,7.283479,6.833646,7.17
2021-11-07 04:40:00.000004,2021-11-07 05:09:59.999998,3,6.9374766,7.1737604,6.833646,7.33
2021-11-07 04:40:00.000004,2021-11-07 05:20:00.000002,4,6.3897557,7.0810504,6.833646,6.18
2021-11-07 04:40:00.000004,2021-11-07 05:29:59.999997,5,6.3090577,7.0165777,6.833646,6.31
2021-11-07 04:40:00.000004,2021-11-07 05:40:00.000001,6,6.7230263,6.979684,6.833646,6.68
2021-11-07 04:40:00.000004,2021-11-07 05:49:59.999996,7,7.29043,6.9654,6.833646,7.39
2021-11-07 04:40:00.000004,2021-11-07 06:00:00.000000,8,7.5626326,6.967815,6.833646,7.55
2021-11-07 04:40:00.000004,2021-11-07 06:10:00.000004,9,7.256754,6.981523,6.833646,7.2
2021-11-07 04:40:00.000004,2021-11-07 06:19:59.999999,10,6.763427,7.002139,6.833646,6.79
2021-11-07 04:40:00.000004,2021-11-07 06:30:00.000003,11,6.639603,7.026355,6.833646,6.6
2021-11-07 04:40:00.000004,2021-11-07 06:39:59.999998,12,6.639852,7.051821,6.833646,6.78
2021-11-07 04:40:00.000004,2021-11-07 06:50:00.000002,13,6.3006954,7.0769663,6.833646,6.15
2021-11-07 04:40:00.000004,2021-11-07 06:59:59.999997,14,5.9716454,7.1008077,6.833646,5.99
2021-11-07 04:40:00.000004,2021-11-07 07:10:00.000001,15,6.1961656,7.122795,6.833646,6.22
2021-11-07 04:40:00.000004,2021-11-07 07:19:59.999996,16,6.7881417,7.1426716,6.833646,6.93
2021-11-07 04:40:00.000004,2021-11-07 07:30:00.000000,17,7.2828884,7.1603794,6.833646,6.99
2021-11-07 04:40:00.000004,2021-11-07 07:40:00.000004,18,7.551162,7.1759768,6.833646,7.82
2021-11-07 04:40:00.000004,2021-11-07 07:49:59.999999,19,7.642614,7.1895995,6.833646,7.43
2021-11-07 04:40:00.000004,2021-11-07 08:00:00.000003,20,7.6719646,7.201414,6.833646,7.9
2021-11-07 04:40:00.000004,2021-11-07 08:09:59.999998,21,7.77976,7.2115993,6.833646,7.58
2021-11-07 04:40:00.000004,2021-11-07 08:20:00.000002,22,7.816994,7.2203364,6.833646,7.88
2021-11-07 04:40:00.000004,2021-11-07 08:29:59.999997,23,7.566297,7.227793,6.833646,7.66
2021-11-07 04:40:00.000004,2021-11-07 08:40:00.000001,24,7.379915,7.234132,6.833646,7.2
2021-11-07 04:40:00.000004,2021-11-07 08:49:59.999996,25,7.7046714,7.239487,6.833646,7.84
2021-11-07 04:40:00.000004,2021-11-07 09:00:00.000000,26,8.106811,7.243992,6.833646,8.1
2021-11-07 04:40:00.000004,2021-11-07 09:10:00.000004,27,7.9484463,7.247761,6.833646,7.98
2021-11-07 04:40:00.000004,2021-11-07 09:19:59.999999,28,7.640421,7.2508926,6.833646,7.38
2021-11-07 04:40:00.000004,2021-11-07 09:30:00.000003,29,7.8601093,7.2534795,6.833646,8.17
2021-11-07 04:40:00.000004,2021-11-07 09:39:59.999998,30,8.180462,7.255598,6.833646,8.19
2021-11-07 04:40:00.000004,2021-11-07 09:50:00.000002,31,7.900117,7.257317,6.833646,7.61
2021-11-07 04:40:00.000004,2021-11-07 09:59:59.999997,32,7.3954144,7.2587,6.833646,7.62
2021-11-07 04:40:00.000004,2021-11-07 10:10:00.000001,33,7.357439,7.259799,6.833646,7.3
2021-11-07 04:40:00.000004,2021-11-07 10:19:59.999996,34,7.607431,7.2606606,6.833646,7.64
2021-11-07 04:40:00.000004,2021-11-07 10:30:00.000000,35,7.6548557,7.2613244,6.833646,7.6
2021-11-07 04:40:00.000004,2021-11-07 10:40:00.000004,36,7.5545564,7.2618237,6.833646,7.57
2021-11-07 04:49:59.999999,2021-11-07 05:00:00.000003,1,7.3258567,7.41946,7.138404,7.17
2021-11-07 04:49:59.999999,2021-11-07 05:09:59.999998,2,6.9374766,7.3112884,7.138404,7.33
2021-11-07 04:49:59.999999,2021-11-07 05:20:00.000002,3,6.3897557,7.220969,7.138404,6.18
2021-11-07 04:49:59.999999,2021-11-07 05:29:59.999997,4,6.3090577,7.147353,7.138404,6.31
2021-11-07 04:49:59.999999,2021-11-07 05:40:00.000001,5,6.7230263,7.1006875,7.138404,6.68
2021-11-07 04:49:59.999999,2021-11-07 05:49:59.999996,6,7.29043,7.079836,7.138404,7.39
2021-11-07 04:49:59.999999,2021-11-07 06:00:00.000000,7,7.5626326,7.07965,7.138404,7.55
2021-11-07 04:49:59.999999,2021-11-07 06:10:00.000004,8,7.256754,7.094208,7.138404,7.2
2021-11-07 04:49:59.999999,2021-11-07 06:19:59.999999,9,6.763427,7.118203,7.138404,6.79
2021-11-07 04:49:59.999999,2021-11-07 06:30:00.000003,10,6.639603,7.147395,7.138404,6.6
2021-11-07 04:49:59.999999,2021-11-07 06:39:59.999998,11,6.639852,7.1786532,7.138404,6.78
2021-11-07 04:49:59.999999,2021-11-07 06:50:00.000002,12,6.3006954,7.2098174,7.138404,6.15
2021-11-07 04:49:59.999999,2021-11-07 06:59:59.999997,13,5.9716454,7.239501,7.138404,5.99
2021-11-07 04:49:59.999999,2021-11-07 07:10:00.000001,14,6.1961656,7.266898,7.138404,6.22
2021-11-07 04:49:59.999999,2021-11-07 07:19:59.999996,15,6.7881417,7.29162,7.138404,6.93
2021-11-07 04:49:59.999999,2021-11-07 07:30:00.000000,16,7.2828884,7.3135533,7.138404,6.99
2021-11-07 04:49:59.999999,2021-11-07 07:40:00.000004,17,7.551162,7.3327703,7.138404,7.82
2021-11-07 04:49:59.999999,2021-11-07 07:49:59.999999,18,7.642614,7.3494396,7.138404,7.43
2021-11-07 04:49:59.999999,2021-11-07 08:00:00.000003,19,7.6719646,7.3637877,7.138404,7.9
2021-11-07 04:49:59.999999,2021-11-07 08:09:59.999998,20,7.77976,7.3760595,7.138404,7.58
2021-11-07 04:49:59.999999,2021-11-07 08:20:00.000002,21,7.816994,7.3865013,7.138404,7.88
2021-11-07 04:49:59.999999,2021-11-07 08:29:59.999997,22,7.566297,7.395342,7.138404,7.66
2021-11-07 04:49:59.999999,2021-11-07 08:40:00.000001,23,7.379915,7.402795,7.138404,7.2
2021-11-07 04:49:59.999999,2021-11-07 08:49:59.999996,24,7.7046714,7.4090476,7.138404,7.84
2021-11-07 04:49:59.999999,2021-11-07 09:00:00.000000,25,8.106811,7.4142723,7.138404,8.1
2021-11-07 04:49:59.999999,2021-11-07 09:10:00.000004,26,7.9484463,7.4186144,7.138404,7.98
2021-11-07 04:49:59.999999,2021-11-07 09:19:59.999999,27,7.640421,7.422202,7.138404,7.38
2021-11-07 04:49:59.999999,2021-11-07 09:30:00.000003,28,7.8601093,7.425149,7.138404,8.17
2021-11-07 04:49:59.999999,2021-11-07 09:39:59.999998,29,8.180462,7.4275517,7.138404,8.19
2021-11-07 04:49:59.999999,2021-11-07 09:50:00.000002,30,7.900117,7.429496,7.138404,7.61
2021-11-07 04:49:59.999999,2021-11-07 09:59:59.999997,31,7.3954144,7.431051,7.138404,7.62
2021-11-07 04:49:59.999999,2021-11-07 10:10:00.000001,32,7.357439,7.4322834,7.138404,7.3
2021-11-07 04:49:59.999999,2021-11-07 10:19:59.999996,33,7.607431,7.4332438,7.138404,7.64
2021-11-07 04:49:59.999999,2021-11-07 10:30:00.000000,34,7.6548557,7.4339814,7.138404,7.6
2021-11-07 04:49:59.999999,2021-11-07 10:40:00.000004,35,7.5545564,7.434535,7.138404,7.57
2021-11-07 04:49:59.999999,2021-11-07 10:49:59.999999,36,7.594403,7.434942,7.138404,7.64
2021-11-07 05:00:00.000003,2021-11-07 05:09:59.999998,1,6.9374766,7.447998,7.3258567,7.33
2021-11-07 05:00:00.000003,2021-11-07 05:20:00.000002,2,6.3897557,7.3536716,7.3258567,6.18
2021-11-07 05:00:00.000003,2021-11-07 05:29:59.999997,3,6.3090577,7.2766376,7.3258567,6.31
2021-11-07 05:00:00.000003,2021-11-07 05:40:00.000001,4,6.7230263,7.214753,7.3258567,6.68
2021-11-07 05:00:00.000003,2021-11-07 05:49:59.999996,5,7.29043,7.177955,7.3258567,7.39
2021-11-07 05:00:00.000003,2021-11-07 06:00:00.000000,6,7.5626326,7.1651893,7.3258567,7.55
2021-11-07 05:00:00.000003,2021-11-07 06:10:00.000004,7,7.256754,7.171514,7.3258567,7.2
2021-11-07 05:00:00.000003,2021-11-07 06:19:59.999999,8,6.763427,7.1912413,7.3258567,6.79
2021-11-07 05:00:00.000003,2021-11-07 06:30:00.000003,9,6.639603,7.2192836,7.3258567,6.6
2021-11-07 05:00:00.000003,2021-11-07 06:39:59.999998,10,6.639852,7.2515955,7.3258567,6.78
2021-11-07 05:00:00.000003,2021-11-07 06:50:00.000002,11,6.3006954,7.2852125,7.3258567,6.15
2021-11-07 05:00:00.000003,2021-11-07 06:59:59.999997,12,5.9716454,7.318118,7.3258567,5.99
2021-11-07 05:00:00.000003,2021-11-07 07:10:00.000001,13,6.1961656,7.349048,7.3258567,6.22
2021-11-07 05:00:00.000003,2021-11-07 07:19:59.999996,14,6.7881417,7.3773003,7.3258567,6.93
2021-11-07 05:00:00.000003,2021-11-07 07:30:00.000000,15,7.2828884,7.40257,7.3258567,6.99
2021-11-07 05:00:00.000003,2021-11-07 07:40:00.000004,16,7.551162,7.424819,7.3258567,7.82
2021-11-07 05:00:00.000003,2021-11-07 07:49:59.999999,17,7.642614,7.444174,7.3258567,7.43
2021-11-07 05:00:00.000003,2021-11-07 08:00:00.000003,18,7.6719646,7.4608536,7.3258567,7.9
2021-11-07 05:00:00.000003,2021-11-07 08:09:59.999998,19,7.77976,7.475125,7.3258567,7.58
2021-11-07 05:00:00.000003,2021-11-07 08:20:00.000002,20,7.816994,7.48726,7.3258567,7.88
2021-11-07 05:00:00.000003,2021-11-07 08:29:59.999997,21,7.566297,7.497527,7.3258567,7.66
2021-11-07 05:00:00.000003,2021-11-07 08:40:00.000001,22,7.379915,7.5061774,7.3258567,7.2
2021-11-07 05:00:00.000003,2021-11-07 08:49:59.999996,23,7.7046714,7.513431,7.3258567,7.84
2021-11-07 05:00:00.000003,2021-11-07 09:00:00.000000,24,8.106811,7.519493,7.3258567,8.1
2021-11-07 05:00:00.000003,2021-11-07 09:10:00.000004,25,7.9484463,7.5245323,7.3258567,7.98
2021-11-07 05:00:00.000003,2021-11-07 09:19:59.999999,26,7.640421,7.528705,7.3258567,7.38
2021-11-07 05:00:00.000003,2021-11-07 09:30:00.000003,27,7.8601093,7.532138,7.3258567,8.17
2021-11-07 05:00:00.000003,2021-11-07 09:39:59.999998,28,8.180462,7.5349483,7.3258567,8.19
2021-11-07 05:00:00.000003,2021-11-07 09:50:00.000002,29,7.900117,7.537231,7.3258567,7.61
2021-11-07 05:00:00.000003,2021-11-07 09:59:59.999997,30,7.3954144,7.5390687,7.3258567,7.62
2021-11-07 05:00:00.000003,2021-11-07 10:10:00.000001,31,7.357439,7.5405354,7.3258567,7.3
2021-11-07 05:00:00.000003,2021-11-07 10:19:59.999996,32,7.607431,7.541692,7.3258567,7.64
2021-11-07 05:00:00.000003,2021-11-07 10:30:00.000000,33,7.6548557,7.542589,7.3258567,7.6
2021-11-07 05:00:00.000003,2021-11-07 10:40:00.000004,34,7.5545564,7.5432744,7.3258567,7.57
2021-11-07 05:00:00.000003,2021-11-07 10:49:59.999999,35,7.594403,7.5437856,7.3258567,7.64
2021-11-07 05:00:00.000003,2021-11-07 11:00:00.000003,36,7.8071737,7.5441556,7.3258567,7.71
2021-11-07 05:09:59.999998,2021-11-07 05:20:00.000002,1,6.3897557,7.46322,6.9374766,6.18
2021-11-07 05:09:59.999998,2021-11-07 05:29:59.999997,2,6.3090577,7.3610697,6.9374766,6.31
2021-11-07 05:09:59.999998,2021-11-07 05:40:00.000001,3,6.7230263,7.270534,6.9374766,6.68
2021-11-07 05:09:59.999998,2021-11-07 05:49:59.999996,4,7.29043,7.190791,6.9374766,7.39
2021-11-07 05:09:59.999998,2021-11-07 06:00:00.000000,5,7.5626326,7.1338034,6.9374766,7.55
2021-11-07 05:09:59.999998,2021-11-07 06:10:00.000004,6,7.256754,7.1001697,6.9374766,7.2
2021-11-07 05:09:59.999998,2021-11-07 06:19:59.999999,7,6.763427,7.0861316,6.9374766,6.79
2021-11-07 05:09:59.999998,2021-11-07 06:30:00.000003,8,6.639603,7.086765,6.9374766,6.6
2021-11-07 05:09:59.999998,2021-11-07 06:39:59.999998,9,6.639852,7.0974135,6.9374766,6.78
2021-11-07 05:09:59.999998,2021-11-07 06:50:00.000002,10,6.3006954,7.114237,6.9374766,6.15
2021-11-07 05:09:59.999998,2021-11-07 06:59:59.999997,11,5.9716454,7.134316,6.9374766,5.99
2021-11-07 05:09:59.999998,2021-11-07 07:10:00.000001,12,6.1961656,7.155562,6.9374766,6.22
2021-11-07 05:09:59.999998,2021-11-07 07:19:59.999996,13,6.7881417,7.1765847,6.9374766,6.93
2021-11-07 05:09:59.999998,2021-11-07 07:30:00.000000,14,7.2828884,7.1965213,6.9374766,6.99
2021-11-07 05:09:59.999998,2021-11-07 07:40:00.000004,15,7.551162,7.2148914,6.9374766,7.82
2021-11-07 05:09:59.999998,2021-11-07 07:49:59.999999,16,7.642614,7.231474,6.9374766,7.43
2021-11-07 05:09:59.999998,2021-11-07 08:00:00.000003,17,7.6719646,7.2462277,6.9374766,7.9
2021-11-07 05:09:59.999998,2021-11-07 08:09:59.999998,18,7.77976,7.2592106,6.9374766,7.58
2021-11-07 05:09:59.999998,2021-11-07 08:20:00.000002,19,7.816994,7.2705464,6.9374766,7.88
2021-11-07 05:09:59.999998,2021-11-07 08:29:59.999997,20,7.566297,7.2803807,6.9374766,7.66
2021-11-07 05:09:59.999998,2021-11-07 08:40:00.000001,21,7.379915,7.2888694,6.9374766,7.2
2021-11-07 05:09:59.999998,2021-11-07 08:49:59.999996,22,7.7046714,7.296164,6.9374766,7.84
2021-11-07 05:09:59.999998,2021-11-07 09:00:00.000000,23,8.106811,7.30241,6.9374766,8.1
2021-11-07 05:09:59.999998,2021-11-07 09:10:00.000004,24,7.9484463,7.307737,6.9374766,7.98
2021-11-07 05:09:59.999998,2021-11-07 09:19:59.999999,25,7.640421,7.3122635,6.9374766,7.38
2021-11-07 05:09:59.999998,2021-11-07 09:30:00.000003,26,7.8601093,7.3160887,6.9374766,8.17
2021-11-07 05:09:59.999998,2021-11-07 09:39:59.999998,27,8.180462,7.3193097,6.9374766,8.19
2021-11-07 05:09:59.999998,2021-11-07 09:50:00.000002,28,7.900117,7.3220053,6.9374766,7.61
2021-11-07 05:09:59.999998,2021-11-07 09:59:59.999997,29,7.3954144,7.3242455,6.9374766,7.62
2021-11-07 05:09:59.999998,2021-11-07 10:10:00.000001,30,7.357439,7.3260975,6.9374766,7.3
2021-11-07 05:09:59.999998,2021-11-07 10:19:59.999996,31,7.607431,7.327614,6.9374766,7.64
2021-11-07 05:09:59.999998,2021-11-07 10:30:00.000000,32,7.6548557,7.328845,6.9374766,7.6
2021-11-07 05:09:59.999998,2021-11-07 10:40:00.000004,33,7.5545564,7.329833,6.9374766,7.57
2021-11-07 05:09:59.999998,2021-11-07 10:49:59.999999,34,7.594403,7.330617,6.9374766,7.64
2021-11-07 05:09:59.999998,2021-11-07 11:00:00.000003,35,7.8071737,7.33123,6.9374766,7.71
2021-11-07 05:09:59.999998,2021-11-07 11:09:59.999998,36,8.07283,7.3317018,6.9374766,8.24
2021-11-07 05:20:00.000002,2021-11-07 05:29:59.999997,1,6.3090577,7.4187183,6.3897557,6.31
2021-11-07 05:20:00.000002,2021-11-07 05:40:00.000001,2,6.7230263,7.2826014,6.3897557,6.68
2021-11-07 05:20:00.000002,2021-11-07 05:49:59.999996,3,7.29043,7.1582284,6.3897557,7.39
2021-11-07 05:20:00.000002,2021-11-07 06:00:00.000000,4,7.5626326,7.0463066,6.3897557,7.55
2021-11-07 05:20:00.000002,2021-11-07 06:10:00.000004,5,7.256754,6.9600253,6.3897557,7.2
2021-11-07 05:20:00.000002,2021-11-07 06:19:59.999999,6,6.763427,6.9006333,6.3897557,6.79
2021-11-07 05:20:00.000002,2021-11-07 06:30:00.000003,7,6.639603,6.8645544,6.3897557,6.6
2021-11-07 05:20:00.000002,2021-11-07 06:39:59.999998,8,6.639852,6.846754,6.3897557,6.78
2021-11-07 05:20:00.000002,2021-11-07 06:50:00.000002,9,6.3006954,6.8422956,6.3897557,6.15
2021-11-07 05:20:00.000002,2021-11-07 06:59:59.999997,10,5.9716454,6.846969,6.3897557,5.99
2021-11-07 05:20:00.000002,2021-11-07 07:10:00.000001,11,6.1961656,6.8574557,6.3897557,6.22
2021-11-07 05:20:00.000002,2021-11-07 07:19:59.999996,12,6.7881417,6.87128,6.3897557,6.93
2021-11-07 05:20:00.000002,2021-11-07 07:30:00.000000,13,7.2828884,6.886683,6.3897557,6.99
2021-11-07 05:20:00.000002,2021-11-07 07:40:00.000004,14,7.551162,6.9024663,6.3897557,7.82
2021-11-07 05:20:00.000002,2021-11-07 07:49:59.999999,15,7.642614,6.9178576,6.3897557,7.43
2021-11-07 05:20:00.000002,2021-11-07 08:00:00.000003,16,7.6719646,6.932391,6.3897557,7.9
2021-11-07 05:20:00.000002,2021-11-07 08:09:59.999998,17,7.77976,6.9458103,6.3897557,7.58
2021-11-07 05:20:00.000002,2021-11-07 08:20:00.000002,18,7.816994,6.958002,6.3897557,7.88
2021-11-07 05:20:00.000002,2021-11-07 08:29:59.999997,19,7.566297,6.96895,6.3897557,7.66
2021-11-07 05:20:00.000002,2021-11-07 08:40:00.000001,20,7.379915,6.978685,6.3897557,7.2
2021-11-07 05:20:00.000002,2021-11-07 08:49:59.999996,21,7.7046714,6.987277,6.3897557,7.84
2021-11-07 05:20:00.000002,2021-11-07 09:00:00.000000,22,8.106811,6.9948096,6.3897557,8.1
2021-11-07 05:20:00.000002,2021-11-07 09:10:00.000004,23,7.9484463,7.0013757,6.3897557,7.98
2021-11-07 05:20:00.000002,2021-11-07 09:19:59.999999,24,7.640421,7.0070667,6.3897557,7.38
2021-11-07 05:20:00.000002,2021-11-07 09:30:00.000003,25,7.8601093,7.0119705,6.3897557,8.17
2021-11-07 05:20:00.000002,2021-11-07 09:39:59.999998,26,8.180462,7.0161724,6.3897557,8.19
2021-11-07 05:20:00.000002,2021-11-07 09:50:00.000002,27,7.900117,7.0197506,6.3897557,7.61
2021-11-07 05:20:00.000002,2021-11-07 09:59:59.999997,28,7.3954144,7.022782,6.3897557,7.62
2021-11-07 05:20:00.000002,2021-11-07 10:10:00.000001,29,7.357439,7.025329,6.3897557,7.3
2021-11-07 05:20:00.000002,2021-11-07 10:19:59.999996,30,7.607431,7.027455,6.3897557,7.64
2021-11-07 05:20:00.000002,2021-11-07 10:30:00.000000,31,7.6548557,7.0292144,6.3897557,7.6
2021-11-07 05:20:00.000002,2021-11-07 10:40:00.000004,32,7.5545564,7.030659,6.3897557,7.57
2021-11-07 05:20:00.000002,2021-11-07 10:49:59.999999,33,7.594403,7.0318327,6.3897557,7.64
2021-11-07 05:20:00.000002,2021-11-07 11:00:00.000003,34,7.8071737,7.032775,6.3897557,7.71
2021-11-07 05:20:00.000002,2021-11-07 11:09:59.999998,35,8.07283,7.033524,6.3897557,8.24
2021-11-07 05:20:00.000002,2021-11-07 11:20:00.000002,36,8.316154,7.0341086,6.3897557,8.11
2021-11-07 05:29:59.999997,2021-11-07 05:40:00.000001,1,6.7230263,7.4202957,6.3090577,6.68
2021-11-07 05:29:59.999997,2021-11-07 05:49:59.999996,2,7.29043,7.268506,6.3090577,7.39
2021-11-07 05:29:59.999997,2021-11-07 06:00:00.000000,3,7.5626326,7.1324506,6.3090577,7.55
2021-11-07 05:29:59.999997,2021-11-07 06:10:00.000004,4,7.256754,7.0124316,6.3090577,7.2
2021-11-07 05:29:59.999997,2021-11-07 06:19:59.999999,5,6.763427,6.920661,6.3090577,6.79
2021-11-07 05:29:59.999997,2021-11-07 06:30:00.000003,6,6.639603,6.8576922,6.3090577,6.6
2021-11-07 05:29:59.999997,2021-11-07 06:39:59.999998,7,6.639852,6.81943,6.3090577,6.78
2021-11-07 05:29:59.999997,2021-11-07 06:50:00.000002,8,6.3006954,6.8004427,6.3090577,6.15
2021-11-07 05:29:59.999997,2021-11-07 06:59:59.999997,9,5.9716454,6.795495,6.3090577,5.99
2021-11-07 05:29:59.999997,2021-11-07 07:10:00.000001,10,6.1961656,6.8001504,6.3090577,6.22
2021-11-07 05:29:59.999997,2021-11-07 07:19:59.999996,11,6.7881417,6.810922,6.3090577,6.93
2021-11-07 05:29:59.999997,2021-11-07 07:30:00.000000,12,7.2828884,6.825212,6.3090577,6.99
2021-11-07 05:29:59.999997,2021-11-07 07:40:00.000004,13,7.551162,6.8411736,6.3090577,7.82
2021-11-07 05:29:59.999997,2021-11-07 07:49:59.999999,14,7.642614,6.857547,6.3090577,7.43
2021-11-07 05:29:59.999997,2021-11-07 08:00:00.000003,15,7.6719646,6.8735166,6.3090577,7.9
2021-11-07 05:29:59.999997,2021-11-07 08:09:59.999998,16,7.77976,6.8885927,6.3090577,7.58
2021-11-07 05:29:59.999997,2021-11-07 08:20:00.000002,17,7.816994,6.9025054,6.3090577,7.88
2021-11-07 05:29:59.999997,2021-11-07 08:29:59.999997,18,7.566297,6.915131,6.3090577,7.66
2021-11-07 05:29:59.999997,2021-11-07 08:40:00.000001,19,7.379915,6.926453,6.3090577,7.2
2021-11-07 05:29:59.999997,2021-11-07 08:49:59.999996,20,7.7046714,6.936506,6.3090577,7.84
2021-11-07 05:29:59.999997,2021-11-07 09:00:00.000000,21,8.106811,6.945363,6.3090577,8.1
2021-11-07 05:29:59.999997,2021-11-07 09:10:00.000004,22,7.9484463,6.953113,6.3090577,7.98
2021-11-07 05:29:59.999997,2021-11-07 09:19:59.999999,23,7.640421,6.9598546,6.3090577,7.38
2021-11-07 05:29:59.999997,2021-11-07 09:30:00.000003,24,7.8601093,6.965683,6.3090577,8.17
2021-11-07 05:29:59.999997,2021-11-07 09:39:59.999998,25,8.180462,6.9706955,6.3090577,8.19
2021-11-07 05:29:59.999997,2021-11-07 09:50:00.000002,26,7.900117,6.974982,6.3090577,7.61
2021-11-07 05:29:59.999997,2021-11-07 09:59:59.999997,27,7.3954144,6.9786243,6.3090577,7.62
2021-11-07 05:29:59.999997,2021-11-07 10:10:00.000001,28,7.357439,6.981701,6.3090577,7.3
2021-11-07 05:29:59.999997,2021-11-07 10:19:59.999996,29,7.607431,6.9842806,6.3090577,7.64
2021-11-07 05:29:59.999997,2021-11-07 10:30:00.000000,30,7.6548557,6.98643,6.3090577,7.6
2021-11-07 05:29:59.999997,2021-11-07 10:40:00.000004,31,7.5545564,6.988205,6.3090577,7.57
2021-11-07 05:29:59.999997,2021-11-07 10:49:59.999999,32,7.594403,6.9896584,6.3090577,7.64
2021-11-07 05:29:59.999997,2021-11-07 11:00:00.000003,33,7.8071737,6.990837,6.3090577,7.71
2021-11-07 05:29:59.999997,2021-11-07 11:09:59.999998,34,8.07283,6.991782,6.3090577,8.24
2021-11-07 05:29:59.999997,2021-11-07 11:20:00.000002,35,8.316154,6.99253,6.3090577,8.11
2021-11-07 05:29:59.999997,2021-11-07 11:29:59.999997,36,8.503379,6.993114,6.3090577,8.55
2021-11-07 05:40:00.000001,2021-11-07 05:49:59.999996,1,7.29043,7.4588447,6.7230263,7.39
2021-11-07 05:40:00.000001,2021-11-07 06:00:00.000000,2,7.5626326,7.3251243,6.7230263,7.55
2021-11-07 05:40:00.000001,2021-11-07 06:10:00.000004,3,7.256754,7.212073,6.7230263,7.2
2021-11-07 05:40:00.000001,2021-11-07 06:19:59.999999,4,6.763427,7.116154,6.7230263,6.79
2021-11-07 05:40:00.000001,2021-11-07 06:30:00.000003,5,6.639603,7.047387,6.7230263,6.6
2021-11-07 05:40:00.000001,2021-11-07 06:39:59.999998,6,6.639852,7.0052176,6.7230263,6.78
2021-11-07 05:40:00.000001,2021-11-07 06:50:00.000002,7,6.3006954,6.985091,6.7230263,6.15
2021-11-07 05:40:00.000001,2021-11-07 06:59:59.999997,8,5.9716454,6.98148,6.7230263,5.99
2021-11-07 05:40:00.000001,2021-11-07 07:10:00.000001,9,6.1961656,6.989265,6.7230263,6.22
2021-11-07 05:40:00.000001,2021-11-07 07:19:59.999996,10,6.7881417,7.0042343,6.7230263,6.93
2021-11-07 05:40:00.000001,2021-11-07 07:30:00.000000,11,7.2828884,7.0231786,6.7230263,6.99
2021-11-07 05:40:00.000001,2021-11-07 07:40:00.000004,12,7.551162,7.0437927,6.7230263,7.82
2021-11-07 05:40:00.000001,2021-11-07 07:49:59.999999,13,7.642614,7.064519,6.7230263,7.43
2021-11-07 05:40:00.000001,2021-11-07 08:00:00.000003,14,7.6719646,7.0843678,6.7230263,7.9
2021-11-07 05:40:00.000001,2021-11-07 08:09:59.999998,15,7.77976,7.1027675,6.7230263,7.58
2021-11-07 05:40:00.000001,2021-11-07 08:20:00.000002,16,7.816994,7.1194434,6.7230263,7.88
2021-11-07 05:40:00.000001,2021-11-07 08:29:59.999997,17,7.566297,7.1343074,6.7230263,7.66
2021-11-07 05:40:00.000001,2021-11-07 08:40:00.000001,18,7.379915,7.147396,6.7230263,7.2
2021-11-07 05:40:00.000001,2021-11-07 08:49:59.999996,19,7.7046714,7.158813,6.7230263,7.84
2021-11-07 05:40:00.000001,2021-11-07 09:00:00.000000,20,8.106811,7.1687016,6.7230263,8.1
2021-11-07 05:40:00.000001,2021-11-07 09:10:00.000004,21,7.9484463,7.1772165,6.7230263,7.98
2021-11-07 05:40:00.000001,2021-11-07 09:19:59.999999,22,7.640421,7.184511,6.7230263,7.38
2021-11-07 05:40:00.000001,2021-11-07 09:30:00.000003,23,7.8601093,7.190733,6.7230263,8.17
2021-11-07 05:40:00.000001,2021-11-07 09:39:59.999998,24,8.180462,7.196016,6.7230263,8.19
2021-11-07 05:40:00.000001,2021-11-07 09:50:00.000002,25,7.900117,7.200483,6.7230263,7.61
2021-11-07 05:40:00.000001,2021-11-07 09:59:59.999997,26,7.3954144,7.204241,6.7230263,7.62
2021-11-07 05:40:00.000001,2021-11-07 10:10:00.000001,27,7.357439,7.207388,6.7230263,7.3
2021-11-07 05:40:00.000001,2021-11-07 10:19:59.999996,28,7.607431,7.210005,6.7230263,7.64
2021-11-07 05:40:00.000001,2021-11-07 10:30:00.000000,29,7.6548557,7.2121716,6.7230263,7.6
2021-11-07 05:40:00.000001,2021-11-07 10:40:00.000004,30,7.5545564,7.2139482,6.7230263,7.57
2021-11-07 05:40:00.000001,2021-11-07 10:49:59.999999,31,7.594403,7.215397,6.7230263,7.64
2021-11-07 05:40:00.000001,2021-11-07 11:00:00.000003,32,7.8071737,7.2165627,6.7230263,7.71
2021-11-07 05:40:00.000001,2021-11-07 11:09:59.999998,33,8.07283,7.217492,6.7230263,8.24
2021-11-07 05:40:00.000001,2021-11-07 11:20:00.000002,34,8.316154,7.218224,6.7230263,8.11
2021-11-07 05:40:00.000001,2021-11-07 11:29:59.999997,35,8.503379,7.2187905,6.7230263,8.55
2021-11-07 05:40:00.000001,2021-11-07 11:40:00.000001,36,8.588272,7.219221,6.7230263,8.86
2021-11-07 05:49:59.999996,2021-11-07 06:00:00.000000,1,7.5626326,7.5234632,7.29043,7.55
2021-11-07 05:49:59.999996,2021-11-07 06:10:00.000004,2,7.256754,7.433072,7.29043,7.2
2021-11-07 05:49:59.999996,2021-11-07 06:19:59.999999,3,6.763427,7.3613563,7.29043,6.79
2021-11-07 05:49:59.999996,2021-11-07 06:30:00.000003,4,6.639603,7.3023777,7.29043,6.6
2021-11-07 05:49:59.999996,2021-11-07 06:39:59.999998,5,6.639852,7.265164,7.29043,6.78
2021-11-07 05:49:59.999996,2021-11-07 06:50:00.000002,6,6.3006954,7.249134,7.29043,6.15
2021-11-07 05:49:59.999996,2021-11-07 06:59:59.999997,7,5.9716454,7.2501574,7.29043,5.99
2021-11-07 05:49:59.999996,2021-11-07 07:10:00.000001,8,6.1961656,7.263309,7.29043,6.22
2021-11-07 05:49:59.999996,2021-11-07 07:19:59.999996,9,6.7881417,7.2841053,7.29043,6.93
2021-11-07 05:49:59.999996,2021-11-07 07:30:00.000000,10,7.2828884,7.30895,7.29043,6.99
2021-11-07 05:49:59.999996,2021-11-07 07:40:00.000004,11,7.551162,7.335192,7.29043,7.82
2021-11-07 05:49:59.999996,2021-11-07 07:49:59.999999,12,7.642614,7.361024,7.29043,7.43
2021-11-07 05:49:59.999996,2021-11-07 08:00:00.000003,13,7.6719646,7.385307,7.29043,7.9
2021-11-07 05:49:59.999996,2021-11-07 08:09:59.999998,14,7.77976,7.40742,7.29043,7.58
2021-11-07 05:49:59.999996,2021-11-07 08:20:00.000002,15,7.816994,7.427092,7.29043,7.88
2021-11-07 05:49:59.999996,2021-11-07 08:29:59.999997,16,7.566297,7.444295,7.29043,7.66
2021-11-07 05:49:59.999996,2021-11-07 08:40:00.000001,17,7.379915,7.459148,7.29043,7.2
2021-11-07 05:49:59.999996,2021-11-07 08:49:59.999996,18,7.7046714,7.471845,7.29043,7.84
2021-11-07 05:49:59.999996,2021-11-07 09:00:00.000000,19,8.106811,7.4826217,7.29043,8.1
2021-11-07 05:49:59.999996,2021-11-07 09:10:00.000004,20,7.9484463,7.491716,7.29043,7.98
2021-11-07 05:49:59.999996,2021-11-07 09:19:59.999999,21,7.640421,7.4993563,7.29043,7.38
2021-11-07 05:49:59.999996,2021-11-07 09:30:00.000003,22,7.8601093,7.505753,7.29043,8.17
2021-11-07 05:49:59.999996,2021-11-07 09:39:59.999998,23,8.180462,7.511091,7.29043,8.19
2021-11-07 05:49:59.999996,2021-11-07 09:50:00.000002,24,7.900117,7.5155325,7.29043,7.61
2021-11-07 05:49:59.999996,2021-11-07 09:59:59.999997,25,7.3954144,7.519216,7.29043,7.62
2021-11-07 05:49:59.999996,2021-11-07 10:10:00.000001,26,7.357439,7.5222588,7.29043,7.3
2021-11-07 05:49:59.999996,2021-11-07 10:19:59.999996,27,7.607431,7.524763,7.29043,7.64
2021-11-07 05:49:59.999996,2021-11-07 10:30:00.000000,28,7.6548557,7.526813,7.29043,7.6
2021-11-07 05:49:59.999996,2021-11-07 10:40:00.000004,29,7.5545564,7.5284786,7.29043,7.57
2021-11-07 05:49:59.999996,2021-11-07 10:49:59.999999,30,7.594403,7.5298257,7.29043,7.64
2021-11-07 05:49:59.999996,2021-11-07 11:00:00.000003,31,7.8071737,7.530902,7.29043,7.71
2021-11-07 05:49:59.999996,2021-11-07 11:09:59.999998,32,8.07283,7.531755,7.29043,8.24
2021-11-07 05:49:59.999996,2021-11-07 11:20:00.000002,33,8.316154,7.5324197,7.29043,8.11
2021-11-07 05:49:59.999996,2021-11-07 11:29:59.999997,34,8.503379,7.53293,7.29043,8.55
2021-11-07 05:49:59.999996,2021-11-07 11:40:00.000001,35,8.588272,7.533313,7.29043,8.86
2021-11-07 05:49:59.999996,2021-11-07 11:49:59.999996,36,8.594007,7.5335927,7.29043,8.26
2021-11-07 06:00:00.000000,2021-11-07 06:10:00.000004,1,7.256754,7.583173,7.5626326,7.2
2021-11-07 06:00:00.000000,2021-11-07 06:19:59.999999,2,6.763427,7.52316,7.5626326,6.79
2021-11-07 06:00:00.000000,2021-11-07 06:30:00.000003,3,6.639603,7.4778824,7.5626326,6.6
2021-11-07 06:00:00.000000,2021-11-07 06:39:59.999998,4,6.639852,7.439815,7.5626326,6.78
2021-11-07 06:00:00.000000,2021-11-07 06:50:00.000002,5,6.3006954,7.418227,7.5626326,6.15
2021-11-07 06:00:00.000000,2021-11-07 06:59:59.999997,6,5.9716454,7.4132786,7.5626326,5.99
2021-11-07 06:00:00.000000,2021-11-07 07:10:00.000001,7,6.1961656,7.421685,7.5626326,6.22
2021-11-07 06:00:00.000000,2021-11-07 07:19:59.999996,8,6.7881417,7.439327,7.5626326,6.93
2021-11-07 06:00:00.000000,2021-11-07 07:30:00.000000,9,7.2828884,7.462416,7.5626326,6.99
2021-11-07 06:00:00.000000,2021-11-07 07:40:00.000004,10,7.551162,7.4879265,7.5626326,7.82
2021-11-07 06:00:00.000000,2021-11-07 07:49:59.999999,11,7.642614,7.5136695,7.5626326,7.43
2021-11-07 06:00:00.000000,2021-11-07 08:00:00.000003,12,7.6719646,7.538197,7.5626326,7.9
2021-11-07 06:00:00.000000,2021-11-07 08:09:59.999998,13,7.77976,7.560659,7.5626326,7.58
2021-11-07 06:00:00.000000,2021-11-07 08:20:00.000002,14,7.816994,7.5806437,7.5626326,7.88
2021-11-07 06:00:00.000000,2021-11-07 08:29:59.999997,15,7.566297,7.598048,7.5626326,7.66
2021-11-07 06:00:00.000000,2021-11-07 08:40:00.000001,16,7.379915,7.612962,7.5626326,7.2
2021-11-07 06:00:00.000000,2021-11-07 08:49:59.999996,17,7.7046714,7.6255827,7.5626326,7.84
2021-11-07 06:00:00.000000,2021-11-07 09:00:00.000000,18,8.106811,7.63617,7.5626326,8.1
2021-11-07 06:00:00.000000,2021-11-07 09:10:00.000004,19,7.9484463,7.6449895,7.5626326,7.98
2021-11-07 06:00:00.000000,2021-11-07 09:19:59.999999,20,7.640421,7.6523013,7.5626326,7.38
2021-11-07 06:00:00.000000,2021-11-07 09:30:00.000003,21,7.8601093,7.658345,7.5626326,8.17
2021-11-07 06:00:00.000000,2021-11-07 09:39:59.999998,22,8.180462,7.6633277,7.5626326,8.19
2021-11-07 06:00:00.000000,2021-11-07 09:50:00.000002,23,7.900117,7.6674275,7.5626326,7.61
2021-11-07 06:00:00.000000,2021-11-07 09:59:59.999997,24,7.3954144,7.670799,7.5626326,7.62
2021-11-07 06:00:00.000000,2021-11-07 10:10:00.000001,25,7.357439,7.673564,7.5626326,7.3
2021-11-07 06:00:00.000000,2021-11-07 10:19:59.999996,26,7.607431,7.675828,7.5626326,7.64
2021-11-07 06:00:00.000000,2021-11-07 10:30:00.000000,27,7.6548557,7.677677,7.5626326,7.6
2021-11-07 06:00:00.000000,2021-11-07 10:40:00.000004,28,7.5545564,7.6791797,7.5626326,7.57
2021-11-07 06:00:00.000000,2021-11-07 10:49:59.999999,29,7.594403,7.680395,7.5626326,7.64
2021-11-07 06:00:00.000000,2021-11-07 11:00:00.000003,30,7.8071737,7.6813736,7.5626326,7.71
2021-11-07 06:00:00.000000,2021-11-07 11:09:59.999998,31,8.07283,7.6821504,7.5626326,8.24
2021-11-07 06:00:00.000000,2021-11-07 11:20:00.000002,32,8.316154,7.682763,7.5626326,8.11
2021-11-07 06:00:00.000000,2021-11-07 11:29:59.999997,33,8.503379,7.683241,7.5626326,8.55
2021-11-07 06:00:00.000000,2021-11-07 11:40:00.000001,34,8.588272,7.6836023,7.5626326,8.86
2021-11-07 06:00:00.000000,2021-11-07 11:49:59.999996,35,8.594007,7.683872,7.5626326,8.26
2021-11-07 06:00:00.000000,2021-11-07 12:00:00.000000,36,8.713363,7.684067,7.5626326,8.71
2021-11-07 06:10:00.000004,2021-11-07 06:19:59.999999,1,6.763427,7.6027026,7.256754,6.79
2021-11-07 06:10:00.000004,2021-11-07 06:30:00.000003,2,6.639603,7.5291843,7.256754,6.6
2021-11-07 06:10:00.000004,2021-11-07 06:39:59.999998,3,6.639852,7.466732,7.256754,6.78
2021-11-07 06:10:00.000004,2021-11-07 06:50:00.000002,4,6.3006954,7.409377,7.256754,6.15
2021-11-07 06:10:00.000004,2021-11-07 06:59:59.999997,5,5.9716454,7.368068,7.256754,5.99
2021-11-07 06:10:00.000004,2021-11-07 07:10:00.000001,6,6.1961656,7.344119,7.256754,6.22
2021-11-07 06:10:00.000004,2021-11-07 07:19:59.999996,7,6.7881417,7.3349614,7.256754,6.93
2021-11-07 06:10:00.000004,2021-11-07 07:30:00.000000,8,7.2828884,7.336857,7.256754,6.99
2021-11-07 06:10:00.000004,2021-11-07 07:40:00.000004,9,7.551162,7.346163,7.256754,7.82
2021-11-07 06:10:00.000004,2021-11-07 07:49:59.999999,10,7.642614,7.3598495,7.256754,7.43
2021-11-07 06:10:00.000004,2021-11-07 08:00:00.000003,11,7.6719646,7.375619,7.256754,7.9
2021-11-07 06:10:00.000004,2021-11-07 08:09:59.999998,12,7.77976,7.391864,7.256754,7.58
2021-11-07 06:10:00.000004,2021-11-07 08:20:00.000002,13,7.816994,7.4075437,7.256754,7.88
2021-11-07 06:10:00.000004,2021-11-07 08:29:59.999997,14,7.566297,7.422051,7.256754,7.66
2021-11-07 06:10:00.000004,2021-11-07 08:40:00.000001,15,7.379915,7.4350915,7.256754,7.2
2021-11-07 06:10:00.000004,2021-11-07 08:49:59.999996,16,7.7046714,7.446577,7.256754,7.84
2021-11-07 06:10:00.000004,2021-11-07 09:00:00.000000,17,8.106811,7.4565473,7.256754,8.1
2021-11-07 06:10:00.000004,2021-11-07 09:10:00.000004,18,7.9484463,7.4651194,7.256754,7.98
2021-11-07 06:10:00.000004,2021-11-07 09:19:59.999999,19,7.640421,7.4724393,7.256754,7.38
2021-11-07 06:10:00.000004,2021-11-07 09:30:00.000003,20,7.8601093,7.4786625,7.256754,8.17
2021-11-07 06:10:00.000004,2021-11-07 09:39:59.999998,21,8.180462,7.4839416,7.256754,8.19
2021-11-07 06:10:00.000004,2021-11-07 09:50:00.000002,22,7.900117,7.4884124,7.256754,7.61
2021-11-07 06:10:00.000004,2021-11-07 09:59:59.999997,23,7.3954144,7.4921947,7.256754,7.62
2021-11-07 06:10:00.000004,2021-11-07 10:10:00.000001,24,7.357439,7.495394,7.256754,7.3
2021-11-07 06:10:00.000004,2021-11-07 10:19:59.999996,25,7.607431,7.498097,7.256754,7.64
2021-11-07 06:10:00.000004,2021-11-07 10:30:00.000000,26,7.6548557,7.5003767,7.256754,7.6
2021-11-07 06:10:00.000004,2021-11-07 10:40:00.000004,27,7.5545564,7.502294,7.256754,7.57
2021-11-07 06:10:00.000004,2021-11-07 10:49:59.999999,28,7.594403,7.5039062,7.256754,7.64
2021-11-07 06:10:00.000004,2021-11-07 11:00:00.000003,29,7.8071737,7.5052495,7.256754,7.71
2021-11-07 06:10:00.000004,2021-11-07 11:09:59.999998,30,8.07283,7.5063667,7.256754,8.24
2021-11-07 06:10:00.000004,2021-11-07 11:20:00.000002,31,8.316154,7.5072885,7.256754,8.11
2021-11-07 06:10:00.000004,2021-11-07 11:29:59.999997,32,8.503379,7.5080433,7.256754,8.55
2021-11-07 06:10:00.000004,2021-11-07 11:40:00.000001,33,8.588272,7.508655,7.256754,8.86
2021-11-07 06:10:00.000004,2021-11-07 11:49:59.999996,34,8.594007,7.509146,7.256754,8.26
2021-11-07 06:10:00.000004,2021-11-07 12:00:00.000000,35,8.713363,7.509535,7.256754,8.71
2021-11-07 06:10:00.000004,2021-11-07 12:10:00.000004,36,9.05702,7.5098376,7.256754,9.27
2021-11-07 06:19:59.999999,2021-11-07 06:30:00.000003,1,6.639603,7.576106,6.763427,6.6
2021-11-07 06:19:59.999999,2021-11-07 06:39:59.999998,2,6.639852,7.473485,6.763427,6.78
2021-11-07 06:19:59.999999,2021-11-07 06:50:00.000002,3,6.3006954,7.3790107,6.763427,6.15
2021-11-07 06:19:59.999999,2021-11-07 06:59:59.999997,4,5.9716454,7.289986,6.763427,5.99
2021-11-07 06:19:59.999999,2021-11-07 07:10:00.000001,5,6.1961656,7.219215,6.763427,6.22
2021-11-07 06:19:59.999999,2021-11-07 07:19:59.999996,6,6.7881417,7.1689706,6.763427,6.93
2021-11-07 06:19:59.999999,2021-11-07 07:30:00.000000,7,7.2828884,7.1370463,6.763427,6.99
2021-11-07 06:19:59.999999,2021-11-07 07:40:00.000004,8,7.551162,7.1197023,6.763427,7.82
2021-11-07 06:19:59.999999,2021-11-07 07:49:59.999999,9,7.642614,7.113084,6.763427,7.43
2021-11-07 06:19:59.999999,2021-11-07 08:00:00.000003,10,7.6719646,7.1138453,6.763427,7.9
2021-11-07 06:19:59.999999,2021-11-07 08:09:59.999998,11,7.77976,7.119319,6.763427,7.58
2021-11-07 06:19:59.999999,2021-11-07 08:20:00.000002,12,7.816994,7.127523,6.763427,7.88
2021-11-07 06:19:59.999999,2021-11-07 08:29:59.999997,13,7.566297,7.1370535,6.763427,7.66
2021-11-07 06:19:59.999999,2021-11-07 08:40:00.000001,14,7.379915,7.1469755,6.763427,7.2
2021-11-07 06:19:59.999999,2021-11-07 08:49:59.999996,15,7.7046714,7.156697,6.763427,7.84
2021-11-07 06:19:59.999999,2021-11-07 09:00:00.000000,16,8.106811,7.1658726,6.763427,8.1
2021-11-07 06:19:59.999999,2021-11-07 09:10:00.000004,17,7.9484463,7.1743245,6.763427,7.98
2021-11-07 06:19:59.999999,2021-11-07 09:19:59.999999,18,7.640421,7.1819844,6.763427,7.38
2021-11-07 06:19:59.999999,2021-11-07 09:30:00.000003,19,7.8601093,7.188849,6.763427,8.17
2021-11-07 06:19:59.999999,2021-11-07 09:39:59.999998,20,8.180462,7.194952,6.763427,8.19
2021-11-07 06:19:59.999999,2021-11-07 09:50:00.000002,21,7.900117,7.200348,6.763427,7.61
2021-11-07 06:19:59.999999,2021-11-07 09:59:59.999997,22,7.3954144,7.2050977,6.763427,7.62
2021-11-07 06:19:59.999999,2021-11-07 10:10:00.000001,23,7.357439,7.2092605,6.763427,7.3
2021-11-07 06:19:59.999999,2021-11-07 10:19:59.999996,24,7.607431,7.2128983,6.763427,7.64
2021-11-07 06:19:59.999999,2021-11-07 10:30:00.000000,25,7.6548557,7.216064,6.763427,7.6
2021-11-07 06:19:59.999999,2021-11-07 10:40:00.000004,26,7.5545564,7.2188063,6.763427,7.57
2021-11-07 06:19:59.999999,2021-11-07 10:49:59.999999,27,7.594403,7.221173,6.763427,7.64
2021-11-07 06:19:59.999999,2021-11-07 11:00:00.000003,28,7.8071737,7.2232027,6.763427,7.71
2021-11-07 06:19:59.999999,2021-11-07 11:09:59.999998,29,8.07283,7.2249365,6.763427,8.24
2021-11-07 06:19:59.999999,2021-11-07 11:20:00.000002,30,8.316154,7.2264056,6.763427,8.11
2021-11-07 06:19:59.999999,2021-11-07 11:29:59.999997,31,8.503379,7.227642,6.763427,8.55
2021-11-07 06:19:59.999999,2021-11-07 11:40:00.000001,32,8.588272,7.228675,6.763427,8.86
2021-11-07 06:19:59.999999,2021-11-07 11:49:59.999996,33,8.594007,7.2295303,6.763427,8.26
2021-11-07 06:19:59.999999,2021-11-07 12:00:00.000000,34,8.713363,7.230232,6.763427,8.71
2021-11-07 06:19:59.999999,2021-11-07 12:10:00.000004,35,9.05702,7.230802,6.763427,9.27
2021-11-07 06:19:59.999999,2021-11-07 12:19:59.999999,36,9.38875,7.2312574,6.763427,9.39
2021-11-07 06:30:00.000003,2021-11-07 06:39:59.999998,1,6.639852,7.563148,6.639603,6.78
2021-11-07 06:30:00.000003,2021-11-07 06:50:00.000002,2,6.3006954,7.4478416,6.639603,6.15
2021-11-07 06:30:00.000003,2021-11-07 06:59:59.999997,3,5.9716454,7.3429036,6.639603,5.99
2021-11-07 06:30:00.000003,2021-11-07 07:10:00.000001,4,6.1961656,7.2454724,6.639603,6.22
2021-11-07 06:30:00.000003,2021-11-07 07:19:59.999996,5,6.7881417,7.167996,6.639603,6.93
2021-11-07 06:30:00.000003,2021-11-07 07:30:00.000000,6,7.2828884,7.1124573,6.639603,6.99
2021-11-07 06:30:00.000003,2021-11-07 07:40:00.000004,7,7.551162,7.0764036,6.639603,7.82
2021-11-07 06:30:00.000003,2021-11-07 07:49:59.999999,8,7.642614,7.0558753,6.639603,7.43
2021-11-07 06:30:00.000003,2021-11-07 08:00:00.000003,9,7.6719646,7.0468354,6.639603,7.9
2021-11-07 06:30:00.000003,2021-11-07 08:09:59.999998,10,7.77976,7.0457716,6.639603,7.58
2021-11-07 06:30:00.000003,2021-11-07 08:20:00.000002,11,7.816994,7.049889,6.639603,7.88
2021-11-07 06:30:00.000003,2021-11-07 08:29:59.999997,12,7.566297,7.0570955,6.639603,7.66
2021-11-07 06:30:00.000003,2021-11-07 08:40:00.000001,13,7.379915,7.0659027,6.639603,7.2
2021-11-07 06:30:00.000003,2021-11-07 08:49:59.999996,14,7.7046714,7.0753064,6.639603,7.84
2021-11-07 06:30:00.000003,2021-11-07 09:00:00.000000,15,8.106811,7.08466,6.639603,8.1
2021-11-07 06:30:00.000003,2021-11-07 09:10:00.000004,16,7.9484463,7.0935783,6.639603,7.98
2021-11-07 06:30:00.000003,2021-11-07 09:19:59.999999,17,7.640421,7.1018505,6.639603,7.38
2021-11-07 06:30:00.000003,2021-11-07 09:30:00.000003,18,7.8601093,7.1093884,6.639603,8.17
2021-11-07 06:30:00.000003,2021-11-07 09:39:59.999998,19,8.180462,7.1161666,6.639603,8.19
2021-11-07 06:30:00.000003,2021-11-07 09:50:00.000002,20,7.900117,7.122212,6.639603,7.61
2021-11-07 06:30:00.000003,2021-11-07 09:59:59.999997,21,7.3954144,7.127565,6.639603,7.62
2021-11-07 06:30:00.000003,2021-11-07 10:10:00.000001,22,7.357439,7.1322837,6.639603,7.3
2021-11-07 06:30:00.000003,2021-11-07 10:19:59.999996,23,7.607431,7.136422,6.639603,7.64
2021-11-07 06:30:00.000003,2021-11-07 10:30:00.000000,24,7.6548557,7.1400375,6.639603,7.6
2021-11-07 06:30:00.000003,2021-11-07 10:40:00.000004,25,7.5545564,7.1431828,6.639603,7.57
2021-11-07 06:30:00.000003,2021-11-07 10:49:59.999999,26,7.594403,7.145907,6.639603,7.64
2021-11-07 06:30:00.000003,2021-11-07 11:00:00.000003,27,7.8071737,7.148255,6.639603,7.71
2021-11-07 06:30:00.000003,2021-11-07 11:09:59.999998,28,8.07283,7.1502666,6.639603,8.24
2021-11-07 06:30:00.000003,2021-11-07 11:20:00.000002,29,8.316154,7.15198,6.639603,8.11
2021-11-07 06:30:00.000003,2021-11-07 11:29:59.999997,30,8.503379,7.153431,6.639603,8.55
2021-11-07 06:30:00.000003,2021-11-07 11:40:00.000001,31,8.588272,7.1546507,6.639603,8.86
2021-11-07 06:30:00.000003,2021-11-07 11:49:59.999996,32,8.594007,7.1556654,6.639603,8.26
2021-11-07 06:30:00.000003,2021-11-07 12:00:00.000000,33,8.713363,7.156504,6.639603,8.71
2021-11-07 06:30:00.000003,2021-11-07 12:10:00.000004,34,9.05702,7.15719,6.639603,9.27
2021-11-07 06:30:00.000003,2021-11-07 12:19:59.999999,35,9.38875,7.1577425,6.639603,9.39
2021-11-07 06:30:00.000003,2021-11-07 12:30:00.000003,36,9.426726,7.1581864,6.639603,9.3
2021-11-07 06:39:59.999998,2021-11-07 06:50:00.000002,1,6.3006954,7.5548835,6.639852,6.15
2021-11-07 06:39:59.999998,2021-11-07 06:59:59.999997,2,5.9716454,7.4474907,6.639852,5.99
2021-11-07 06:39:59.999998,2021-11-07 07:10:00.000001,3,6.1961656,7.347173,6.639852,6.22
2021-11-07 06:39:59.999998,2021-11-07 07:19:59.999996,4,6.7881417,7.2517657,6.639852,6.93
2021-11-07 06:39:59.999998,2021-11-07 07:30:00.000000,5,7.2828884,7.174533,6.639852,6.99
2021-11-07 06:39:59.999998,2021-11-07 07:40:00.000004,6,7.551162,7.118187,6.639852,7.82
2021-11-07 06:39:59.999998,2021-11-07 07:49:59.999999,7,7.642614,7.080803,6.639852,7.43
2021-11-07 06:39:59.999998,2021-11-07 08:00:00.000003,8,7.6719646,7.0587673,6.639852,7.9
2021-11-07 06:39:59.999998,2021-11-07 08:09:59.999998,9,7.77976,7.0482526,6.639852,7.58
2021-11-07 06:39:59.999998,2021-11-07 08:20:00.000002,10,7.816994,7.045862,6.639852,7.88
2021-11-07 06:39:59.999998,2021-11-07 08:29:59.999997,11,7.566297,7.04885,6.639852,7.66
2021-11-07 06:39:59.999998,2021-11-07 08:40:00.000001,12,7.379915,7.055134,6.639852,7.2
2021-11-07 06:39:59.999998,2021-11-07 08:49:59.999996,13,7.7046714,7.0632205,6.639852,7.84
2021-11-07 06:39:59.999998,2021-11-07 09:00:00.000000,14,8.106811,7.072076,6.639852,8.1
2021-11-07 06:39:59.999998,2021-11-07 09:10:00.000004,15,7.9484463,7.081032,6.639852,7.98
2021-11-07 06:39:59.999998,2021-11-07 09:19:59.999999,16,7.640421,7.08967,6.639852,7.38
2021-11-07 06:39:59.999998,2021-11-07 09:30:00.000003,17,7.8601093,7.09776,6.639852,8.17
2021-11-07 06:39:59.999998,2021-11-07 09:39:59.999998,18,8.180462,7.1051874,6.639852,8.19
2021-11-07 06:39:59.999998,2021-11-07 09:50:00.000002,19,7.900117,7.111908,6.639852,7.61
2021-11-07 06:39:59.999998,2021-11-07 09:59:59.999997,20,7.3954144,7.1179304,6.639852,7.62
2021-11-07 06:39:59.999998,2021-11-07 10:10:00.000001,21,7.357439,7.12329,6.639852,7.3
2021-11-07 06:39:59.999998,2021-11-07 10:19:59.999996,22,7.607431,7.1280284,6.639852,7.64
2021-11-07 06:39:59.999998,2021-11-07 10:30:00.000000,23,7.6548557,7.1321974,6.639852,7.6
2021-11-07 06:39:59.999998,2021-11-07 10:40:00.000004,24,7.5545564,7.1358476,6.639852,7.57
2021-11-07 06:39:59.999998,2021-11-07 10:49:59.999999,25,7.594403,7.139027,6.639852,7.64
2021-11-07 06:39:59.999998,2021-11-07 11:00:00.000003,26,7.8071737,7.1417856,6.639852,7.71
2021-11-07 06:39:59.999998,2021-11-07 11:09:59.999998,27,8.07283,7.144165,6.639852,8.24
2021-11-07 06:39:59.999998,2021-11-07 11:20:00.000002,28,8.316154,7.146206,6.639852,8.11
2021-11-07 06:39:59.999998,2021-11-07 11:29:59.999997,29,8.503379,7.1479445,6.639852,8.55
2021-11-07 06:39:59.999998,2021-11-07 11:40:00.000001,30,8.588272,7.149417,6.639852,8.86
2021-11-07 06:39:59.999998,2021-11-07 11:49:59.999996,31,8.594007,7.150653,6.639852,8.26
2021-11-07 06:39:59.999998,2021-11-07 12:00:00.000000,32,8.713363,7.151683,6.639852,8.71
2021-11-07 06:39:59.999998,2021-11-07 12:10:00.000004,33,9.05702,7.152535,6.639852,9.27
2021-11-07 06:39:59.999998,2021-11-07 12:19:59.999999,34,9.38875,7.1532297,6.639852,9.39
2021-11-07 06:39:59.999998,2021-11-07 12:30:00.000003,35,9.426726,7.1537924,6.639852,9.3
2021-11-07 06:39:59.999998,2021-11-07 12:39:59.999998,36,9.181125,7.15424,6.639852,9.02
2021-11-07 06:50:00.000002,2021-11-07 06:59:59.999997,1,5.9716454,7.520045,6.3006954,5.99
2021-11-07 06:50:00.000002,2021-11-07 07:10:00.000001,2,6.1961656,7.390577,6.3006954,6.22
2021-11-07 06:50:00.000002,2021-11-07 07:19:59.999996,3,6.7881417,7.2667885,6.3006954,6.93
2021-11-07 06:50:00.000002,2021-11-07 07:30:00.000000,4,7.2828884,7.149064,6.3006954,6.99
2021-11-07 06:50:00.000002,2021-11-07 07:40:00.000004,5,7.551162,7.051745,6.3006954,7.82
2021-11-07 06:50:00.000002,2021-11-07 07:49:59.999999,6,7.642614,6.978066,6.3006954,7.43
2021-11-07 06:50:00.000002,2021-11-07 08:00:00.000003,7,7.6719646,6.926213,6.3006954,7.9
2021-11-07 06:50:00.000002,2021-11-07 08:09:59.999998,8,7.77976,6.8924413,6.3006954,7.58
2021-11-07 06:50:00.000002,2021-11-07 08:20:00.000002,9,7.816994,6.8726683,6.3006954,7.88
2021-11-07 06:50:00.000002,2021-11-07 08:29:59.999997,10,7.566297,6.8631787,6.3006954,7.66
2021-11-07 06:50:00.000002,2021-11-07 08:40:00.000001,11,7.379915,6.8608985,6.3006954,7.2
2021-11-07 06:50:00.000002,2021-11-07 08:49:59.999996,12,7.7046714,6.86343,6.3006954,7.84
2021-11-07 06:50:00.000002,2021-11-07 09:00:00.000000,13,8.106811,6.868983,6.3006954,8.1
2021-11-07 06:50:00.000002,2021-11-07 09:10:00.000004,14,7.9484463,6.8762665,6.3006954,7.98
2021-11-07 06:50:00.000002,2021-11-07 09:19:59.999999,15,7.640421,6.884387,6.3006954,7.38
2021-11-07 06:50:00.000002,2021-11-07 09:30:00.000003,16,7.8601093,6.892743,6.3006954,8.17
2021-11-07 06:50:00.000002,2021-11-07 09:39:59.999998,17,8.180462,6.9009433,6.3006954,8.19
2021-11-07 06:50:00.000002,2021-11-07 09:50:00.000002,18,7.900117,6.908756,6.3006954,7.61
2021-11-07 06:50:00.000002,2021-11-07 09:59:59.999997,19,7.3954144,6.9160376,6.3006954,7.62
2021-11-07 06:50:00.000002,2021-11-07 10:10:00.000001,20,7.357439,6.9227233,6.3006954,7.3
2021-11-07 06:50:00.000002,2021-11-07 10:19:59.999996,21,7.607431,6.928791,6.3006954,7.64
2021-11-07 06:50:00.000002,2021-11-07 10:30:00.000000,22,7.6548557,6.9342427,6.3006954,7.6
2021-11-07 06:50:00.000002,2021-11-07 10:40:00.000004,23,7.5545564,6.939103,6.3006954,7.57
2021-11-07 06:50:00.000002,2021-11-07 10:49:59.999999,24,7.594403,6.9434023,6.3006954,7.64
2021-11-07 06:50:00.000002,2021-11-07 11:00:00.000003,25,7.8071737,6.9471807,6.3006954,7.71
2021-11-07 06:50:00.000002,2021-11-07 11:09:59.999998,26,8.07283,6.9504776,6.3006954,8.24
2021-11-07 06:50:00.000002,2021-11-07 11:20:00.000002,27,8.316154,6.9533367,6.3006954,8.11
2021-11-07 06:50:00.000002,2021-11-07 11:29:59.999997,28,8.503379,6.9557977,6.3006954,8.55
2021-11-07 06:50:00.000002,2021-11-07 11:40:00.000001,29,8.588272,6.9579,6.3006954,8.86
2021-11-07 06:50:00.000002,2021-11-07 11:49:59.999996,30,8.594007,6.9596844,6.3006954,8.26
2021-11-07 06:50:00.000002,2021-11-07 12:00:00.000000,31,8.713363,6.961187,6.3006954,8.71
2021-11-07 06:50:00.000002,2021-11-07 12:10:00.000004,32,9.05702,6.9624414,6.3006954,9.27
2021-11-07 06:50:00.000002,2021-11-07 12:19:59.999999,33,9.38875,6.9634786,6.3006954,9.39
2021-11-07 06:50:00.000002,2021-11-07 12:30:00.000003,34,9.426726,6.964329,6.3006954,9.3
2021-11-07 06:50:00.000002,2021-11-07 12:39:59.999998,35,9.181125,6.9650187,6.3006954,9.02
2021-11-07 06:50:00.000002,2021-11-07 12:50:00.000002,36,8.844046,6.965572,6.3006954,9.24
2021-11-07 06:59:59.999997,2021-11-07 07:10:00.000001,1,6.1961656,7.4869785,5.9716454,6.22
2021-11-07 06:59:59.999997,2021-11-07 07:19:59.999996,2,6.7881417,7.326456,5.9716454,6.93
2021-11-07 06:59:59.999997,2021-11-07 07:30:00.000000,3,7.2828884,7.1764936,5.9716454,6.99
2021-11-07 06:59:59.999997,2021-11-07 07:40:00.000004,4,7.551162,7.03746,5.9716454,7.82
2021-11-07 06:59:59.999997,2021-11-07 07:49:59.999999,5,7.642614,6.92307,5.9716454,7.43
2021-11-07 06:59:59.999997,2021-11-07 08:00:00.000003,6,7.6719646,6.8358874,5.9716454,7.9
2021-11-07 06:59:59.999997,2021-11-07 08:09:59.999998,7,7.77976,6.7734556,5.9716454,7.58
2021-11-07 06:59:59.999997,2021-11-07 08:20:00.000002,8,7.816994,6.7314744,5.9716454,7.88
2021-11-07 06:59:59.999997,2021-11-07 08:29:59.999997,9,7.566297,6.70538,5.9716454,7.66
2021-11-07 06:59:59.999997,2021-11-07 08:40:00.000001,10,7.379915,6.691064,5.9716454,7.2
2021-11-07 06:59:59.999997,2021-11-07 08:49:59.999996,11,7.7046714,6.685133,5.9716454,7.84
2021-11-07 06:59:59.999997,2021-11-07 09:00:00.000000,12,8.106811,6.684931,5.9716454,8.1
2021-11-07 06:59:59.999997,2021-11-07 09:10:00.000004,13,7.9484463,6.6884584,5.9716454,7.98
2021-11-07 06:59:59.999997,2021-11-07 09:19:59.999999,14,7.640421,6.6942635,5.9716454,7.38
2021-11-07 06:59:59.999997,2021-11-07 09:30:00.000003,15,7.8601093,6.7013235,5.9716454,8.17
2021-11-07 06:59:59.999997,2021-11-07 09:39:59.999998,16,8.180462,6.7089343,5.9716454,8.19
2021-11-07 06:59:59.999997,2021-11-07 09:50:00.000002,17,7.900117,6.71663,5.9716454,7.61
2021-11-07 06:59:59.999997,2021-11-07 09:59:59.999997,18,7.3954144,6.724106,5.9716454,7.62
2021-11-07 06:59:59.999997,2021-11-07 10:10:00.000001,19,7.357439,6.7311826,5.9716454,7.3
2021-11-07 06:59:59.999997,2021-11-07 10:19:59.999996,20,7.607431,6.7377543,5.9716454,7.64
2021-11-07 06:59:59.999997,2021-11-07 10:30:00.000000,21,7.6548557,6.7437706,5.9716454,7.6
2021-11-07 06:59:59.999997,2021-11-07 10:40:00.000004,22,7.5545564,6.7492146,5.9716454,7.57
2021-11-07 06:59:59.999997,2021-11-07 10:49:59.999999,23,7.594403,6.754094,5.9716454,7.64
2021-11-07 06:59:59.999997,2021-11-07 11:00:00.000003,24,7.8071737,6.758431,5.9716454,7.71
2021-11-07 06:59:59.999997,2021-11-07 11:09:59.999998,25,8.07283,6.7622557,5.9716454,8.24
2021-11-07 06:59:59.999997,2021-11-07 11:20:00.000002,26,8.316154,6.7656026,5.9716454,8.11
2021-11-07 06:59:59.999997,2021-11-07 11:29:59.999997,27,8.503379,6.7685113,5.9716454,8.55
2021-11-07 06:59:59.999997,2021-11-07 11:40:00.000001,28,8.588272,6.7710195,5.9716454,8.86
2021-11-07 06:59:59.999997,2021-11-07 11:49:59.999996,29,8.594007,6.773166,5.9716454,8.26
2021-11-07 06:59:59.999997,2021-11-07 12:00:00.000000,30,8.713363,6.7749887,5.9716454,8.71
2021-11-07 06:59:59.999997,2021-11-07 12:10:00.000004,31,9.05702,6.7765245,5.9716454,9.27
2021-11-07 06:59:59.999997,2021-11-07 12:19:59.999999,32,9.38875,6.7778096,5.9716454,9.39
2021-11-07 06:59:59.999997,2021-11-07 12:30:00.000003,33,9.426726,6.778872,5.9716454,9.3
2021-11-07 06:59:59.999997,2021-11-07 12:39:59.999998,34,9.181125,6.7797437,5.9716454,9.02
2021-11-07 06:59:59.999997,2021-11-07 12:50:00.000002,35,8.844046,6.780451,5.9716454,9.24
2021-11-07 06:59:59.999997,2021-11-07 12:59:59.999997,36,8.66725,6.781017,5.9716454,8.42
2021-11-07 07:10:00.000001,2021-11-07 07:19:59.999996,1,6.7881417,7.46178,6.1961656,6.93
2021-11-07 07:10:00.000001,2021-11-07 07:30:00.000000,2,7.2828884,7.3080597,6.1961656,6.99
2021-11-07 07:10:00.000001,2021-11-07 07:40:00.000004,3,7.551162,7.168583,6.1961656,7.82
2021-11-07 07:10:00.000001,2021-11-07 07:49:59.999999,4,7.642614,7.0417614,6.1961656,7.43
2021-11-07 07:10:00.000001,2021-11-07 08:00:00.000003,5,7.6719646,6.940201,6.1961656,7.9
2021-11-07 07:10:00.000001,2021-11-07 08:09:59.999998,6,7.77976,6.8657227,6.1961656,7.58
2021-11-07 07:10:00.000001,2021-11-07 08:20:00.000002,7,7.816994,6.8153815,6.1961656,7.88
2021-11-07 07:10:00.000001,2021-11-07 08:29:59.999997,8,7.566297,6.7845707,6.1961656,7.66
2021-11-07 07:10:00.000001,2021-11-07 08:40:00.000001,9,7.379915,6.7685566,6.1961656,7.2
2021-11-07 07:10:00.000001,2021-11-07 08:49:59.999996,10,7.7046714,6.7631626,6.1961656,7.84
2021-11-07 07:10:00.000001,2021-11-07 09:00:00.000000,11,8.106811,6.764996,6.1961656,8.1
2021-11-07 07:10:00.000001,2021-11-07 09:10:00.000004,12,7.9484463,6.77145,6.1961656,7.98
2021-11-07 07:10:00.000001,2021-11-07 09:19:59.999999,13,7.640421,6.780609,6.1961656,7.38
2021-11-07 07:10:00.000001,2021-11-07 09:30:00.000003,14,7.8601093,6.7911186,6.1961656,8.17
2021-11-07 07:10:00.000001,2021-11-07 09:39:59.999998,15,8.180462,6.8020597,6.1961656,8.19
2021-11-07 07:10:00.000001,2021-11-07 09:50:00.000002,16,7.900117,6.8128343,6.1961656,7.61
2021-11-07 07:10:00.000001,2021-11-07 09:59:59.999997,17,7.3954144,6.8230777,6.1961656,7.62
2021-11-07 07:10:00.000001,2021-11-07 10:10:00.000001,18,7.357439,6.832582,6.1961656,7.3
2021-11-07 07:10:00.000001,2021-11-07 10:19:59.999996,19,7.607431,6.841249,6.1961656,7.64
2021-11-07 07:10:00.000001,2021-11-07 10:30:00.000000,20,7.6548557,6.8490515,6.1961656,7.6
2021-11-07 07:10:00.000001,2021-11-07 10:40:00.000004,21,7.5545564,6.8560023,6.1961656,7.57
2021-11-07 07:10:00.000001,2021-11-07 10:49:59.999999,22,7.594403,6.8621416,6.1961656,7.64
2021-11-07 07:10:00.000001,2021-11-07 11:00:00.000003,23,7.8071737,6.867528,6.1961656,7.71
2021-11-07 07:10:00.000001,2021-11-07 11:09:59.999998,24,8.07283,6.8722167,6.1961656,8.24
2021-11-07 07:10:00.000001,2021-11-07 11:20:00.000002,25,8.316154,6.876278,6.1961656,8.11
2021-11-07 07:10:00.000001,2021-11-07 11:29:59.999997,26,8.503379,6.87977,6.1961656,8.55
2021-11-07 07:10:00.000001,2021-11-07 11:40:00.000001,27,8.588272,6.8827534,6.1961656,8.86
2021-11-07 07:10:00.000001,2021-11-07 11:49:59.999996,28,8.594007,6.8852882,6.1961656,8.26
2021-11-07 07:10:00.000001,2021-11-07 12:00:00.000000,29,8.713363,6.887424,6.1961656,8.71
2021-11-07 07:10:00.000001,2021-11-07 12:10:00.000004,30,9.05702,6.8892117,6.1961656,9.27
2021-11-07 07:10:00.000001,2021-11-07 12:19:59.999999,31,9.38875,6.8906946,6.1961656,9.39
2021-11-07 07:10:00.000001,2021-11-07 12:30:00.000003,32,9.426726,6.891918,6.1961656,9.3
2021-11-07 07:10:00.000001,2021-11-07 12:39:59.999998,33,9.181125,6.892911,6.1961656,9.02
2021-11-07 07:10:00.000001,2021-11-07 12:50:00.000002,34,8.844046,6.8937154,6.1961656,9.24
2021-11-07 07:10:00.000001,2021-11-07 12:59:59.999997,35,8.66725,6.894354,6.1961656,8.42
2021-11-07 07:10:00.000001,2021-11-07 13:10:00.000001,36,8.797625,6.894857,6.1961656,8.83
2021-11-07 07:19:59.999996,2021-11-07 07:30:00.000000,1,7.2828884,7.4378204,6.7881417,6.99
2021-11-07 07:19:59.999996,2021-11-07 07:40:00.000004,2,7.551162,7.327669,6.7881417,7.82
2021-11-07 07:19:59.999996,2021-11-07 07:49:59.999999,3,7.642614,7.2281694,6.7881417,7.43
2021-11-07 07:19:59.999996,2021-11-07 08:00:00.000003,4,7.6719646,7.1378994,6.7881417,7.9
2021-11-07 07:19:59.999996,2021-11-07 08:09:59.999998,5,7.77976,7.0691447,6.7881417,7.58
2021-11-07 07:19:59.999996,2021-11-07 08:20:00.000002,6,7.816994,7.02374,6.7881417,7.88
2021-11-07 07:19:59.999996,2021-11-07 08:29:59.999997,7,7.566297,6.998895,6.7881417,7.66
2021-11-07 07:19:59.999996,2021-11-07 08:40:00.000001,8,7.379915,6.9902334,6.7881417,7.2
2021-11-07 07:19:59.999996,2021-11-07 08:49:59.999996,9,7.7046714,6.993293,6.7881417,7.84
2021-11-07 07:19:59.999996,2021-11-07 09:00:00.000000,10,8.106811,7.004194,6.7881417,8.1
2021-11-07 07:19:59.999996,2021-11-07 09:10:00.000004,11,7.9484463,7.01984,6.7881417,7.98
2021-11-07 07:19:59.999996,2021-11-07 09:19:59.999999,12,7.640421,7.0379167,6.7881417,7.38
2021-11-07 07:19:59.999996,2021-11-07 09:30:00.000003,13,7.8601093,7.0567856,6.7881417,8.17
2021-11-07 07:19:59.999996,2021-11-07 09:39:59.999998,14,8.180462,7.0753508,6.7881417,8.19
2021-11-07 07:19:59.999996,2021-11-07 09:50:00.000002,15,7.900117,7.092925,6.7881417,7.61
2021-11-07 07:19:59.999996,2021-11-07 09:59:59.999997,16,7.3954144,7.1091285,6.7881417,7.62
2021-11-07 07:19:59.999996,2021-11-07 10:10:00.000001,17,7.357439,7.123779,6.7881417,7.3
2021-11-07 07:19:59.999996,2021-11-07 10:19:59.999996,18,7.607431,7.136834,6.7881417,7.64
2021-11-07 07:19:59.999996,2021-11-07 10:30:00.000000,19,7.6548557,7.148342,6.7881417,7.6
2021-11-07 07:19:59.999996,2021-11-07 10:40:00.000004,20,7.5545564,7.1583934,6.7881417,7.57
2021-11-07 07:19:59.999996,2021-11-07 10:49:59.999999,21,7.594403,7.167108,6.7881417,7.64
2021-11-07 07:19:59.999996,2021-11-07 11:00:00.000003,22,7.8071737,7.1746187,6.7881417,7.71
2021-11-07 07:19:59.999996,2021-11-07 11:09:59.999998,23,8.07283,7.1810527,6.7881417,8.24
2021-11-07 07:19:59.999996,2021-11-07 11:20:00.000002,24,8.316154,7.1865363,6.7881417,8.11
2021-11-07 07:19:59.999996,2021-11-07 11:29:59.999997,25,8.503379,7.1911845,6.7881417,8.55
2021-11-07 07:19:59.999996,2021-11-07 11:40:00.000001,26,8.588272,7.1951027,6.7881417,8.86
2021-11-07 07:19:59.999996,2021-11-07 11:49:59.999996,27,8.594007,7.1983852,6.7881417,8.26
2021-11-07 07:19:59.999996,2021-11-07 12:00:00.000000,28,8.713363,7.2011194,6.7881417,8.71
2021-11-07 07:19:59.999996,2021-11-07 12:10:00.000004,29,9.05702,7.2033806,6.7881417,9.27
2021-11-07 07:19:59.999996,2021-11-07 12:19:59.999999,30,9.38875,7.2052364,6.7881417,9.39
2021-11-07 07:19:59.999996,2021-11-07 12:30:00.000003,31,9.426726,7.206748,6.7881417,9.3
2021-11-07 07:19:59.999996,2021-11-07 12:39:59.999998,32,9.181125,7.2079644,6.7881417,9.02
2021-11-07 07:19:59.999996,2021-11-07 12:50:00.000002,33,8.844046,7.2089343,6.7881417,9.24
2021-11-07 07:19:59.999996,2021-11-07 12:59:59.999997,34,8.66725,7.2096987,6.7881417,8.42
2021-11-07 07:19:59.999996,2021-11-07 13:10:00.000001,35,8.797625,7.210291,6.7881417,8.83
2021-11-07 07:19:59.999996,2021-11-07 13:19:59.999996,36,8.984441,7.2107406,6.7881417,8.94
2021-11-07 07:30:00.000000,2021-11-07 07:40:00.000004,1,7.551162,7.427779,7.2828884,7.82
2021-11-07 07:30:00.000000,2021-11-07 07:49:59.999999,2,7.642614,7.357563,7.2828884,7.43
2021-11-07 07:30:00.000000,2021-11-07 08:00:00.000003,3,7.6719646,7.295287,7.2828884,7.9
2021-11-07 07:30:00.000000,2021-11-07 08:09:59.999998,4,7.77976,7.238808,7.2828884,7.58
2021-11-07 07:30:00.000000,2021-11-07 08:20:00.000002,5,7.816994,7.199871,7.2828884,7.88
2021-11-07 07:30:00.000000,2021-11-07 08:29:59.999997,6,7.566297,7.180243,7.2828884,7.66
2021-11-07 07:30:00.000000,2021-11-07 08:40:00.000001,7,7.379915,7.177307,7.2828884,7.2
2021-11-07 07:30:00.000000,2021-11-07 08:49:59.999996,8,7.7046714,7.186997,7.2828884,7.84
2021-11-07 07:30:00.000000,2021-11-07 09:00:00.000000,9,8.106811,7.20523,7.2828884,8.1
2021-11-07 07:30:00.000000,2021-11-07 09:10:00.000004,10,7.9484463,7.228521,7.2828884,7.98
2021-11-07 07:30:00.000000,2021-11-07 09:19:59.999999,11,7.640421,7.254161,7.2828884,7.38
2021-11-07 07:30:00.000000,2021-11-07 09:30:00.000003,12,7.8601093,7.2802033,7.2828884,8.17
2021-11-07 07:30:00.000000,2021-11-07 09:39:59.999998,13,8.180462,7.3053365,7.2828884,8.19
2021-11-07 07:30:00.000000,2021-11-07 09:50:00.000002,14,7.900117,7.328765,7.2828884,7.61
2021-11-07 07:30:00.000000,2021-11-07 09:59:59.999997,15,7.3954144,7.3500586,7.2828884,7.62
2021-11-07 07:30:00.000000,2021-11-07 10:10:00.000001,16,7.357439,7.3690534,7.2828884,7.3
2021-11-07 07:30:00.000000,2021-11-07 10:19:59.999996,17,7.607431,7.3857594,7.2828884,7.64
2021-11-07 07:30:00.000000,2021-11-07 10:30:00.000000,18,7.6548557,7.4002895,7.2828884,7.6
2021-11-07 07:30:00.000000,2021-11-07 10:40:00.000004,19,7.5545564,7.4128175,7.2828884,7.57
2021-11-07 07:30:00.000000,2021-11-07 10:49:59.999999,20,7.594403,7.423541,7.2828884,7.64
2021-11-07 07:30:00.000000,2021-11-07 11:00:00.000003,21,7.8071737,7.4326663,7.2828884,7.71
2021-11-07 07:30:00.000000,2021-11-07 11:09:59.999998,22,8.07283,7.44039,7.2828884,8.24
2021-11-07 07:30:00.000000,2021-11-07 11:20:00.000002,23,8.316154,7.4468946,7.2828884,8.11
2021-11-07 07:30:00.000000,2021-11-07 11:29:59.999997,24,8.503379,7.4523463,7.2828884,8.55
2021-11-07 07:30:00.000000,2021-11-07 11:40:00.000001,25,8.588272,7.456896,7.2828884,8.86
2021-11-07 07:30:00.000000,2021-11-07 11:49:59.999996,26,8.594007,7.4606705,7.2828884,8.26
2021-11-07 07:30:00.000000,2021-11-07 12:00:00.000000,27,8.713363,7.4637833,7.2828884,8.71
2021-11-07 07:30:00.000000,2021-11-07 12:10:00.000004,28,9.05702,7.4663353,7.2828884,9.27
2021-11-07 07:30:00.000000,2021-11-07 12:19:59.999999,29,9.38875,7.468413,7.2828884,9.39
2021-11-07 07:30:00.000000,2021-11-07 12:30:00.000003,30,9.426726,7.470089,7.2828884,9.3
2021-11-07 07:30:00.000000,2021-11-07 12:39:59.999998,31,9.181125,7.471427,7.2828884,9.02
2021-11-07 07:30:00.000000,2021-11-07 12:50:00.000002,32,8.844046,7.4724836,7.2828884,9.24
2021-11-07 07:30:00.000000,2021-11-07 12:59:59.999997,33,8.66725,7.473307,7.2828884,8.42
2021-11-07 07:30:00.000000,2021-11-07 13:10:00.000001,34,8.797625,7.473939,7.2828884,8.83
2021-11-07 07:30:00.000000,2021-11-07 13:19:59.999996,35,8.984441,7.474411,7.2828884,8.94
2021-11-07 07:30:00.000000,2021-11-07 13:30:00.000000,36,8.876604,7.474755,7.2828884,9.09
2021-11-07 07:40:00.000004,2021-11-07 07:49:59.999999,1,7.642614,7.493882,7.551162,7.43
2021-11-07 07:40:00.000004,2021-11-07 08:00:00.000003,2,7.6719646,7.4525905,7.551162,7.9
2021-11-07 07:40:00.000004,2021-11-07 08:09:59.999998,3,7.77976,7.416063,7.551162,7.58
2021-11-07 07:40:00.000004,2021-11-07 08:20:00.000002,4,7.816994,7.380478,7.551162,7.88
2021-11-07 07:40:00.000004,2021-11-07 08:29:59.999997,5,7.566297,7.35748,7.551162,7.66
2021-11-07 07:40:00.000004,2021-11-07 08:40:00.000001,6,7.379915,7.349237,7.551162,7.2
2021-11-07 07:40:00.000004,2021-11-07 08:49:59.999996,7,7.7046714,7.3537803,7.551162,7.84
2021-11-07 07:40:00.000004,2021-11-07 09:00:00.000000,8,8.106811,7.3677635,7.551162,8.1
2021-11-07 07:40:00.000004,2021-11-07 09:10:00.000004,9,7.9484463,7.3877897,7.551162,7.98
2021-11-07 07:40:00.000004,2021-11-07 09:19:59.999999,10,7.640421,7.4109874,7.551162,7.38
2021-11-07 07:40:00.000004,2021-11-07 09:30:00.000003,11,7.8601093,7.4351745,7.551162,8.17
2021-11-07 07:40:00.000004,2021-11-07 09:39:59.999998,12,8.180462,7.458828,7.551162,8.19
2021-11-07 07:40:00.000004,2021-11-07 09:50:00.000002,13,7.900117,7.4809933,7.551162,7.61
2021-11-07 07:40:00.000004,2021-11-07 09:59:59.999997,14,7.3954144,7.501137,7.551162,7.62
2021-11-07 07:40:00.000004,2021-11-07 10:10:00.000001,15,7.357439,7.5190415,7.551162,7.3
2021-11-07 07:40:00.000004,2021-11-07 10:19:59.999996,16,7.607431,7.534692,7.551162,7.64
2021-11-07 07:40:00.000004,2021-11-07 10:30:00.000000,17,7.6548557,7.5482016,7.551162,7.6
2021-11-07 07:40:00.000004,2021-11-07 10:40:00.000004,18,7.5545564,7.5597553,7.551162,7.57
2021-11-07 07:40:00.000004,2021-11-07 10:49:59.999999,19,7.594403,7.5695696,7.551162,7.64
2021-11-07 07:40:00.000004,2021-11-07 11:00:00.000003,20,7.8071737,7.577861,7.551162,7.71
2021-11-07 07:40:00.000004,2021-11-07 11:09:59.999998,21,8.07283,7.5848374,7.551162,8.24
2021-11-07 07:40:00.000004,2021-11-07 11:20:00.000002,22,8.316154,7.59069,7.551162,8.11
2021-11-07 07:40:00.000004,2021-11-07 11:29:59.999997,23,8.503379,7.5955844,7.551162,8.55
2021-11-07 07:40:00.000004,2021-11-07 11:40:00.000001,24,8.588272,7.59967,7.551162,8.86
2021-11-07 07:40:00.000004,2021-11-07 11:49:59.999996,25,8.594007,7.6030664,7.551162,8.26
2021-11-07 07:40:00.000004,2021-11-07 12:00:00.000000,26,8.713363,7.605885,7.551162,8.71
2021-11-07 07:40:00.000004,2021-11-07 12:10:00.000004,27,9.05702,7.6082106,7.551162,9.27
2021-11-07 07:40:00.000004,2021-11-07 12:19:59.999999,28,9.38875,7.610123,7.551162,9.39
2021-11-07 07:40:00.000004,2021-11-07 12:30:00.000003,29,9.426726,7.611685,7.551162,9.3
2021-11-07 07:40:00.000004,2021-11-07 12:39:59.999998,30,9.181125,7.612952,7.551162,9.02
2021-11-07 07:40:00.000004,2021-11-07 12:50:00.000002,31,8.844046,7.613972,7.551162,9.24
2021-11-07 07:40:00.000004,2021-11-07 12:59:59.999997,32,8.66725,7.614784,7.551162,8.42
2021-11-07 07:40:00.000004,2021-11-07 13:10:00.000001,33,8.797625,7.6154203,7.551162,8.83
2021-11-07 07:40:00.000004,2021-11-07 13:19:59.999996,34,8.984441,7.6159134,7.551162,8.94
2021-11-07 07:40:00.000004,2021-11-07 13:30:00.000000,35,8.876604,7.6162868,7.551162,9.09
2021-11-07 07:40:00.000004,2021-11-07 13:40:00.000004,36,8.61727,7.6165643,7.551162,8.24
2021-11-07 07:49:59.999999,2021-11-07 08:00:00.000003,1,7.6719646,7.5303025,7.642614,7.9
2021-11-07 07:49:59.999999,2021-11-07 08:09:59.999998,2,7.77976,7.5027423,7.642614,7.58
2021-11-07 07:49:59.999999,2021-11-07 08:20:00.000002,3,7.816994,7.4777274,7.642614,7.88
2021-11-07 07:49:59.999999,2021-11-07 08:29:59.999997,4,7.566297,7.4501996,7.642614,7.66
2021-11-07 07:49:59.999999,2021-11-07 08:40:00.000001,5,7.379915,7.4323325,7.642614,7.2
2021-11-07 07:49:59.999999,2021-11-07 08:49:59.999996,6,7.7046714,7.426812,7.642614,7.84
2021-11-07 07:49:59.999999,2021-11-07 09:00:00.000000,7,8.106811,7.432174,7.642614,8.1
2021-11-07 07:49:59.999999,2021-11-07 09:10:00.000004,8,7.9484463,7.445533,7.642614,7.98
2021-11-07 07:49:59.999999,2021-11-07 09:19:59.999999,9,7.640421,7.4638968,7.642614,7.38
2021-11-07 07:49:59.999999,2021-11-07 09:30:00.000003,10,7.8601093,7.484744,7.642614,8.17
2021-11-07 07:49:59.999999,2021-11-07 09:39:59.999998,11,8.180462,7.5061674,7.642614,8.19
2021-11-07 07:49:59.999999,2021-11-07 09:50:00.000002,12,7.900117,7.526869,7.642614,7.61
2021-11-07 07:49:59.999999,2021-11-07 09:59:59.999997,13,7.3954144,7.546051,7.642614,7.62
2021-11-07 07:49:59.999999,2021-11-07 10:10:00.000001,14,7.357439,7.5633016,7.642614,7.3
2021-11-07 07:49:59.999999,2021-11-07 10:19:59.999996,15,7.607431,7.578483,7.642614,7.64
2021-11-07 07:49:59.999999,2021-11-07 10:30:00.000000,16,7.6548557,7.591629,7.642614,7.6
2021-11-07 07:49:59.999999,2021-11-07 10:40:00.000004,17,7.5545564,7.6028814,7.642614,7.57
2021-11-07 07:49:59.999999,2021-11-07 10:49:59.999999,18,7.594403,7.6124325,7.642614,7.64
2021-11-07 07:49:59.999999,2021-11-07 11:00:00.000003,19,7.8071737,7.6204953,7.642614,7.71
2021-11-07 07:49:59.999999,2021-11-07 11:09:59.999998,20,8.07283,7.627275,7.642614,8.24
2021-11-07 07:49:59.999999,2021-11-07 11:20:00.000002,21,8.316154,7.6329656,7.642614,8.11
2021-11-07 07:49:59.999999,2021-11-07 11:29:59.999997,22,8.503379,7.6377335,7.642614,8.55
2021-11-07 07:49:59.999999,2021-11-07 11:40:00.000001,23,8.588272,7.641725,7.642614,8.86
2021-11-07 07:49:59.999999,2021-11-07 11:49:59.999996,24,8.594007,7.6450653,7.642614,8.26
2021-11-07 07:49:59.999999,2021-11-07 12:00:00.000000,25,8.713363,7.6478586,7.642614,8.71
2021-11-07 07:49:59.999999,2021-11-07 12:10:00.000004,26,9.05702,7.650186,7.642614,9.27
2021-11-07 07:49:59.999999,2021-11-07 12:19:59.999999,27,9.38875,7.652124,7.642614,9.39
2021-11-07 07:49:59.999999,2021-11-07 12:30:00.000003,28,9.426726,7.653733,7.642614,9.3
2021-11-07 07:49:59.999999,2021-11-07 12:39:59.999998,29,9.181125,7.6550603,7.642614,9.02
2021-11-07 07:49:59.999999,2021-11-07 12:50:00.000002,30,8.844046,7.65615,7.642614,9.24
2021-11-07 07:49:59.999999,2021-11-07 12:59:59.999997,31,8.66725,7.6570363,7.642614,8.42
2021-11-07 07:49:59.999999,2021-11-07 13:10:00.000001,32,8.797625,7.6577535,7.642614,8.83
2021-11-07 07:49:59.999999,2021-11-07 13:19:59.999996,33,8.984441,7.6583242,7.642614,8.94
2021-11-07 07:49:59.999999,2021-11-07 13:30:00.000000,34,8.876604,7.6587744,7.642614,9.09
2021-11-07 07:49:59.999999,2021-11-07 13:40:00.000004,35,8.61727,7.6591225,7.642614,8.24
2021-11-07 07:49:59.999999,2021-11-07 13:49:59.999999,36,8.525047,7.659387,7.642614,8.9
2021-11-07 08:00:00.000003,2021-11-07 08:09:59.999998,1,7.77976,7.5825267,7.6719646,7.58
2021-11-07 08:00:00.000003,2021-11-07 08:20:00.000002,2,7.816994,7.5735974,7.6719646,7.88
2021-11-07 08:00:00.000003,2021-11-07 08:29:59.999997,3,7.566297,7.560148,7.6719646,7.66
2021-11-07 08:00:00.000003,2021-11-07 08:40:00.000001,4,7.379915,7.537972,7.6719646,7.2
2021-11-07 08:00:00.000003,2021-11-07 08:49:59.999996,5,7.7046714,7.5207014,7.6719646,7.84
2021-11-07 08:00:00.000003,2021-11-07 09:00:00.000000,6,8.106811,7.5124087,7.6719646,8.1
2021-11-07 08:00:00.000003,2021-11-07 09:10:00.000004,7,7.9484463,7.512793,7.6719646,7.98
2021-11-07 08:00:00.000003,2021-11-07 09:19:59.999999,8,7.640421,7.519877,7.6719646,7.38
2021-11-07 08:00:00.000003,2021-11-07 09:30:00.000003,9,7.8601093,7.531358,7.6719646,8.17
2021-11-07 08:00:00.000003,2021-11-07 09:39:59.999998,10,8.180462,7.5452003,7.6719646,8.19
2021-11-07 08:00:00.000003,2021-11-07 09:50:00.000002,11,7.900117,7.55984,7.6719646,7.61
2021-11-07 08:00:00.000003,2021-11-07 09:59:59.999997,12,7.3954144,7.574195,7.6719646,7.62
2021-11-07 08:00:00.000003,2021-11-07 10:10:00.000001,13,7.357439,7.587593,7.6719646,7.3
2021-11-07 08:00:00.000003,2021-11-07 10:19:59.999996,14,7.607431,7.5996814,7.6719646,7.64
2021-11-07 08:00:00.000003,2021-11-07 10:30:00.000000,15,7.6548557,7.610336,7.6719646,7.6
2021-11-07 08:00:00.000003,2021-11-07 10:40:00.000004,16,7.5545564,7.619572,7.6719646,7.57
2021-11-07 08:00:00.000003,2021-11-07 10:49:59.999999,17,7.594403,7.6274915,7.6719646,7.64
2021-11-07 08:00:00.000003,2021-11-07 11:00:00.000003,18,7.8071737,7.6342406,7.6719646,7.71
2021-11-07 08:00:00.000003,2021-11-07 11:09:59.999998,19,8.07283,7.6399717,7.6719646,8.24
2021-11-07 08:00:00.000003,2021-11-07 11:20:00.000002,20,8.316154,7.6448374,7.6719646,8.11
2021-11-07 08:00:00.000003,2021-11-07 11:29:59.999997,21,8.503379,7.648974,7.6719646,8.55
2021-11-07 08:00:00.000003,2021-11-07 11:40:00.000001,22,8.588272,7.652496,7.6719646,8.86
2021-11-07 08:00:00.000003,2021-11-07 11:49:59.999996,23,8.594007,7.655504,7.6719646,8.26
2021-11-07 08:00:00.000003,2021-11-07 12:00:00.000000,24,8.713363,7.6580777,7.6719646,8.71
2021-11-07 08:00:00.000003,2021-11-07 12:10:00.000004,25,9.05702,7.6602836,7.6719646,9.27
2021-11-07 08:00:00.000003,2021-11-07 12:19:59.999999,26,9.38875,7.6621747,7.6719646,9.39
2021-11-07 08:00:00.000003,2021-11-07 12:30:00.000003,27,9.426726,7.6637955,7.6719646,9.3
2021-11-07 08:00:00.000003,2021-11-07 12:39:59.999998,28,9.181125,7.6651783,7.6719646,9.02
2021-11-07 08:00:00.000003,2021-11-07 12:50:00.000002,29,8.844046,7.66636,7.6719646,9.24
2021-11-07 08:00:00.000003,2021-11-07 12:59:59.999997,30,8.66725,7.6673584,7.6719646,8.42
2021-11-07 08:00:00.000003,2021-11-07 13:10:00.000001,31,8.797625,7.6681995,7.6719646,8.83
2021-11-07 08:00:00.000003,2021-11-07 13:19:59.999996,32,8.984441,7.6689053,7.6719646,8.94
2021-11-07 08:00:00.000003,2021-11-07 13:30:00.000000,33,8.876604,7.669489,7.6719646,9.09
2021-11-07 08:00:00.000003,2021-11-07 13:40:00.000004,34,8.61727,7.6699686,7.6719646,8.24
2021-11-07 08:00:00.000003,2021-11-07 13:49:59.999999,35,8.525047,7.6703568,7.6719646,8.9
2021-11-07 08:00:00.000003,2021-11-07 14:00:00.000003,36,8.422565,7.6706676,7.6719646,8.27
2021-11-07 08:09:59.999998,2021-11-07 08:20:00.000002,1,7.816994,7.625922,7.77976,7.88
2021-11-07 08:09:59.999998,2021-11-07 08:29:59.999997,2,7.566297,7.624814,7.77976,7.66
2021-11-07 08:09:59.999998,2021-11-07 08:40:00.000001,3,7.379915,7.6179786,7.77976,7.2
2021-11-07 08:09:59.999998,2021-11-07 08:49:59.999996,4,7.7046714,7.6012917,7.77976,7.84
2021-11-07 08:09:59.999998,2021-11-07 09:00:00.000000,5,8.106811,7.588162,7.77976,8.1
2021-11-07 08:09:59.999998,2021-11-07 09:10:00.000004,6,7.9484463,7.5826855,7.77976,7.98
2021-11-07 08:09:59.999998,2021-11-07 09:19:59.999999,7,7.640421,7.584713,7.77976,7.38
2021-11-07 08:09:59.999998,2021-11-07 09:30:00.000003,8,7.8601093,7.5924916,7.77976,8.17
2021-11-07 08:09:59.999998,2021-11-07 09:39:59.999998,9,8.180462,7.6039433,7.77976,8.19
2021-11-07 08:09:59.999998,2021-11-07 09:50:00.000002,10,7.900117,7.6172395,7.77976,7.61
2021-11-07 08:09:59.999998,2021-11-07 09:59:59.999997,11,7.3954144,7.630984,7.77976,7.62
2021-11-07 08:09:59.999998,2021-11-07 10:10:00.000001,12,7.357439,7.644235,7.77976,7.3
2021-11-07 08:09:59.999998,2021-11-07 10:19:59.999996,13,7.607431,7.656423,7.77976,7.64
2021-11-07 08:09:59.999998,2021-11-07 10:30:00.000000,14,7.6548557,7.667276,7.77976,7.6
2021-11-07 08:09:59.999998,2021-11-07 10:40:00.000004,15,7.5545564,7.6767197,7.77976,7.57
2021-11-07 08:09:59.999998,2021-11-07 10:49:59.999999,16,7.594403,7.684811,7.77976,7.64
2021-11-07 08:09:59.999998,2021-11-07 11:00:00.000003,17,7.8071737,7.691673,7.77976,7.71
2021-11-07 08:09:59.999998,2021-11-07 11:09:59.999998,18,8.07283,7.697464,7.77976,8.24
2021-11-07 08:09:59.999998,2021-11-07 11:20:00.000002,19,8.316154,7.7023444,7.77976,8.11
2021-11-07 08:09:59.999998,2021-11-07 11:29:59.999997,20,8.503379,7.7064643,7.77976,8.55
2021-11-07 08:09:59.999998,2021-11-07 11:40:00.000001,21,8.588272,7.709955,7.77976,8.86
2021-11-07 08:09:59.999998,2021-11-07 11:49:59.999996,22,8.594007,7.712926,7.77976,8.26
2021-11-07 08:09:59.999998,2021-11-07 12:00:00.000000,23,8.713363,7.7154684,7.77976,8.71
2021-11-07 08:09:59.999998,2021-11-07 12:10:00.000004,24,9.05702,7.7176557,7.77976,9.27
2021-11-07 08:09:59.999998,2021-11-07 12:19:59.999999,25,9.38875,7.719542,7.77976,9.39
2021-11-07 08:09:59.999998,2021-11-07 12:30:00.000003,26,9.426726,7.7211733,7.77976,9.3
2021-11-07 08:09:59.999998,2021-11-07 12:39:59.999998,27,9.181125,7.7225857,7.77976,9.02
2021-11-07 08:09:59.999998,2021-11-07 12:50:00.000002,28,8.844046,7.723807,7.77976,9.24
2021-11-07 08:09:59.999998,2021-11-07 12:59:59.999997,29,8.66725,7.7248583,7.77976,8.42
2021-11-07 08:09:59.999998,2021-11-07 13:10:00.000001,30,8.797625,7.7257633,7.77976,8.83
2021-11-07 08:09:59.999998,2021-11-07 13:19:59.999996,31,8.984441,7.726534,7.77976,8.94
2021-11-07 08:09:59.999998,2021-11-07 13:30:00.000000,32,8.876604,7.7271867,7.77976,9.09
2021-11-07 08:09:59.999998,2021-11-07 13:40:00.000004,33,8.61727,7.727736,7.77976,8.24
2021-11-07 08:09:59.999998,2021-11-07 13:49:59.999999,34,8.525047,7.728193,7.77976,8.9
2021-11-07 08:09:59.999998,2021-11-07 14:00:00.000003,35,8.422565,7.7285714,7.77976,8.27
2021-11-07 08:09:59.999998,2021-11-07 14:09:59.999998,36,8.003331,7.7288775,7.77976,7.92
2021-11-07 08:20:00.000002,2021-11-07 08:29:59.999997,1,7.566297,7.637516,7.816994,7.66
2021-11-07 08:20:00.000002,2021-11-07 08:40:00.000001,2,7.379915,7.64658,7.816994,7.2
2021-11-07 08:20:00.000002,2021-11-07 08:49:59.999996,3,7.7046714,7.6482224,7.816994,7.84
2021-11-07 08:20:00.000002,2021-11-07 09:00:00.000000,4,8.106811,7.6378417,7.816994,8.1
2021-11-07 08:20:00.000002,2021-11-07 09:10:00.000004,5,7.9484463,7.6289577,7.816994,7.98
2021-11-07 08:20:00.000002,2021-11-07 09:19:59.999999,6,7.640421,7.6258817,7.816994,7.38
2021-11-07 08:20:00.000002,2021-11-07 09:30:00.000003,7,7.8601093,7.6287646,7.816994,8.17
2021-11-07 08:20:00.000002,2021-11-07 09:39:59.999998,8,8.180462,7.636174,7.816994,8.19
2021-11-07 08:20:00.000002,2021-11-07 09:50:00.000002,9,7.900117,7.6463485,7.816994,7.61
2021-11-07 08:20:00.000002,2021-11-07 09:59:59.999997,10,7.3954144,7.6577353,7.816994,7.62
2021-11-07 08:20:00.000002,2021-11-07 10:10:00.000001,11,7.357439,7.6691732,7.816994,7.3
2021-11-07 08:20:00.000002,2021-11-07 10:19:59.999996,12,7.607431,7.679902,7.816994,7.64
2021-11-07 08:20:00.000002,2021-11-07 10:30:00.000000,13,7.6548557,7.6895027,7.816994,7.6
2021-11-07 08:20:00.000002,2021-11-07 10:40:00.000004,14,7.5545564,7.6978083,7.816994,7.57
2021-11-07 08:20:00.000002,2021-11-07 10:49:59.999999,15,7.594403,7.704821,7.816994,7.64
2021-11-07 08:20:00.000002,2021-11-07 11:00:00.000003,16,7.8071737,7.710648,7.816994,7.71
2021-11-07 08:20:00.000002,2021-11-07 11:09:59.999998,17,8.07283,7.7154436,7.816994,8.24
2021-11-07 08:20:00.000002,2021-11-07 11:20:00.000002,18,8.316154,7.7193775,7.816994,8.11
2021-11-07 08:20:00.000002,2021-11-07 11:29:59.999997,19,8.503379,7.722616,7.816994,8.55
2021-11-07 08:20:00.000002,2021-11-07 11:40:00.000001,20,8.588272,7.7253,7.816994,8.86
2021-11-07 08:20:00.000002,2021-11-07 11:49:59.999996,21,8.594007,7.7275515,7.816994,8.26
2021-11-07 08:20:00.000002,2021-11-07 12:00:00.000000,22,8.713363,7.729463,7.816994,8.71
2021-11-07 08:20:00.000002,2021-11-07 12:10:00.000004,23,9.05702,7.7311106,7.816994,9.27
2021-11-07 08:20:00.000002,2021-11-07 12:19:59.999999,24,9.38875,7.7325473,7.816994,9.39
2021-11-07 08:20:00.000002,2021-11-07 12:30:00.000003,25,9.426726,7.733812,7.816994,9.3
2021-11-07 08:20:00.000002,2021-11-07 12:39:59.999998,26,9.181125,7.734934,7.816994,9.02
2021-11-07 08:20:00.000002,2021-11-07 12:50:00.000002,27,8.844046,7.7359295,7.816994,9.24
2021-11-07 08:20:00.000002,2021-11-07 12:59:59.999997,28,8.66725,7.7368155,7.816994,8.42
2021-11-07 08:20:00.000002,2021-11-07 13:10:00.000001,29,8.797625,7.7376018,7.816994,8.83
2021-11-07 08:20:00.000002,2021-11-07 13:19:59.999996,30,8.984441,7.7382956,7.816994,8.94
2021-11-07 08:20:00.000002,2021-11-07 13:30:00.000000,31,8.876604,7.7389045,7.816994,9.09
2021-11-07 08:20:00.000002,2021-11-07 13:40:00.000004,32,8.61727,7.7394357,7.816994,8.24
2021-11-07 08:20:00.000002,2021-11-07 13:49:59.999999,33,8.525047,7.739892,7.816994,8.9
2021-11-07 08:20:00.000002,2021-11-07 14:00:00.000003,34,8.422565,7.7402825,7.816994,8.27
2021-11-07 08:20:00.000002,2021-11-07 14:09:59.999998,35,8.003331,7.740612,7.816994,7.92
2021-11-07 08:20:00.000002,2021-11-07 14:20:00.000002,36,7.523931,7.740889,7.816994,7.66
2021-11-07 08:29:59.999997,2021-11-07 08:40:00.000001,1,7.379915,7.666159,7.566297,7.2
2021-11-07 08:29:59.999997,2021-11-07 08:49:59.999996,2,7.7046714,7.6559234,7.566297,7.84
2021-11-07 08:29:59.999997,2021-11-07 09:00:00.000000,3,8.106811,7.639847,7.566297,8.1
2021-11-07 08:29:59.999997,2021-11-07 09:10:00.000004,4,7.9484463,7.613265,7.566297,7.98
2021-11-07 08:29:59.999997,2021-11-07 09:19:59.999999,5,7.640421,7.5895457,7.566297,7.38
2021-11-07 08:29:59.999997,2021-11-07 09:30:00.000003,6,7.8601093,7.572851,7.566297,8.17
2021-11-07 08:29:59.999997,2021-11-07 09:39:59.999998,7,8.180462,7.56325,7.566297,8.19
2021-11-07 08:29:59.999997,2021-11-07 09:50:00.000002,8,7.900117,7.559278,7.566297,7.61
2021-11-07 08:29:59.999997,2021-11-07 09:59:59.999997,9,7.3954144,7.5591526,7.566297,7.62
2021-11-07 08:29:59.999997,2021-11-07 10:10:00.000001,10,7.357439,7.561308,7.566297,7.3
2021-11-07 08:29:59.999997,2021-11-07 10:19:59.999996,11,7.607431,7.5645523,7.566297,7.64
2021-11-07 08:29:59.999997,2021-11-07 10:30:00.000000,12,7.6548557,7.5680823,7.566297,7.6
2021-11-07 08:29:59.999997,2021-11-07 10:40:00.000004,13,7.5545564,7.571417,7.566297,7.57
2021-11-07 08:29:59.999997,2021-11-07 10:49:59.999999,14,7.594403,7.574322,7.566297,7.64
2021-11-07 08:29:59.999997,2021-11-07 11:00:00.000003,15,7.8071737,7.5767236,7.566297,7.71
2021-11-07 08:29:59.999997,2021-11-07 11:09:59.999998,16,8.07283,7.5786495,7.566297,8.24
2021-11-07 08:29:59.999997,2021-11-07 11:20:00.000002,17,8.316154,7.580177,7.566297,8.11
2021-11-07 08:29:59.999997,2021-11-07 11:29:59.999997,18,8.503379,7.5813966,7.566297,8.55
2021-11-07 08:29:59.999997,2021-11-07 11:40:00.000001,19,8.588272,7.5824027,7.566297,8.86
2021-11-07 08:29:59.999997,2021-11-07 11:49:59.999996,20,8.594007,7.583269,7.566297,8.26
2021-11-07 08:29:59.999997,2021-11-07 12:00:00.000000,21,8.713363,7.5840545,7.566297,8.71
2021-11-07 08:29:59.999997,2021-11-07 12:10:00.000004,22,9.05702,7.5848007,7.566297,9.27
2021-11-07 08:29:59.999997,2021-11-07 12:19:59.999999,23,9.38875,7.5855303,7.566297,9.39
2021-11-07 08:29:59.999997,2021-11-07 12:30:00.000003,24,9.426726,7.5862546,7.566297,9.3
2021-11-07 08:29:59.999997,2021-11-07 12:39:59.999998,25,9.181125,7.586977,7.566297,9.02
2021-11-07 08:29:59.999997,2021-11-07 12:50:00.000002,26,8.844046,7.5876923,7.566297,9.24
2021-11-07 08:29:59.999997,2021-11-07 12:59:59.999997,27,8.66725,7.5883923,7.566297,8.42
2021-11-07 08:29:59.999997,2021-11-07 13:10:00.000001,28,8.797625,7.5890703,7.566297,8.83
2021-11-07 08:29:59.999997,2021-11-07 13:19:59.999996,29,8.984441,7.5897174,7.566297,8.94
2021-11-07 08:29:59.999997,2021-11-07 13:30:00.000000,30,8.876604,7.590324,7.566297,9.09
2021-11-07 08:29:59.999997,2021-11-07 13:40:00.000004,31,8.61727,7.590887,7.566297,8.24
2021-11-07 08:29:59.999997,2021-11-07 13:49:59.999999,32,8.525047,7.591401,7.566297,8.9
2021-11-07 08:29:59.999997,2021-11-07 14:00:00.000003,33,8.422565,7.5918636,7.566297,8.27
2021-11-07 08:29:59.999997,2021-11-07 14:09:59.999998,34,8.003331,7.592275,7.566297,7.92
2021-11-07 08:29:59.999997,2021-11-07 14:20:00.000002,35,7.523931,7.592637,7.566297,7.66
2021-11-07 08:29:59.999997,2021-11-07 14:29:59.999997,36,7.4088554,7.5929494,7.566297,7.33
2021-11-07 08:40:00.000001,2021-11-07 08:49:59.999996,1,7.7046714,7.655745,7.379915,7.84
2021-11-07 08:40:00.000001,2021-11-07 09:00:00.000000,2,8.106811,7.621203,7.379915,8.1
2021-11-07 08:40:00.000001,2021-11-07 09:10:00.000004,3,7.9484463,7.585738,7.379915,7.98
2021-11-07 08:40:00.000001,2021-11-07 09:19:59.999999,4,7.640421,7.5440006,7.379915,7.38
2021-11-07 08:40:00.000001,2021-11-07 09:30:00.000003,5,7.8601093,7.5086145,7.379915,8.17
2021-11-07 08:40:00.000001,2021-11-07 09:39:59.999998,6,8.180462,7.483032,7.379915,8.19
2021-11-07 08:40:00.000001,2021-11-07 09:50:00.000002,7,7.900117,7.466717,7.379915,7.61
2021-11-07 08:40:00.000001,2021-11-07 09:59:59.999997,8,7.3954144,7.45771,7.379915,7.62
2021-11-07 08:40:00.000001,2021-11-07 10:10:00.000001,9,7.357439,7.4538445,7.379915,7.3
2021-11-07 08:40:00.000001,2021-11-07 10:19:59.999996,10,7.607431,7.4532514,7.379915,7.64
2021-11-07 08:40:00.000001,2021-11-07 10:30:00.000000,11,7.6548557,7.4545054,7.379915,7.6
2021-11-07 08:40:00.000001,2021-11-07 10:40:00.000004,12,7.5545564,7.4566226,7.379915,7.57
2021-11-07 08:40:00.000001,2021-11-07 10:49:59.999999,13,7.594403,7.4589796,7.379915,7.64
2021-11-07 08:40:00.000001,2021-11-07 11:00:00.000003,14,7.8071737,7.461235,7.379915,7.71
2021-11-07 08:40:00.000001,2021-11-07 11:09:59.999998,15,8.07283,7.463234,7.379915,8.24
2021-11-07 08:40:00.000001,2021-11-07 11:20:00.000002,16,8.316154,7.464937,7.379915,8.11
2021-11-07 08:40:00.000001,2021-11-07 11:29:59.999997,17,8.503379,7.466371,7.379915,8.55
2021-11-07 08:40:00.000001,2021-11-07 11:40:00.000001,18,8.588272,7.4675903,7.379915,8.86
2021-11-07 08:40:00.000001,2021-11-07 11:49:59.999996,19,8.594007,7.4686565,7.379915,8.26
2021-11-07 08:40:00.000001,2021-11-07 12:00:00.000000,20,8.713363,7.469626,7.379915,8.71
2021-11-07 08:40:00.000001,2021-11-07 12:10:00.000004,21,9.05702,7.4705386,7.379915,9.27
2021-11-07 08:40:00.000001,2021-11-07 12:19:59.999999,22,9.38875,7.4714217,7.379915,9.39
2021-11-07 08:40:00.000001,2021-11-07 12:30:00.000003,23,9.426726,7.472291,7.379915,9.3
2021-11-07 08:40:00.000001,2021-11-07 12:39:59.999998,24,9.181125,7.4731536,7.379915,9.02
2021-11-07 08:40:00.000001,2021-11-07 12:50:00.000002,25,8.844046,7.4740047,7.379915,9.24
2021-11-07 08:40:00.000001,2021-11-07 12:59:59.999997,26,8.66725,7.474841,7.379915,8.42
2021-11-07 08:40:00.000001,2021-11-07 13:10:00.000001,27,8.797625,7.4756503,7.379915,8.83
2021-11-07 08:40:00.000001,2021-11-07 13:19:59.999996,28,8.984441,7.476425,7.379915,8.94
2021-11-07 08:40:00.000001,2021-11-07 13:30:00.000000,29,8.876604,7.4771576,7.379915,9.09
2021-11-07 08:40:00.000001,2021-11-07 13:40:00.000004,30,8.61727,7.4778395,7.379915,8.24
2021-11-07 08:40:00.000001,2021-11-07 13:49:59.999999,31,8.525047,7.478467,7.379915,8.9
2021-11-07 08:40:00.000001,2021-11-07 14:00:00.000003,32,8.422565,7.479034,7.379915,8.27
2021-11-07 08:40:00.000001,2021-11-07 14:09:59.999998,33,8.003331,7.479544,7.379915,7.92
2021-11-07 08:40:00.000001,2021-11-07 14:20:00.000002,34,7.523931,7.479993,7.379915,7.66
2021-11-07 08:40:00.000001,2021-11-07 14:29:59.999997,35,7.4088554,7.480387,7.379915,7.33
2021-11-07 08:40:00.000001,2021-11-07 14:40:00.000001,36,7.5277023,7.4807267,7.379915,7.58
2021-11-07 08:49:59.999996,2021-11-07 09:00:00.000000,1,8.106811,7.6705666,7.7046714,8.1
2021-11-07 08:49:59.999996,2021-11-07 09:10:00.000004,2,7.9484463,7.6557045,7.7046714,7.98
2021-11-07 08:49:59.999996,2021-11-07 09:19:59.999999,3,7.640421,7.640596,7.7046714,7.38
2021-11-07 08:49:59.999996,2021-11-07 09:30:00.000003,4,7.8601093,7.6187477,7.7046714,8.17
2021-11-07 08:49:59.999996,2021-11-07 09:39:59.999998,5,8.180462,7.6017675,7.7046714,8.19
2021-11-07 08:49:59.999996,2021-11-07 09:50:00.000002,6,7.900117,7.592591,7.7046714,7.61
2021-11-07 08:49:59.999996,2021-11-07 09:59:59.999997,7,7.3954144,7.5904827,7.7046714,7.62
2021-11-07 08:49:59.999996,2021-11-07 10:10:00.000001,8,7.357439,7.5934935,7.7046714,7.3
2021-11-07 08:49:59.999996,2021-11-07 10:19:59.999996,9,7.607431,7.599585,7.7046714,7.64
2021-11-07 08:49:59.999996,2021-11-07 10:30:00.000000,10,7.6548557,7.6070843,7.7046714,7.6
2021-11-07 08:49:59.999996,2021-11-07 10:40:00.000004,11,7.5545564,7.6147895,7.7046714,7.57
2021-11-07 08:49:59.999996,2021-11-07 10:49:59.999999,12,7.594403,7.6219454,7.7046714,7.64
2021-11-07 08:49:59.999996,2021-11-07 11:00:00.000003,13,7.8071737,7.628158,7.7046714,7.71
2021-11-07 08:49:59.999996,2021-11-07 11:09:59.999998,14,8.07283,7.633286,7.7046714,8.24
2021-11-07 08:49:59.999996,2021-11-07 11:20:00.000002,15,8.316154,7.637361,7.7046714,8.11
2021-11-07 08:49:59.999996,2021-11-07 11:29:59.999997,16,8.503379,7.640505,7.7046714,8.55
2021-11-07 08:49:59.999996,2021-11-07 11:40:00.000001,17,8.588272,7.642878,7.7046714,8.86
2021-11-07 08:49:59.999996,2021-11-07 11:49:59.999996,18,8.594007,7.644657,7.7046714,8.26
2021-11-07 08:49:59.999996,2021-11-07 12:00:00.000000,19,8.713363,7.6459947,7.7046714,8.71
2021-11-07 08:49:59.999996,2021-11-07 12:10:00.000004,20,9.05702,7.647023,7.7046714,9.27
2021-11-07 08:49:59.999996,2021-11-07 12:19:59.999999,21,9.38875,7.647847,7.7046714,9.39
2021-11-07 08:49:59.999996,2021-11-07 12:30:00.000003,22,9.426726,7.6485424,7.7046714,9.3
2021-11-07 08:49:59.999996,2021-11-07 12:39:59.999998,23,9.181125,7.6491594,7.7046714,9.02
2021-11-07 08:49:59.999996,2021-11-07 12:50:00.000002,24,8.844046,7.649736,7.7046714,9.24
2021-11-07 08:49:59.999996,2021-11-07 12:59:59.999997,25,8.66725,7.6502852,7.7046714,8.42
2021-11-07 08:49:59.999996,2021-11-07 13:10:00.000001,26,8.797625,7.650821,7.7046714,8.83
2021-11-07 08:49:59.999996,2021-11-07 13:19:59.999996,27,8.984441,7.651341,7.7046714,8.94
2021-11-07 08:49:59.999996,2021-11-07 13:30:00.000000,28,8.876604,7.6518445,7.7046714,9.09
2021-11-07 08:49:59.999996,2021-11-07 13:40:00.000004,29,8.61727,7.6523266,7.7046714,8.24
2021-11-07 08:49:59.999996,2021-11-07 13:49:59.999999,30,8.525047,7.6527834,7.7046714,8.9
2021-11-07 08:49:59.999996,2021-11-07 14:00:00.000003,31,8.422565,7.6532073,7.7046714,8.27
2021-11-07 08:49:59.999996,2021-11-07 14:09:59.999998,32,8.003331,7.6535983,7.7046714,7.92
2021-11-07 08:49:59.999996,2021-11-07 14:20:00.000002,33,7.523931,7.6539507,7.7046714,7.66
2021-11-07 08:49:59.999996,2021-11-07 14:29:59.999997,34,7.4088554,7.6542673,7.7046714,7.33
2021-11-07 08:49:59.999996,2021-11-07 14:40:00.000001,35,7.5277023,7.654546,7.7046714,7.58
2021-11-07 08:49:59.999996,2021-11-07 14:49:59.999996,36,7.5544753,7.6547866,7.7046714,7.47
2021-11-07 09:00:00.000000,2021-11-07 09:10:00.000004,1,7.9484463,7.692767,8.106811,7.98
2021-11-07 09:00:00.000000,2021-11-07 09:19:59.999999,2,7.640421,7.700698,8.106811,7.38
2021-11-07 09:00:00.000000,2021-11-07 09:30:00.000003,3,7.8601093,7.7100863,8.106811,8.17
2021-11-07 09:00:00.000000,2021-11-07 09:39:59.999998,4,8.180462,7.7128253,8.106811,8.19
2021-11-07 09:00:00.000000,2021-11-07 09:50:00.000002,5,7.900117,7.718969,8.106811,7.61
2021-11-07 09:00:00.000000,2021-11-07 09:59:59.999997,6,7.3954144,7.7306004,8.106811,7.62
2021-11-07 09:00:00.000000,2021-11-07 10:10:00.000001,7,7.357439,7.7466226,8.106811,7.3
2021-11-07 09:00:00.000000,2021-11-07 10:19:59.999996,8,7.607431,7.7650375,8.106811,7.64
2021-11-07 09:00:00.000000,2021-11-07 10:30:00.000000,9,7.6548557,7.783947,8.106811,7.6
2021-11-07 09:00:00.000000,2021-11-07 10:40:00.000004,10,7.5545564,7.801901,8.106811,7.57
2021-11-07 09:00:00.000000,2021-11-07 10:49:59.999999,11,7.594403,7.8179793,8.106811,7.64
2021-11-07 09:00:00.000000,2021-11-07 11:00:00.000003,12,7.8071737,7.831716,8.106811,7.71
2021-11-07 09:00:00.000000,2021-11-07 11:09:59.999998,13,8.07283,7.842993,8.106811,8.24
2021-11-07 09:00:00.000000,2021-11-07 11:20:00.000002,14,8.316154,7.851931,8.106811,8.11
2021-11-07 09:00:00.000000,2021-11-07 11:29:59.999997,15,8.503379,7.8587947,8.106811,8.55
2021-11-07 09:00:00.000000,2021-11-07 11:40:00.000001,16,8.588272,7.8639092,8.106811,8.86
2021-11-07 09:00:00.000000,2021-11-07 11:49:59.999996,17,8.594007,7.867615,8.106811,8.26
2021-11-07 09:00:00.000000,2021-11-07 12:00:00.000000,18,8.713363,7.8702273,8.106811,8.71
2021-11-07 09:00:00.000000,2021-11-07 12:10:00.000004,19,9.05702,7.872027,8.106811,9.27
2021-11-07 09:00:00.000000,2021-11-07 12:19:59.999999,20,9.38875,7.873243,8.106811,9.39
2021-11-07 09:00:00.000000,2021-11-07 12:30:00.000003,21,9.426726,7.874054,8.106811,9.3
2021-11-07 09:00:00.000000,2021-11-07 12:39:59.999998,22,9.181125,7.8746014,8.106811,9.02
2021-11-07 09:00:00.000000,2021-11-07 12:50:00.000002,23,8.844046,7.874983,8.106811,9.24
2021-11-07 09:00:00.000000,2021-11-07 12:59:59.999997,24,8.66725,7.875271,8.106811,8.42
2021-11-07 09:00:00.000000,2021-11-07 13:10:00.000001,25,8.797625,7.8755074,8.106811,8.83
2021-11-07 09:00:00.000000,2021-11-07 13:19:59.999996,26,8.984441,7.8757234,8.106811,8.94
2021-11-07 09:00:00.000000,2021-11-07 13:30:00.000000,27,8.876604,7.875931,8.106811,9.09
2021-11-07 09:00:00.000000,2021-11-07 13:40:00.000004,28,8.61727,7.8761387,8.106811,8.24
2021-11-07 09:00:00.000000,2021-11-07 13:49:59.999999,29,8.525047,7.876347,8.106811,8.9
2021-11-07 09:00:00.000000,2021-11-07 14:00:00.000003,30,8.422565,7.876555,8.106811,8.27
2021-11-07 09:00:00.000000,2021-11-07 14:09:59.999998,31,8.003331,7.876756,8.106811,7.92
2021-11-07 09:00:00.000000,2021-11-07 14:20:00.000002,32,7.523931,7.8769493,8.106811,7.66
2021-11-07 09:00:00.000000,2021-11-07 14:29:59.999997,33,7.4088554,7.877132,8.106811,7.33
2021-11-07 09:00:00.000000,2021-11-07 14:40:00.000001,34,7.5277023,7.8772984,8.106811,7.58
2021-11-07 09:00:00.000000,2021-11-07 14:49:59.999996,35,7.5544753,7.8774486,8.106811,7.47
2021-11-07 09:00:00.000000,2021-11-07 15:00:00.000000,36,7.6467223,7.8775835,8.106811,7.79
2021-11-07 09:10:00.000004,2021-11-07 09:19:59.999999,1,7.640421,7.738232,7.9484463,7.38
2021-11-07 09:10:00.000004,2021-11-07 09:30:00.000003,2,7.8601093,7.743026,7.9484463,8.17
2021-11-07 09:10:00.000004,2021-11-07 09:39:59.999998,3,8.180462,7.746641,7.9484463,8.19
2021-11-07 09:10:00.000004,2021-11-07 09:50:00.000002,4,7.900117,7.7412148,7.9484463,7.61
2021-11-07 09:10:00.000004,2021-11-07 09:59:59.999997,5,7.3954144,7.737626,7.9484463,7.62
2021-11-07 09:10:00.000004,2021-11-07 10:10:00.000001,6,7.357439,7.738633,7.9484463,7.3
2021-11-07 09:10:00.000004,2021-11-07 10:19:59.999996,7,7.607431,7.7436924,7.9484463,7.64
2021-11-07 09:10:00.000004,2021-11-07 10:30:00.000000,8,7.6548557,7.7512403,7.9484463,7.6
2021-11-07 09:10:00.000004,2021-11-07 10:40:00.000004,9,7.5545564,7.759703,7.9484463,7.57
2021-11-07 09:10:00.000004,2021-11-07 10:49:59.999999,10,7.594403,7.767865,7.9484463,7.64
2021-11-07 09:10:00.000004,2021-11-07 11:00:00.000003,11,7.8071737,7.774946,7.9484463,7.71
2021-11-07 09:10:00.000004,2021-11-07 11:09:59.999998,12,8.07283,7.780557,7.9484463,8.24
2021-11-07 09:10:00.000004,2021-11-07 11:20:00.000002,13,8.316154,7.784608,7.9484463,8.11
2021-11-07 09:10:00.000004,2021-11-07 11:29:59.999997,14,8.503379,7.787201,7.9484463,8.55
2021-11-07 09:10:00.000004,2021-11-07 11:40:00.000001,15,8.588272,7.7885633,7.9484463,8.86
2021-11-07 09:10:00.000004,2021-11-07 11:49:59.999996,16,8.594007,7.7889585,7.9484463,8.26
2021-11-07 09:10:00.000004,2021-11-07 12:00:00.000000,17,8.713363,7.788657,7.9484463,8.71
2021-11-07 09:10:00.000004,2021-11-07 12:10:00.000004,18,9.05702,7.787905,7.9484463,9.27
2021-11-07 09:10:00.000004,2021-11-07 12:19:59.999999,19,9.38875,7.786903,7.9484463,9.39
2021-11-07 09:10:00.000004,2021-11-07 12:30:00.000003,20,9.426726,7.7858114,7.9484463,9.3
2021-11-07 09:10:00.000004,2021-11-07 12:39:59.999998,21,9.181125,7.7847414,7.9484463,9.02
2021-11-07 09:10:00.000004,2021-11-07 12:50:00.000002,22,8.844046,7.783771,7.9484463,9.24
2021-11-07 09:10:00.000004,2021-11-07 12:59:59.999997,23,8.66725,7.782941,7.9484463,8.42
2021-11-07 09:10:00.000004,2021-11-07 13:10:00.000001,24,8.797625,7.7822747,7.9484463,8.83
2021-11-07 09:10:00.000004,2021-11-07 13:19:59.999996,25,8.984441,7.7817717,7.9484463,8.94
2021-11-07 09:10:00.000004,2021-11-07 13:30:00.000000,26,8.876604,7.78142,7.9484463,9.09
2021-11-07 09:10:00.000004,2021-11-07 13:40:00.000004,27,8.61727,7.7812037,7.9484463,8.24
2021-11-07 09:10:00.000004,2021-11-07 13:49:59.999999,28,8.525047,7.7811003,7.9484463,8.9
2021-11-07 09:10:00.000004,2021-11-07 14:00:00.000003,29,8.422565,7.7810903,7.9484463,8.27
2021-11-07 09:10:00.000004,2021-11-07 14:09:59.999998,30,8.003331,7.7811494,7.9484463,7.92
2021-11-07 09:10:00.000004,2021-11-07 14:20:00.000002,31,7.523931,7.7812586,7.9484463,7.66
2021-11-07 09:10:00.000004,2021-11-07 14:29:59.999997,32,7.4088554,7.7814007,7.9484463,7.33
2021-11-07 09:10:00.000004,2021-11-07 14:40:00.000001,33,7.5277023,7.7815633,7.9484463,7.58
2021-11-07 09:10:00.000004,2021-11-07 14:49:59.999996,34,7.5544753,7.7817335,7.9484463,7.47
2021-11-07 09:10:00.000004,2021-11-07 15:00:00.000000,35,7.6467223,7.781903,7.9484463,7.79
2021-11-07 09:10:00.000004,2021-11-07 15:10:00.000004,36,8.043634,7.7820663,7.9484463,7.88
2021-11-07 09:19:59.999999,2021-11-07 09:30:00.000003,1,7.8601093,7.749615,7.640421,8.17
2021-11-07 09:19:59.999999,2021-11-07 09:39:59.999998,2,8.180462,7.748012,7.640421,8.19
2021-11-07 09:19:59.999999,2021-11-07 09:50:00.000002,3,7.900117,7.739598,7.640421,7.61
2021-11-07 09:19:59.999999,2021-11-07 09:59:59.999997,4,7.3954144,7.717882,7.640421,7.62
2021-11-07 09:19:59.999999,2021-11-07 10:10:00.000001,5,7.357439,7.6961393,7.640421,7.3
2021-11-07 09:19:59.999999,2021-11-07 10:19:59.999996,6,7.607431,7.678706,7.640421,7.64
2021-11-07 09:19:59.999999,2021-11-07 10:30:00.000000,7,7.6548557,7.6659937,7.640421,7.6
2021-11-07 09:19:59.999999,2021-11-07 10:40:00.000004,8,7.5545564,7.6570044,7.640421,7.57
2021-11-07 09:19:59.999999,2021-11-07 10:49:59.999999,9,7.594403,7.6504683,7.640421,7.64
2021-11-07 09:19:59.999999,2021-11-07 11:00:00.000003,10,7.8071737,7.645308,7.640421,7.71
2021-11-07 09:19:59.999999,2021-11-07 11:09:59.999998,11,8.07283,7.6407623,7.640421,8.24
2021-11-07 09:19:59.999999,2021-11-07 11:20:00.000002,12,8.316154,7.636382,7.640421,8.11
2021-11-07 09:19:59.999999,2021-11-07 11:29:59.999997,13,8.503379,7.631966,7.640421,8.55
2021-11-07 09:19:59.999999,2021-11-07 11:40:00.000001,14,8.588272,7.6274776,7.640421,8.86
2021-11-07 09:19:59.999999,2021-11-07 11:49:59.999996,15,8.594007,7.6229844,7.640421,8.26
2021-11-07 09:19:59.999999,2021-11-07 12:00:00.000000,16,8.713363,7.618597,7.640421,8.71
2021-11-07 09:19:59.999999,2021-11-07 12:10:00.000004,17,9.05702,7.614434,7.640421,9.27
2021-11-07 09:19:59.999999,2021-11-07 12:19:59.999999,18,9.38875,7.6105986,7.640421,9.39
2021-11-07 09:19:59.999999,2021-11-07 12:30:00.000003,19,9.426726,7.6071625,7.640421,9.3
2021-11-07 09:19:59.999999,2021-11-07 12:39:59.999998,20,9.181125,7.604176,7.640421,9.02
2021-11-07 09:19:59.999999,2021-11-07 12:50:00.000002,21,8.844046,7.6016507,7.640421,9.24
2021-11-07 09:19:59.999999,2021-11-07 12:59:59.999997,22,8.66725,7.599578,7.640421,8.42
2021-11-07 09:19:59.999999,2021-11-07 13:10:00.000001,23,8.797625,7.5979314,7.640421,8.83
2021-11-07 09:19:59.999999,2021-11-07 13:19:59.999996,24,8.984441,7.596673,7.640421,8.94
2021-11-07 09:19:59.999999,2021-11-07 13:30:00.000000,25,8.876604,7.5957503,7.640421,9.09
2021-11-07 09:19:59.999999,2021-11-07 13:40:00.000004,26,8.61727,7.595116,7.640421,8.24
2021-11-07 09:19:59.999999,2021-11-07 13:49:59.999999,27,8.525047,7.59472,7.640421,8.9
2021-11-07 09:19:59.999999,2021-11-07 14:00:00.000003,28,8.422565,7.5945125,7.640421,8.27
2021-11-07 09:19:59.999999,2021-11-07 14:09:59.999998,29,8.003331,7.594455,7.640421,7.92
2021-11-07 09:19:59.999999,2021-11-07 14:20:00.000002,30,7.523931,7.5945063,7.640421,7.66
2021-11-07 09:19:59.999999,2021-11-07 14:29:59.999997,31,7.4088554,7.5946355,7.640421,7.33
2021-11-07 09:19:59.999999,2021-11-07 14:40:00.000001,32,7.5277023,7.5948167,7.640421,7.58
2021-11-07 09:19:59.999999,2021-11-07 14:49:59.999996,33,7.5544753,7.595029,7.640421,7.47
2021-11-07 09:19:59.999999,2021-11-07 15:00:00.000000,34,7.6467223,7.595254,7.640421,7.79
2021-11-07 09:19:59.999999,2021-11-07 15:10:00.000004,35,8.043634,7.595481,7.640421,7.88
2021-11-07 09:19:59.999999,2021-11-07 15:19:59.999999,36,8.417702,7.5957026,7.640421,8.51
2021-11-07 09:30:00.000003,2021-11-07 09:39:59.999998,1,8.180462,7.813922,7.8601093,8.19
2021-11-07 09:30:00.000003,2021-11-07 09:50:00.000002,2,7.900117,7.8387165,7.8601093,7.61
2021-11-07 09:30:00.000003,2021-11-07 09:59:59.999997,3,7.3954144,7.851579,7.8601093,7.62
2021-11-07 09:30:00.000003,2021-11-07 10:10:00.000001,4,7.357439,7.8470893,7.8601093,7.3
2021-11-07 09:30:00.000003,2021-11-07 10:19:59.999996,5,7.607431,7.838357,7.8601093,7.64
2021-11-07 09:30:00.000003,2021-11-07 10:30:00.000000,6,7.6548557,7.830016,7.8601093,7.6
2021-11-07 09:30:00.000003,2021-11-07 10:40:00.000004,7,7.5545564,7.8230186,7.8601093,7.57
2021-11-07 09:30:00.000003,2021-11-07 10:49:59.999999,8,7.594403,7.816984,7.8601093,7.64
2021-11-07 09:30:00.000003,2021-11-07 11:00:00.000003,9,7.8071737,7.8112555,7.8601093,7.71
2021-11-07 09:30:00.000003,2021-11-07 11:09:59.999998,10,8.07283,7.805302,7.8601093,8.24
2021-11-07 09:30:00.000003,2021-11-07 11:20:00.000002,11,8.316154,7.798832,7.8601093,8.11
2021-11-07 09:30:00.000003,2021-11-07 11:29:59.999997,12,8.503379,7.7917805,7.8601093,8.55
2021-11-07 09:30:00.000003,2021-11-07 11:40:00.000001,13,8.588272,7.7842464,7.8601093,8.86
2021-11-07 09:30:00.000003,2021-11-07 11:49:59.999996,14,8.594007,7.7764297,7.8601093,8.26
2021-11-07 09:30:00.000003,2021-11-07 12:00:00.000000,15,8.713363,7.7685704,7.8601093,8.71
2021-11-07 09:30:00.000003,2021-11-07 12:10:00.000004,16,9.05702,7.7609053,7.8601093,9.27
2021-11-07 09:30:00.000003,2021-11-07 12:19:59.999999,17,9.38875,7.7536397,7.8601093,9.39
2021-11-07 09:30:00.000003,2021-11-07 12:30:00.000003,18,9.426726,7.7469263,7.8601093,9.3
2021-11-07 09:30:00.000003,2021-11-07 12:39:59.999998,19,9.181125,7.740876,7.8601093,9.02
2021-11-07 09:30:00.000003,2021-11-07 12:50:00.000002,20,8.844046,7.7355423,7.8601093,9.24
2021-11-07 09:30:00.000003,2021-11-07 12:59:59.999997,21,8.66725,7.730943,7.8601093,8.42
2021-11-07 09:30:00.000003,2021-11-07 13:10:00.000001,22,8.797625,7.7270565,7.8601093,8.83
2021-11-07 09:30:00.000003,2021-11-07 13:19:59.999996,23,8.984441,7.723841,7.8601093,8.94
2021-11-07 09:30:00.000003,2021-11-07 13:30:00.000000,24,8.876604,7.7212386,7.8601093,9.09
2021-11-07 09:30:00.000003,2021-11-07 13:40:00.000004,25,8.61727,7.7191763,7.8601093,8.24
2021-11-07 09:30:00.000003,2021-11-07 13:49:59.999999,26,8.525047,7.717583,7.8601093,8.9
2021-11-07 09:30:00.000003,2021-11-07 14:00:00.000003,27,8.422565,7.716389,7.8601093,8.27
2021-11-07 09:30:00.000003,2021-11-07 14:09:59.999998,28,8.003331,7.715524,7.8601093,7.92
2021-11-07 09:30:00.000003,2021-11-07 14:20:00.000002,29,7.523931,7.7149277,7.8601093,7.66
2021-11-07 09:30:00.000003,2021-11-07 14:29:59.999997,30,7.4088554,7.714542,7.8601093,7.33
2021-11-07 09:30:00.000003,2021-11-07 14:40:00.000001,31,7.5277023,7.714321,7.8601093,7.58
2021-11-07 09:30:00.000003,2021-11-07 14:49:59.999996,32,7.5544753,7.714225,7.8601093,7.47
2021-11-07 09:30:00.000003,2021-11-07 15:00:00.000000,33,7.6467223,7.7142205,7.8601093,7.79
2021-11-07 09:30:00.000003,2021-11-07 15:10:00.000004,34,8.043634,7.714279,7.8601093,7.88
2021-11-07 09:30:00.000003,2021-11-07 15:19:59.999999,35,8.417702,7.71438,7.8601093,8.51
2021-11-07 09:30:00.000003,2021-11-07 15:30:00.000003,36,8.363334,7.7145057,7.8601093,8.4
2021-11-07 09:39:59.999998,2021-11-07 09:50:00.000002,1,7.900117,7.856667,8.180462,7.61
2021-11-07 09:39:59.999998,2021-11-07 09:59:59.999997,2,7.3954144,7.8956156,8.180462,7.62
2021-11-07 09:39:59.999998,2021-11-07 10:10:00.000001,3,7.357439,7.9262023,8.180462,7.3
2021-11-07 09:39:59.999998,2021-11-07 10:19:59.999996,4,7.607431,7.940249,8.180462,7.64
2021-11-07 09:39:59.999998,2021-11-07 10:30:00.000000,5,7.6548557,7.9492183,8.180462,7.6
2021-11-07 09:39:59.999998,2021-11-07 10:40:00.000004,6,7.5545564,7.9568176,8.180462,7.57
2021-11-07 09:39:59.999998,2021-11-07 10:49:59.999999,7,7.594403,7.9635806,8.180462,7.64
2021-11-07 09:39:59.999998,2021-11-07 11:00:00.000003,8,7.8071737,7.969031,8.180462,7.71
2021-11-07 09:39:59.999998,2021-11-07 11:09:59.999998,9,8.07283,7.9726076,8.180462,8.24
2021-11-07 09:39:59.999998,2021-11-07 11:20:00.000002,10,8.316154,7.9739776,8.180462,8.11
2021-11-07 09:39:59.999998,2021-11-07 11:29:59.999997,11,8.503379,7.973094,8.180462,8.55
2021-11-07 09:39:59.999998,2021-11-07 11:40:00.000001,12,8.588272,7.9701486,8.180462,8.86
2021-11-07 09:39:59.999998,2021-11-07 11:49:59.999996,13,8.594007,7.9654946,8.180462,8.26
2021-11-07 09:39:59.999998,2021-11-07 12:00:00.000000,14,8.713363,7.9595656,8.180462,8.71
2021-11-07 09:39:59.999998,2021-11-07 12:10:00.000004,15,9.05702,7.952812,8.180462,9.27
2021-11-07 09:39:59.999998,2021-11-07 12:19:59.999999,16,9.38875,7.9456477,8.180462,9.39
2021-11-07 09:39:59.999998,2021-11-07 12:30:00.000003,17,9.426726,7.938431,8.180462,9.3
2021-11-07 09:39:59.999998,2021-11-07 12:39:59.999998,18,9.181125,7.9314446,8.180462,9.02
2021-11-07 09:39:59.999998,2021-11-07 12:50:00.000002,19,8.844046,7.9248986,8.180462,9.24
2021-11-07 09:39:59.999998,2021-11-07 12:59:59.999997,20,8.66725,7.918929,8.180462,8.42
2021-11-07 09:39:59.999998,2021-11-07 13:10:00.000001,21,8.797625,7.913615,8.180462,8.83
2021-11-07 09:39:59.999998,2021-11-07 13:19:59.999996,22,8.984441,7.9089828,8.180462,8.94
2021-11-07 09:39:59.999998,2021-11-07 13:30:00.000000,23,8.876604,7.9050264,8.180462,9.09
2021-11-07 09:39:59.999998,2021-11-07 13:40:00.000004,24,8.61727,7.9017086,8.180462,8.24
2021-11-07 09:39:59.999998,2021-11-07 13:49:59.999999,25,8.525047,7.8989754,8.180462,8.9
2021-11-07 09:39:59.999998,2021-11-07 14:00:00.000003,26,8.422565,7.8967676,8.180462,8.27
2021-11-07 09:39:59.999998,2021-11-07 14:09:59.999998,27,8.003331,7.895016,8.180462,7.92
2021-11-07 09:39:59.999998,2021-11-07 14:20:00.000002,28,7.523931,7.893652,8.180462,7.66
2021-11-07 09:39:59.999998,2021-11-07 14:29:59.999997,29,7.4088554,7.892615,8.180462,7.33
2021-11-07 09:39:59.999998,2021-11-07 14:40:00.000001,30,7.5277023,7.8918467,8.180462,7.58
2021-11-07 09:39:59.999998,2021-11-07 14:49:59.999996,31,7.5544753,7.891298,8.180462,7.47
2021-11-07 09:39:59.999998,2021-11-07 15:00:00.000000,32,7.6467223,7.8909183,8.180462,7.79
2021-11-07 09:39:59.999998,2021-11-07 15:10:00.000004,33,8.043634,7.890673,8.180462,7.88
2021-11-07 09:39:59.999998,2021-11-07 15:19:59.999999,34,8.417702,7.8905306,8.180462,8.51
2021-11-07 09:39:59.999998,2021-11-07 15:30:00.000003,35,8.363334,7.8904643,8.180462,8.4
2021-11-07 09:39:59.999998,2021-11-07 15:39:59.999998,36,8.073304,7.8904543,8.180462,7.94
2021-11-07 09:50:00.000002,2021-11-07 09:59:59.999997,1,7.3954144,7.8551736,7.900117,7.62
2021-11-07 09:50:00.000002,2021-11-07 10:10:00.000001,2,7.357439,7.8679705,7.900117,7.3
2021-11-07 09:50:00.000002,2021-11-07 10:19:59.999996,3,7.607431,7.875932,7.900117,7.64
2021-11-07 09:50:00.000002,2021-11-07 10:30:00.000000,4,7.6548557,7.8701167,7.900117,7.6
2021-11-07 09:50:00.000002,2021-11-07 10:40:00.000004,5,7.5545564,7.8618717,7.900117,7.57
2021-11-07 09:50:00.000002,2021-11-07 10:49:59.999999,6,7.594403,7.854711,7.900117,7.64
2021-11-07 09:50:00.000002,2021-11-07 11:00:00.000003,7,7.8071737,7.8489504,7.900117,7.71
2021-11-07 09:50:00.000002,2021-11-07 11:09:59.999998,8,8.07283,7.8438916,7.900117,8.24
2021-11-07 09:50:00.000002,2021-11-07 11:20:00.000002,9,8.316154,7.8387456,7.900117,8.11
2021-11-07 09:50:00.000002,2021-11-07 11:29:59.999997,10,8.503379,7.83296,7.900117,8.55
2021-11-07 09:50:00.000002,2021-11-07 11:40:00.000001,11,8.588272,7.826273,7.900117,8.86
2021-11-07 09:50:00.000002,2021-11-07 11:49:59.999996,12,8.594007,7.818685,7.900117,8.26
2021-11-07 09:50:00.000002,2021-11-07 12:00:00.000000,13,8.713363,7.8103666,7.900117,8.71
2021-11-07 09:50:00.000002,2021-11-07 12:10:00.000004,14,9.05702,7.801588,7.900117,9.27
2021-11-07 09:50:00.000002,2021-11-07 12:19:59.999999,15,9.38875,7.792656,7.900117,9.39
2021-11-07 09:50:00.000002,2021-11-07 12:30:00.000003,16,9.426726,7.7838607,7.900117,9.3
2021-11-07 09:50:00.000002,2021-11-07 12:39:59.999998,17,9.181125,7.7754536,7.900117,9.02
2021-11-07 09:50:00.000002,2021-11-07 12:50:00.000002,18,8.844046,7.7676272,7.900117,9.24
2021-11-07 09:50:00.000002,2021-11-07 12:59:59.999997,19,8.66725,7.760514,7.900117,8.42
2021-11-07 09:50:00.000002,2021-11-07 13:10:00.000001,20,8.797625,7.754189,7.900117,8.83
2021-11-07 09:50:00.000002,2021-11-07 13:19:59.999996,21,8.984441,7.748678,7.900117,8.94
2021-11-07 09:50:00.000002,2021-11-07 13:30:00.000000,22,8.876604,7.74397,7.900117,9.09
2021-11-07 09:50:00.000002,2021-11-07 13:40:00.000004,23,8.61727,7.74002,7.900117,8.24
2021-11-07 09:50:00.000002,2021-11-07 13:49:59.999999,24,8.525047,7.7367687,7.900117,8.9
2021-11-07 09:50:00.000002,2021-11-07 14:00:00.000003,25,8.422565,7.734143,7.900117,8.27
2021-11-07 09:50:00.000002,2021-11-07 14:09:59.999998,26,8.003331,7.7320633,7.900117,7.92
2021-11-07 09:50:00.000002,2021-11-07 14:20:00.000002,27,7.523931,7.730452,7.900117,7.66
2021-11-07 09:50:00.000002,2021-11-07 14:29:59.999997,28,7.4088554,7.729233,7.900117,7.33
2021-11-07 09:50:00.000002,2021-11-07 14:40:00.000001,29,7.5277023,7.728339,7.900117,7.58
2021-11-07 09:50:00.000002,2021-11-07 14:49:59.999996,30,7.5544753,7.7277064,7.900117,7.47
2021-11-07 09:50:00.000002,2021-11-07 15:00:00.000000,31,7.6467223,7.7272816,7.900117,7.79
2021-11-07 09:50:00.000002,2021-11-07 15:10:00.000004,32,8.043634,7.72702,7.900117,7.88
2021-11-07 09:50:00.000002,2021-11-07 15:19:59.999999,33,8.417702,7.726879,7.900117,8.51
2021-11-07 09:50:00.000002,2021-11-07 15:30:00.000003,34,8.363334,7.7268286,7.900117,8.4
2021-11-07 09:50:00.000002,2021-11-07 15:39:59.999998,35,8.073304,7.7268443,7.900117,7.94
2021-11-07 09:50:00.000002,2021-11-07 15:50:00.000002,36,7.930441,7.7269053,7.900117,8.06
2021-11-07 09:59:59.999997,2021-11-07 10:10:00.000001,1,7.357439,7.846956,7.3954144,7.3
2021-11-07 09:59:59.999997,2021-11-07 10:19:59.999996,2,7.607431,7.827893,7.3954144,7.64
2021-11-07 09:59:59.999997,2021-11-07 10:30:00.000000,3,7.6548557,7.802496,7.3954144,7.6
2021-11-07 09:59:59.999997,2021-11-07 10:40:00.000004,4,7.5545564,7.7640843,7.3954144,7.57
2021-11-07 09:59:59.999997,2021-11-07 10:49:59.999999,5,7.594403,7.7253385,7.3954144,7.64
2021-11-07 09:59:59.999997,2021-11-07 11:00:00.000003,6,7.8071737,7.69058,7.3954144,7.71
2021-11-07 09:59:59.999997,2021-11-07 11:09:59.999998,7,8.07283,7.660512,7.3954144,8.24
2021-11-07 09:59:59.999997,2021-11-07 11:20:00.000002,8,8.316154,7.6345296,7.3954144,8.11
2021-11-07 09:59:59.999997,2021-11-07 11:29:59.999997,9,8.503379,7.611735,7.3954144,8.55
2021-11-07 09:59:59.999997,2021-11-07 11:40:00.000001,10,8.588272,7.591337,7.3954144,8.86
2021-11-07 09:59:59.999997,2021-11-07 11:49:59.999996,11,8.594007,7.5727687,7.3954144,8.26
2021-11-07 09:59:59.999997,2021-11-07 12:00:00.000000,12,8.713363,7.555688,7.3954144,8.71
2021-11-07 09:59:59.999997,2021-11-07 12:10:00.000004,13,9.05702,7.5399256,7.3954144,9.27
2021-11-07 09:59:59.999997,2021-11-07 12:19:59.999999,14,9.38875,7.5254292,7.3954144,9.39
2021-11-07 09:59:59.999997,2021-11-07 12:30:00.000003,15,9.426726,7.512205,7.3954144,9.3
2021-11-07 09:59:59.999997,2021-11-07 12:39:59.999998,16,9.181125,7.5002804,7.3954144,9.02
2021-11-07 09:59:59.999997,2021-11-07 12:50:00.000002,17,8.844046,7.4896717,7.3954144,9.24
2021-11-07 09:59:59.999997,2021-11-07 12:59:59.999997,18,8.66725,7.480376,7.3954144,8.42
2021-11-07 09:59:59.999997,2021-11-07 13:10:00.000001,19,8.797625,7.472357,7.3954144,8.83
2021-11-07 09:59:59.999997,2021-11-07 13:19:59.999996,20,8.984441,7.465555,7.3954144,8.94
2021-11-07 09:59:59.999997,2021-11-07 13:30:00.000000,21,8.876604,7.4598837,7.3954144,9.09
2021-11-07 09:59:59.999997,2021-11-07 13:40:00.000004,22,8.61727,7.4552426,7.3954144,8.24
2021-11-07 09:59:59.999997,2021-11-07 13:49:59.999999,23,8.525047,7.4515147,7.3954144,8.9
2021-11-07 09:59:59.999997,2021-11-07 14:00:00.000003,24,8.422565,7.4485893,7.3954144,8.27
2021-11-07 09:59:59.999997,2021-11-07 14:09:59.999998,25,8.003331,7.4463468,7.3954144,7.92
2021-11-07 09:59:59.999997,2021-11-07 14:20:00.000002,26,7.523931,7.4446807,7.3954144,7.66
2021-11-07 09:59:59.999997,2021-11-07 14:29:59.999997,27,7.4088554,7.443489,7.3954144,7.33
2021-11-07 09:59:59.999997,2021-11-07 14:40:00.000001,28,7.5277023,7.442681,7.3954144,7.58
2021-11-07 09:59:59.999997,2021-11-07 14:49:59.999996,29,7.5544753,7.442175,7.3954144,7.47
2021-11-07 09:59:59.999997,2021-11-07 15:00:00.000000,30,7.6467223,7.441905,7.3954144,7.79
2021-11-07 09:59:59.999997,2021-11-07 15:10:00.000004,31,8.043634,7.44181,7.3954144,7.88
2021-11-07 09:59:59.999997,2021-11-07 15:19:59.999999,32,8.417702,7.441844,7.3954144,8.51
2021-11-07 09:59:59.999997,2021-11-07 15:30:00.000003,33,8.363334,7.441967,7.3954144,8.4
2021-11-07 09:59:59.999997,2021-11-07 15:39:59.999998,34,8.073304,7.44215,7.3954144,7.94
2021-11-07 09:59:59.999997,2021-11-07 15:50:00.000002,35,7.930441,7.442368,7.3954144,8.06
2021-11-07 09:59:59.999997,2021-11-07 15:59:59.999997,36,7.9389563,7.4426026,7.3954144,7.91
2021-11-07 10:10:00.000001,2021-11-07 10:19:59.999996,1,7.607431,7.8131785,7.357439,7.64
2021-11-07 10:10:00.000001,2021-11-07 10:30:00.000000,2,7.6548557,7.7894993,7.357439,7.6
2021-11-07 10:10:00.000001,2021-11-07 10:40:00.000004,3,7.5545564,7.75936,7.357439,7.57
2021-11-07 10:10:00.000001,2021-11-07 10:49:59.999999,4,7.594403,7.715941,7.357439,7.64
2021-11-07 10:10:00.000001,2021-11-07 11:00:00.000003,5,7.8071737,7.672857,7.357439,7.71
2021-11-07 10:10:00.000001,2021-11-07 11:09:59.999998,6,8.07283,7.634879,7.357439,8.24
2021-11-07 10:10:00.000001,2021-11-07 11:20:00.000002,7,8.316154,7.6028233,7.357439,8.11
2021-11-07 10:10:00.000001,2021-11-07 11:29:59.999997,8,8.503379,7.5760036,7.357439,8.55
2021-11-07 10:10:00.000001,2021-11-07 11:40:00.000001,9,8.588272,7.5533514,7.357439,8.86
2021-11-07 10:10:00.000001,2021-11-07 11:49:59.999996,10,8.594007,7.533884,7.357439,8.26
2021-11-07 10:10:00.000001,2021-11-07 12:00:00.000000,11,8.713363,7.5168395,7.357439,8.71
2021-11-07 10:10:00.000001,2021-11-07 12:10:00.000004,12,9.05702,7.5016975,7.357439,9.27
2021-11-07 10:10:00.000001,2021-11-07 12:19:59.999999,13,9.38875,7.4881344,7.357439,9.39
2021-11-07 10:10:00.000001,2021-11-07 12:30:00.000003,14,9.426726,7.4759655,7.357439,9.3
2021-11-07 10:10:00.000001,2021-11-07 12:39:59.999998,15,9.181125,7.4650936,7.357439,9.02
2021-11-07 10:10:00.000001,2021-11-07 12:50:00.000002,16,8.844046,7.455464,7.357439,9.24
2021-11-07 10:10:00.000001,2021-11-07 12:59:59.999997,17,8.66725,7.4470387,7.357439,8.42
2021-11-07 10:10:00.000001,2021-11-07 13:10:00.000001,18,8.797625,7.439774,7.357439,8.83
2021-11-07 10:10:00.000001,2021-11-07 13:19:59.999996,19,8.984441,7.4336095,7.357439,8.94
2021-11-07 10:10:00.000001,2021-11-07 13:30:00.000000,20,8.876604,7.4284735,7.357439,9.09
2021-11-07 10:10:00.000001,2021-11-07 13:40:00.000004,21,8.61727,7.4242754,7.357439,8.24
2021-11-07 10:10:00.000001,2021-11-07 13:49:59.999999,22,8.525047,7.4209204,7.357439,8.9
2021-11-07 10:10:00.000001,2021-11-07 14:00:00.000003,23,8.422565,7.4183044,7.357439,8.27
2021-11-07 10:10:00.000001,2021-11-07 14:09:59.999998,24,8.003331,7.4163256,7.357439,7.92
2021-11-07 10:10:00.000001,2021-11-07 14:20:00.000002,25,7.523931,7.4148846,7.357439,7.66
2021-11-07 10:10:00.000001,2021-11-07 14:29:59.999997,26,7.4088554,7.4138827,7.357439,7.33
2021-11-07 10:10:00.000001,2021-11-07 14:40:00.000001,27,7.5277023,7.4132423,7.357439,7.58
2021-11-07 10:10:00.000001,2021-11-07 14:49:59.999996,28,7.5544753,7.412882,7.357439,7.47
2021-11-07 10:10:00.000001,2021-11-07 15:00:00.000000,29,7.6467223,7.412738,7.357439,7.79
2021-11-07 10:10:00.000001,2021-11-07 15:10:00.000004,30,8.043634,7.412755,7.357439,7.88
2021-11-07 10:10:00.000001,2021-11-07 15:19:59.999999,31,8.417702,7.412885,7.357439,8.51
2021-11-07 10:10:00.000001,2021-11-07 15:30:00.000003,32,8.363334,7.413093,7.357439,8.4
2021-11-07 10:10:00.000001,2021-11-07 15:39:59.999998,33,8.073304,7.4133487,7.357439,7.94
2021-11-07 10:10:00.000001,2021-11-07 15:50:00.000002,34,7.930441,7.4136295,7.357439,8.06
2021-11-07 10:10:00.000001,2021-11-07 15:59:59.999997,35,7.9389563,7.4139166,7.357439,7.91
2021-11-07 10:10:00.000001,2021-11-07 16:10:00.000001,36,7.912281,7.414199,7.357439,7.82
2021-11-07 10:19:59.999996,2021-11-07 10:30:00.000000,1,7.6548557,7.7902145,7.607431,7.6
2021-11-07 10:19:59.999996,2021-11-07 10:40:00.000004,2,7.5545564,7.790222,7.607431,7.57
2021-11-07 10:19:59.999996,2021-11-07 10:49:59.999999,3,7.594403,7.7799964,7.607431,7.64
2021-11-07 10:19:59.999996,2021-11-07 11:00:00.000003,4,7.8071737,7.7535143,7.607431,7.71
2021-11-07 10:19:59.999996,2021-11-07 11:09:59.999998,5,8.07283,7.724945,7.607431,8.24
2021-11-07 10:19:59.999996,2021-11-07 11:20:00.000002,6,8.316154,7.6994576,7.607431,8.11
2021-11-07 10:19:59.999996,2021-11-07 11:29:59.999997,7,8.503379,7.6781397,7.607431,8.55
2021-11-07 10:19:59.999996,2021-11-07 11:40:00.000001,8,8.588272,7.6605105,7.607431,8.86
2021-11-07 10:19:59.999996,2021-11-07 11:49:59.999996,9,8.594007,7.6456923,7.607431,8.26
2021-11-07 10:19:59.999996,2021-11-07 12:00:00.000000,10,8.713363,7.63287,7.607431,8.71
2021-11-07 10:19:59.999996,2021-11-07 12:10:00.000004,11,9.05702,7.6214375,7.607431,9.27
2021-11-07 10:19:59.999996,2021-11-07 12:19:59.999999,12,9.38875,7.611015,7.607431,9.39
2021-11-07 10:19:59.999996,2021-11-07 12:30:00.000003,13,9.426726,7.6014047,7.607431,9.3
2021-11-07 10:19:59.999996,2021-11-07 12:39:59.999998,14,9.181125,7.5925307,7.607431,9.02
2021-11-07 10:19:59.999996,2021-11-07 12:50:00.000002,15,8.844046,7.5843916,7.607431,9.24
2021-11-07 10:19:59.999996,2021-11-07 12:59:59.999997,16,8.66725,7.5770206,7.607431,8.42
2021-11-07 10:19:59.999996,2021-11-07 13:10:00.000001,17,8.797625,7.5704474,7.607431,8.83
2021-11-07 10:19:59.999996,2021-11-07 13:19:59.999996,18,8.984441,7.5646896,7.607431,8.94
2021-11-07 10:19:59.999996,2021-11-07 13:30:00.000000,19,8.876604,7.5597434,7.607431,9.09
2021-11-07 10:19:59.999996,2021-11-07 13:40:00.000004,20,8.61727,7.555583,7.607431,8.24
2021-11-07 10:19:59.999996,2021-11-07 13:49:59.999999,21,8.525047,7.55216,7.607431,8.9
2021-11-07 10:19:59.999996,2021-11-07 14:00:00.000003,22,8.422565,7.5494137,7.607431,8.27
2021-11-07 10:19:59.999996,2021-11-07 14:09:59.999998,23,8.003331,7.5472655,7.607431,7.92
2021-11-07 10:19:59.999996,2021-11-07 14:20:00.000002,24,7.523931,7.5456433,7.607431,7.66
2021-11-07 10:19:59.999996,2021-11-07 14:29:59.999997,25,7.4088554,7.544465,7.607431,7.33
2021-11-07 10:19:59.999996,2021-11-07 14:40:00.000001,26,7.5277023,7.543654,7.607431,7.58
2021-11-07 10:19:59.999996,2021-11-07 14:49:59.999996,27,7.5544753,7.543143,7.607431,7.47
2021-11-07 10:19:59.999996,2021-11-07 15:00:00.000000,28,7.6467223,7.5428686,7.607431,7.79
2021-11-07 10:19:59.999996,2021-11-07 15:10:00.000004,29,8.043634,7.5427737,7.607431,7.88
2021-11-07 10:19:59.999996,2021-11-07 15:19:59.999999,30,8.417702,7.542812,7.607431,8.51
2021-11-07 10:19:59.999996,2021-11-07 15:30:00.000003,31,8.363334,7.542944,7.607431,8.4
2021-11-07 10:19:59.999996,2021-11-07 15:39:59.999998,32,8.073304,7.5431385,7.607431,7.94
2021-11-07 10:19:59.999996,2021-11-07 15:50:00.000002,33,7.930441,7.5433707,7.607431,8.06
2021-11-07 10:19:59.999996,2021-11-07 15:59:59.999997,34,7.9389563,7.5436196,7.607431,7.91
2021-11-07 10:19:59.999996,2021-11-07 16:10:00.000001,35,7.912281,7.5438724,7.607431,7.82
2021-11-07 10:19:59.999996,2021-11-07 16:19:59.999996,36,7.7526627,7.5441194,7.607431,7.9
2021-11-07 10:30:00.000000,2021-11-07 10:40:00.000004,1,7.5545564,7.7702403,7.6548557,7.57
2021-11-07 10:30:00.000000,2021-11-07 10:49:59.999999,2,7.594403,7.7697496,7.6548557,7.64
2021-11-07 10:30:00.000000,2021-11-07 11:00:00.000003,3,7.8071737,7.758136,7.6548557,7.71
2021-11-07 10:30:00.000000,2021-11-07 11:09:59.999998,4,8.07283,7.731322,7.6548557,8.24
2021-11-07 10:30:00.000000,2021-11-07 11:20:00.000002,5,8.316154,7.7033534,7.6548557,8.11
2021-11-07 10:30:00.000000,2021-11-07 11:29:59.999997,6,8.503379,7.6792545,7.6548557,8.55
2021-11-07 10:30:00.000000,2021-11-07 11:40:00.000001,7,8.588272,7.659939,7.6548557,8.86
2021-11-07 10:30:00.000000,2021-11-07 11:49:59.999996,8,8.594007,7.6447663,7.6548557,8.26
2021-11-07 10:30:00.000000,2021-11-07 12:00:00.000000,9,8.713363,7.632706,7.6548557,8.71
2021-11-07 10:30:00.000000,2021-11-07 12:10:00.000004,10,9.05702,7.6228104,7.6548557,9.27
2021-11-07 10:30:00.000000,2021-11-07 12:19:59.999999,11,9.38875,7.614361,7.6548557,9.39
2021-11-07 10:30:00.000000,2021-11-07 12:30:00.000003,12,9.426726,7.606889,7.6548557,9.3
2021-11-07 10:30:00.000000,2021-11-07 12:39:59.999998,13,9.181125,7.6001234,7.6548557,9.02
2021-11-07 10:30:00.000000,2021-11-07 12:50:00.000002,14,8.844046,7.5939436,7.6548557,9.24
2021-11-07 10:30:00.000000,2021-11-07 12:59:59.999997,15,8.66725,7.5883117,7.6548557,8.42
2021-11-07 10:30:00.000000,2021-11-07 13:10:00.000001,16,8.797625,7.5832357,7.6548557,8.83
2021-11-07 10:30:00.000000,2021-11-07 13:19:59.999996,17,8.984441,7.5787416,7.6548557,8.94
2021-11-07 10:30:00.000000,2021-11-07 13:30:00.000000,18,8.876604,7.5748425,7.6548557,9.09
2021-11-07 10:30:00.000000,2021-11-07 13:40:00.000004,19,8.61727,7.5715413,7.6548557,8.24
2021-11-07 10:30:00.000000,2021-11-07 13:49:59.999999,20,8.525047,7.5688195,7.6548557,8.9
2021-11-07 10:30:00.000000,2021-11-07 14:00:00.000003,21,8.422565,7.566646,7.6548557,8.27
2021-11-07 10:30:00.000000,2021-11-07 14:09:59.999998,22,8.003331,7.564973,7.6548557,7.92
2021-11-07 10:30:00.000000,2021-11-07 14:20:00.000002,23,7.523931,7.563742,7.6548557,7.66
2021-11-07 10:30:00.000000,2021-11-07 14:29:59.999997,24,7.4088554,7.5628934,7.6548557,7.33
2021-11-07 10:30:00.000000,2021-11-07 14:40:00.000001,25,7.5277023,7.562364,7.6548557,7.58
2021-11-07 10:30:00.000000,2021-11-07 14:49:59.999996,26,7.5544753,7.5620933,7.6548557,7.47
2021-11-07 10:30:00.000000,2021-11-07 15:00:00.000000,27,7.6467223,7.5620284,7.6548557,7.79
2021-11-07 10:30:00.000000,2021-11-07 15:10:00.000004,28,8.043634,7.5621157,7.6548557,7.88
2021-11-07 10:30:00.000000,2021-11-07 15:19:59.999999,29,8.417702,7.562315,7.6548557,8.51
2021-11-07 10:30:00.000000,2021-11-07 15:30:00.000003,30,8.363334,7.56259,7.6548557,8.4
2021-11-07 10:30:00.000000,2021-11-07 15:39:59.999998,31,8.073304,7.562909,7.6548557,7.94
2021-11-07 10:30:00.000000,2021-11-07 15:50:00.000002,32,7.930441,7.563251,7.6548557,8.06
2021-11-07 10:30:00.000000,2021-11-07 15:59:59.999997,33,7.9389563,7.5635967,7.6548557,7.91
2021-11-07 10:30:00.000000,2021-11-07 16:10:00.000001,34,7.912281,7.5639324,7.6548557,7.82
2021-11-07 10:30:00.000000,2021-11-07 16:19:59.999996,35,7.7526627,7.5642505,7.6548557,7.9
2021-11-07 10:30:00.000000,2021-11-07 16:30:00.000000,36,7.479392,7.564543,7.6548557,7.39
2021-11-07 10:40:00.000004,2021-11-07 10:49:59.999999,1,7.594403,7.7494426,7.5545564,7.64
2021-11-07 10:40:00.000004,2021-11-07 11:00:00.000003,2,7.8071737,7.7379,7.5545564,7.71
2021-11-07 10:40:00.000004,2021-11-07 11:09:59.999998,3,8.07283,7.7183347,7.5545564,8.24
2021-11-07 10:40:00.000004,2021-11-07 11:20:00.000002,4,8.316154,7.6861506,7.5545564,8.11
2021-11-07 10:40:00.000004,2021-11-07 11:29:59.999997,5,8.503379,7.6546426,7.5545564,8.55
2021-11-07 10:40:00.000004,2021-11-07 11:40:00.000001,6,8.588272,7.6281614,7.5545564,8.86
2021-11-07 10:40:00.000004,2021-11-07 11:49:59.999996,7,8.594007,7.607144,7.5545564,8.26
2021-11-07 10:40:00.000004,2021-11-07 12:00:00.000000,8,8.713363,7.590645,7.5545564,8.71
2021-11-07 10:40:00.000004,2021-11-07 12:10:00.000004,9,9.05702,7.577457,7.5545564,9.27
2021-11-07 10:40:00.000004,2021-11-07 12:19:59.999999,10,9.38875,7.5665317,7.5545564,9.39
2021-11-07 10:40:00.000004,2021-11-07 12:30:00.000003,11,9.426726,7.557111,7.5545564,9.3
2021-11-07 10:40:00.000004,2021-11-07 12:39:59.999998,12,9.181125,7.5487075,7.5545564,9.02
2021-11-07 10:40:00.000004,2021-11-07 12:50:00.000002,13,8.844046,7.5410495,7.5545564,9.24
2021-11-07 10:40:00.000004,2021-11-07 12:59:59.999997,14,8.66725,7.5340204,7.5545564,8.42
2021-11-07 10:40:00.000004,2021-11-07 13:10:00.000001,15,8.797625,7.5275946,7.5545564,8.83
2021-11-07 10:40:00.000004,2021-11-07 13:19:59.999996,16,8.984441,7.5217853,7.5545564,8.94
2021-11-07 10:40:00.000004,2021-11-07 13:30:00.000000,17,8.876604,7.51662,7.5545564,9.09
2021-11-07 10:40:00.000004,2021-11-07 13:40:00.000004,18,8.61727,7.5121183,7.5545564,8.24
2021-11-07 10:40:00.000004,2021-11-07 13:49:59.999999,19,8.525047,7.508281,7.5545564,8.9
2021-11-07 10:40:00.000004,2021-11-07 14:00:00.000003,20,8.422565,7.5050917,7.5545564,8.27
2021-11-07 10:40:00.000004,2021-11-07 14:09:59.999998,21,8.003331,7.502509,7.5545564,7.92
2021-11-07 10:40:00.000004,2021-11-07 14:20:00.000002,22,7.523931,7.500484,7.5545564,7.66
2021-11-07 10:40:00.000004,2021-11-07 14:29:59.999997,23,7.4088554,7.498953,7.5545564,7.33
2021-11-07 10:40:00.000004,2021-11-07 14:40:00.000001,24,7.5277023,7.497851,7.5545564,7.58
2021-11-07 10:40:00.000004,2021-11-07 14:49:59.999996,25,7.5544753,7.4971066,7.5545564,7.47
2021-11-07 10:40:00.000004,2021-11-07 15:00:00.000000,26,7.6467223,7.496659,7.5545564,7.79
2021-11-07 10:40:00.000004,2021-11-07 15:10:00.000004,27,8.043634,7.496445,7.5545564,7.88
2021-11-07 10:40:00.000004,2021-11-07 15:19:59.999999,28,8.417702,7.496411,7.5545564,8.51
2021-11-07 10:40:00.000004,2021-11-07 15:30:00.000003,29,8.363334,7.49651,7.5545564,8.4
2021-11-07 10:40:00.000004,2021-11-07 15:39:59.999998,30,8.073304,7.496702,7.5545564,7.94
2021-11-07 10:40:00.000004,2021-11-07 15:50:00.000002,31,7.930441,7.4969544,7.5545564,8.06
2021-11-07 10:40:00.000004,2021-11-07 15:59:59.999997,32,7.9389563,7.497242,7.5545564,7.91
2021-11-07 10:40:00.000004,2021-11-07 16:10:00.000001,33,7.912281,7.497544,7.5545564,7.82
2021-11-07 10:40:00.000004,2021-11-07 16:19:59.999996,34,7.7526627,7.4978433,7.5545564,7.9
2021-11-07 10:40:00.000004,2021-11-07 16:30:00.000000,35,7.479392,7.498133,7.5545564,7.39
2021-11-07 10:40:00.000004,2021-11-07 16:40:00.000004,36,7.261114,7.498403,7.5545564,7.23
2021-11-07 10:49:59.999999,2021-11-07 11:00:00.000003,1,7.8071737,7.7376523,7.594403,7.71
2021-11-07 10:49:59.999999,2021-11-07 11:09:59.999998,2,8.07283,7.7281685,7.594403,8.24
2021-11-07 10:49:59.999999,2021-11-07 11:20:00.000002,3,8.316154,7.7101383,7.594403,8.11
2021-11-07 10:49:59.999999,2021-11-07 11:29:59.999997,4,8.503379,7.6793237,7.594403,8.55
2021-11-07 10:49:59.999999,2021-11-07 11:40:00.000001,5,8.588272,7.649209,7.594403,8.86
2021-11-07 10:49:59.999999,2021-11-07 11:49:59.999996,6,8.594007,7.624206,7.594403,8.26
2021-11-07 10:49:59.999999,2021-11-07 12:00:00.000000,7,8.713363,7.6047344,7.594403,8.71
2021-11-07 10:49:59.999999,2021-11-07 12:10:00.000004,8,9.05702,7.5898085,7.594403,9.27
2021-11-07 10:49:59.999999,2021-11-07 12:19:59.999999,9,9.38875,7.578174,7.594403,9.39
2021-11-07 10:49:59.999999,2021-11-07 12:30:00.000003,10,9.426726,7.568745,7.594403,9.3
2021-11-07 10:49:59.999999,2021-11-07 12:39:59.999998,11,9.181125,7.5607343,7.594403,9.02
2021-11-07 10:49:59.999999,2021-11-07 12:50:00.000002,12,8.844046,7.553627,7.594403,9.24
2021-11-07 10:49:59.999999,2021-11-07 12:59:59.999997,13,8.66725,7.547149,7.594403,8.42
2021-11-07 10:49:59.999999,2021-11-07 13:10:00.000001,14,8.797625,7.5411725,7.594403,8.83
2021-11-07 10:49:59.999999,2021-11-07 13:19:59.999996,15,8.984441,7.535672,7.594403,8.94
2021-11-07 10:49:59.999999,2021-11-07 13:30:00.000000,16,8.876604,7.530666,7.594403,9.09
2021-11-07 10:49:59.999999,2021-11-07 13:40:00.000004,17,8.61727,7.5261884,7.594403,8.24
2021-11-07 10:49:59.999999,2021-11-07 13:49:59.999999,18,8.525047,7.5222683,7.594403,8.9
2021-11-07 10:49:59.999999,2021-11-07 14:00:00.000003,19,8.422565,7.5189176,7.594403,8.27
2021-11-07 10:49:59.999999,2021-11-07 14:09:59.999998,20,8.003331,7.5161276,7.594403,7.92
2021-11-07 10:49:59.999999,2021-11-07 14:20:00.000002,21,7.523931,7.5138726,7.594403,7.66
2021-11-07 10:49:59.999999,2021-11-07 14:29:59.999997,22,7.4088554,7.5121098,7.594403,7.33
2021-11-07 10:49:59.999999,2021-11-07 14:40:00.000001,23,7.5277023,7.5107865,7.594403,7.58
2021-11-07 10:49:59.999999,2021-11-07 14:49:59.999996,24,7.5544753,7.509845,7.594403,7.47
2021-11-07 10:49:59.999999,2021-11-07 15:00:00.000000,25,7.6467223,7.509227,7.594403,7.79
2021-11-07 10:49:59.999999,2021-11-07 15:10:00.000004,26,8.043634,7.5088716,7.594403,7.88
2021-11-07 10:49:59.999999,2021-11-07 15:19:59.999999,27,8.417702,7.508724,7.594403,8.51
2021-11-07 10:49:59.999999,2021-11-07 15:30:00.000003,28,8.363334,7.508736,7.594403,8.4
2021-11-07 10:49:59.999999,2021-11-07 15:39:59.999998,29,8.073304,7.5088663,7.594403,7.94
2021-11-07 10:49:59.999999,2021-11-07 15:50:00.000002,30,7.930441,7.509076,7.594403,8.06
2021-11-07 10:49:59.999999,2021-11-07 15:59:59.999997,31,7.9389563,7.5093374,7.594403,7.91
2021-11-07 10:49:59.999999,2021-11-07 16:10:00.000001,32,7.912281,7.5096264,7.594403,7.82
2021-11-07 10:49:59.999999,2021-11-07 16:19:59.999996,33,7.7526627,7.509924,7.594403,7.9
2021-11-07 10:49:59.999999,2021-11-07 16:30:00.000000,34,7.479392,7.510218,7.594403,7.39
2021-11-07 10:49:59.999999,2021-11-07 16:40:00.000004,35,7.261114,7.5104976,7.594403,7.23
2021-11-07 10:49:59.999999,2021-11-07 16:49:59.999999,36,7.260604,7.510757,7.594403,7.31
2021-11-07 11:00:00.000003,2021-11-07 11:09:59.999998,1,8.07283,7.7223635,7.8071737,8.24
2021-11-07 11:00:00.000003,2021-11-07 11:20:00.000002,2,8.316154,7.724146,7.8071737,8.11
2021-11-07 11:00:00.000003,2021-11-07 11:29:59.999997,3,8.503379,7.719577,7.8071737,8.55
2021-11-07 11:00:00.000003,2021-11-07 11:40:00.000001,4,8.588272,7.703197,7.8071737,8.86
2021-11-07 11:00:00.000003,2021-11-07 11:49:59.999996,5,8.594007,7.6873336,7.8071737,8.26
2021-11-07 11:00:00.000003,2021-11-07 12:00:00.000000,6,8.713363,7.67562,7.8071737,8.71
2021-11-07 11:00:00.000003,2021-11-07 12:10:00.000004,7,9.05702,7.6680403,7.8071737,9.27
2021-11-07 11:00:00.000003,2021-11-07 12:19:59.999999,8,9.38875,7.6634183,7.8071737,9.39
2021-11-07 11:00:00.000003,2021-11-07 12:30:00.000003,9,9.426726,7.660486,7.8071737,9.3
2021-11-07 11:00:00.000003,2021-11-07 12:39:59.999998,10,9.181125,7.658245,7.8071737,9.02
2021-11-07 11:00:00.000003,2021-11-07 12:50:00.000002,11,8.844046,7.656048,7.8071737,9.24
2021-11-07 11:00:00.000003,2021-11-07 12:59:59.999997,12,8.66725,7.653559,7.8071737,8.42
2021-11-07 11:00:00.000003,2021-11-07 13:10:00.000001,13,8.797625,7.650672,7.8071737,8.83
2021-11-07 11:00:00.000003,2021-11-07 13:19:59.999996,14,8.984441,7.6474323,7.8071737,8.94
2021-11-07 11:00:00.000003,2021-11-07 13:30:00.000000,15,8.876604,7.6439695,7.8071737,9.09
2021-11-07 11:00:00.000003,2021-11-07 13:40:00.000004,16,8.61727,7.640439,7.8071737,8.24
2021-11-07 11:00:00.000003,2021-11-07 13:49:59.999999,17,8.525047,7.6369934,7.8071737,8.9
2021-11-07 11:00:00.000003,2021-11-07 14:00:00.000003,18,8.422565,7.6337605,7.8071737,8.27
2021-11-07 11:00:00.000003,2021-11-07 14:09:59.999998,19,8.003331,7.630834,7.8071737,7.92
2021-11-07 11:00:00.000003,2021-11-07 14:20:00.000002,20,7.523931,7.628271,7.8071737,7.66
2021-11-07 11:00:00.000003,2021-11-07 14:29:59.999997,21,7.4088554,7.6261,7.8071737,7.33
2021-11-07 11:00:00.000003,2021-11-07 14:40:00.000001,22,7.5277023,7.624318,7.8071737,7.58
2021-11-07 11:00:00.000003,2021-11-07 14:49:59.999996,23,7.5544753,7.622908,7.8071737,7.47
2021-11-07 11:00:00.000003,2021-11-07 15:00:00.000000,24,7.6467223,7.6218348,7.8071737,7.79
2021-11-07 11:00:00.000003,2021-11-07 15:10:00.000004,25,8.043634,7.6210575,7.8071737,7.88
2021-11-07 11:00:00.000003,2021-11-07 15:19:59.999999,26,8.417702,7.6205297,7.8071737,8.51
2021-11-07 11:00:00.000003,2021-11-07 15:30:00.000003,27,8.363334,7.6202106,7.8071737,8.4
2021-11-07 11:00:00.000003,2021-11-07 15:39:59.999998,28,8.073304,7.6200514,7.8071737,7.94
2021-11-07 11:00:00.000003,2021-11-07 15:50:00.000002,29,7.930441,7.6200204,7.8071737,8.06
2021-11-07 11:00:00.000003,2021-11-07 15:59:59.999997,30,7.9389563,7.6200805,7.8071737,7.91
2021-11-07 11:00:00.000003,2021-11-07 16:10:00.000001,31,7.912281,7.6202035,7.8071737,7.82
2021-11-07 11:00:00.000003,2021-11-07 16:19:59.999996,32,7.7526627,7.620367,7.8071737,7.9
2021-11-07 11:00:00.000003,2021-11-07 16:30:00.000000,33,7.479392,7.6205535,7.8071737,7.39
2021-11-07 11:00:00.000003,2021-11-07 16:40:00.000004,34,7.261114,7.62075,7.8071737,7.23
2021-11-07 11:00:00.000003,2021-11-07 16:49:59.999999,35,7.260604,7.620944,7.8071737,7.31
2021-11-07 11:00:00.000003,2021-11-07 17:00:00.000003,36,7.4069843,7.6211286,7.8071737,7.49
2021-11-07 11:09:59.999998,2021-11-07 11:20:00.000002,1,8.316154,7.7235823,8.07283,8.11
2021-11-07 11:09:59.999998,2021-11-07 11:29:59.999997,2,8.503379,7.7442193,8.07283,8.55
2021-11-07 11:09:59.999998,2021-11-07 11:40:00.000001,3,8.588272,7.7583814,8.07283,8.86
2021-11-07 11:09:59.999998,2021-11-07 11:49:59.999996,4,8.594007,7.759448,8.07283,8.26
2021-11-07 11:09:59.999998,2021-11-07 12:00:00.000000,5,8.713363,7.759263,8.07283,8.71
2021-11-07 11:09:59.999998,2021-11-07 12:10:00.000004,6,9.05702,7.7612786,8.07283,9.27
2021-11-07 11:09:59.999998,2021-11-07 12:19:59.999999,7,9.38875,7.765463,8.07283,9.39
2021-11-07 11:09:59.999998,2021-11-07 12:30:00.000003,8,9.426726,7.770738,8.07283,9.3
2021-11-07 11:09:59.999998,2021-11-07 12:39:59.999998,9,9.181125,7.775991,8.07283,9.02
2021-11-07 11:09:59.999998,2021-11-07 12:50:00.000002,10,8.844046,7.780413,8.07283,9.24
2021-11-07 11:09:59.999998,2021-11-07 12:59:59.999997,11,8.66725,7.783556,8.07283,8.42
2021-11-07 11:09:59.999998,2021-11-07 13:10:00.000001,12,8.797625,7.7852817,8.07283,8.83
2021-11-07 11:09:59.999998,2021-11-07 13:19:59.999996,13,8.984441,7.785663,8.07283,8.94
2021-11-07 11:09:59.999998,2021-11-07 13:30:00.000000,14,8.876604,7.7849145,8.07283,9.09
2021-11-07 11:09:59.999998,2021-11-07 13:40:00.000004,15,8.61727,7.78331,8.07283,8.24
2021-11-07 11:09:59.999998,2021-11-07 13:49:59.999999,16,8.525047,7.781134,8.07283,8.9
2021-11-07 11:09:59.999998,2021-11-07 14:00:00.000003,17,8.422565,7.778645,8.07283,8.27
2021-11-07 11:09:59.999998,2021-11-07 14:09:59.999998,18,8.003331,7.77606,8.07283,7.92
2021-11-07 11:09:59.999998,2021-11-07 14:20:00.000002,19,7.523931,7.7735486,8.07283,7.66
2021-11-07 11:09:59.999998,2021-11-07 14:29:59.999997,20,7.4088554,7.771227,8.07283,7.33
2021-11-07 11:09:59.999998,2021-11-07 14:40:00.000001,21,7.5277023,7.7691684,8.07283,7.58
2021-11-07 11:09:59.999998,2021-11-07 14:49:59.999996,22,7.5544753,7.7674103,8.07283,7.47
2021-11-07 11:09:59.999998,2021-11-07 15:00:00.000000,23,7.6467223,7.76596,8.07283,7.79
2021-11-07 11:09:59.999998,2021-11-07 15:10:00.000004,24,8.043634,7.7648096,8.07283,7.88
2021-11-07 11:09:59.999998,2021-11-07 15:19:59.999999,25,8.417702,7.763931,8.07283,8.51
2021-11-07 11:09:59.999998,2021-11-07 15:30:00.000003,26,8.363334,7.7632904,8.07283,8.4
2021-11-07 11:09:59.999998,2021-11-07 15:39:59.999998,27,8.073304,7.7628508,8.07283,7.94
2021-11-07 11:09:59.999998,2021-11-07 15:50:00.000002,28,7.930441,7.7625785,8.07283,8.06
2021-11-07 11:09:59.999998,2021-11-07 15:59:59.999997,29,7.9389563,7.7624373,8.07283,7.91
2021-11-07 11:09:59.999998,2021-11-07 16:10:00.000001,30,7.912281,7.7623963,8.07283,7.82
2021-11-07 11:09:59.999998,2021-11-07 16:19:59.999996,31,7.7526627,7.7624288,8.07283,7.9
2021-11-07 11:09:59.999998,2021-11-07 16:30:00.000000,32,7.479392,7.762512,8.07283,7.39
2021-11-07 11:09:59.999998,2021-11-07 16:40:00.000004,33,7.261114,7.762627,8.07283,7.23
2021-11-07 11:09:59.999998,2021-11-07 16:49:59.999999,34,7.260604,7.7627597,8.07283,7.31
2021-11-07 11:09:59.999998,2021-11-07 17:00:00.000003,35,7.4069843,7.7629,8.07283,7.49
2021-11-07 11:09:59.999998,2021-11-07 17:09:59.999998,36,7.5228076,7.763038,8.07283,7.38
2021-11-07 11:20:00.000002,2021-11-07 11:29:59.999997,1,8.503379,7.756693,8.316154,8.55
2021-11-07 11:20:00.000002,2021-11-07 11:40:00.000001,2,8.588272,7.804246,8.316154,8.86
2021-11-07 11:20:00.000002,2021-11-07 11:49:59.999996,3,8.594007,7.840954,8.316154,8.26
2021-11-07 11:20:00.000002,2021-11-07 12:00:00.000000,4,8.713363,7.8600035,8.316154,8.71
2021-11-07 11:20:00.000002,2021-11-07 12:10:00.000004,5,9.05702,7.8737745,8.316154,9.27
2021-11-07 11:20:00.000002,2021-11-07 12:19:59.999999,6,9.38875,7.886298,8.316154,9.39
2021-11-07 11:20:00.000002,2021-11-07 12:30:00.000003,7,9.426726,7.8981185,8.316154,9.3
2021-11-07 11:20:00.000002,2021-11-07 12:39:59.999998,8,9.181125,7.9087048,8.316154,9.02
2021-11-07 11:20:00.000002,2021-11-07 12:50:00.000002,9,8.844046,7.9174337,8.316154,9.24
2021-11-07 11:20:00.000002,2021-11-07 12:59:59.999997,10,8.66725,7.923922,8.316154,8.42
2021-11-07 11:20:00.000002,2021-11-07 13:10:00.000001,11,8.797625,7.928074,8.316154,8.83
2021-11-07 11:20:00.000002,2021-11-07 13:19:59.999996,12,8.984441,7.930035,8.316154,8.94
2021-11-07 11:20:00.000002,2021-11-07 13:30:00.000000,13,8.876604,7.930109,8.316154,9.09
2021-11-07 11:20:00.000002,2021-11-07 13:40:00.000004,14,8.61727,7.9286857,8.316154,8.24
2021-11-07 11:20:00.000002,2021-11-07 13:49:59.999999,15,8.525047,7.9261765,8.316154,8.9
2021-11-07 11:20:00.000002,2021-11-07 14:00:00.000003,16,8.422565,7.9229636,8.316154,8.27
2021-11-07 11:20:00.000002,2021-11-07 14:09:59.999998,17,8.003331,7.9193826,8.316154,7.92
2021-11-07 11:20:00.000002,2021-11-07 14:20:00.000002,18,7.523931,7.915706,8.316154,7.66
2021-11-07 11:20:00.000002,2021-11-07 14:29:59.999997,19,7.4088554,7.9121413,8.316154,7.33
2021-11-07 11:20:00.000002,2021-11-07 14:40:00.000001,20,7.5277023,7.908826,8.316154,7.58
2021-11-07 11:20:00.000002,2021-11-07 14:49:59.999996,21,7.5544753,7.90585,8.316154,7.47
2021-11-07 11:20:00.000002,2021-11-07 15:00:00.000000,22,7.6467223,7.9032583,8.316154,7.79
2021-11-07 11:20:00.000002,2021-11-07 15:10:00.000004,23,8.043634,7.9010615,8.316154,7.88
2021-11-07 11:20:00.000002,2021-11-07 15:19:59.999999,24,8.417702,7.899248,8.316154,8.51
2021-11-07 11:20:00.000002,2021-11-07 15:30:00.000003,25,8.363334,7.897789,8.316154,8.4
2021-11-07 11:20:00.000002,2021-11-07 15:39:59.999998,26,8.073304,7.896643,8.316154,7.94
2021-11-07 11:20:00.000002,2021-11-07 15:50:00.000002,27,7.930441,7.8957705,8.316154,8.06
2021-11-07 11:20:00.000002,2021-11-07 15:59:59.999997,28,7.9389563,7.895128,8.316154,7.91
2021-11-07 11:20:00.000002,2021-11-07 16:10:00.000001,29,7.912281,7.8946733,8.316154,7.82
2021-11-07 11:20:00.000002,2021-11-07 16:19:59.999996,30,7.7526627,7.8943677,8.316154,7.9
2021-11-07 11:20:00.000002,2021-11-07 16:30:00.000000,31,7.479392,7.8941774,8.316154,7.39
2021-11-07 11:20:00.000002,2021-11-07 16:40:00.000004,32,7.261114,7.8940773,8.316154,7.23
2021-11-07 11:20:00.000002,2021-11-07 16:49:59.999999,33,7.260604,7.894042,8.316154,7.31
2021-11-07 11:20:00.000002,2021-11-07 17:00:00.000003,34,7.4069843,7.8940506,8.316154,7.49
2021-11-07 11:20:00.000002,2021-11-07 17:09:59.999998,35,7.5228076,7.894091,8.316154,7.38
2021-11-07 11:20:00.000002,2021-11-07 17:20:00.000002,36,7.537469,7.8941493,8.316154,7.54
2021-11-07 11:29:59.999997,2021-11-07 11:40:00.000001,1,8.588272,7.808345,8.503379,8.86
2021-11-07 11:29:59.999997,2021-11-07 11:49:59.999996,2,8.594007,7.860008,8.503379,8.26
2021-11-07 11:29:59.999997,2021-11-07 12:00:00.000000,3,8.713363,7.904307,8.503379,8.71
2021-11-07 11:29:59.999997,2021-11-07 12:10:00.000004,4,9.05702,7.9328537,8.503379,9.27
2021-11-07 11:29:59.999997,2021-11-07 12:19:59.999999,5,9.38875,7.956186,8.503379,9.39
2021-11-07 11:29:59.999997,2021-11-07 12:30:00.000003,6,9.426726,7.9773455,8.503379,9.3
2021-11-07 11:29:59.999997,2021-11-07 12:39:59.999998,7,9.181125,7.9964566,8.503379,9.02
2021-11-07 11:29:59.999997,2021-11-07 12:50:00.000002,8,8.844046,8.012886,8.503379,9.24
2021-11-07 11:29:59.999997,2021-11-07 12:59:59.999997,9,8.66725,8.026088,8.503379,8.42
2021-11-07 11:29:59.999997,2021-11-07 13:10:00.000001,10,8.797625,8.035824,8.503379,8.83
2021-11-07 11:29:59.999997,2021-11-07 13:19:59.999996,11,8.984441,8.042182,8.503379,8.94
2021-11-07 11:29:59.999997,2021-11-07 13:30:00.000000,12,8.876604,8.045493,8.503379,9.09
2021-11-07 11:29:59.999997,2021-11-07 13:40:00.000004,13,8.61727,8.046234,8.503379,8.24
2021-11-07 11:29:59.999997,2021-11-07 13:49:59.999999,14,8.525047,8.04495,8.503379,8.9
2021-11-07 11:29:59.999997,2021-11-07 14:00:00.000003,15,8.422565,8.042186,8.503379,8.27
2021-11-07 11:29:59.999997,2021-11-07 14:09:59.999998,16,8.003331,8.038445,8.503379,7.92
2021-11-07 11:29:59.999997,2021-11-07 14:20:00.000002,17,7.523931,8.034156,8.503379,7.66
2021-11-07 11:29:59.999997,2021-11-07 14:29:59.999997,18,7.4088554,8.029664,8.503379,7.33
2021-11-07 11:29:59.999997,2021-11-07 14:40:00.000001,19,7.5277023,8.025231,8.503379,7.58
2021-11-07 11:29:59.999997,2021-11-07 14:49:59.999996,20,7.5544753,8.0210495,8.503379,7.47
2021-11-07 11:29:59.999997,2021-11-07 15:00:00.000000,21,7.6467223,8.017234,8.503379,7.79
2021-11-07 11:29:59.999997,2021-11-07 15:10:00.000004,22,8.043634,8.01385,8.503379,7.88
2021-11-07 11:29:59.999997,2021-11-07 15:19:59.999999,23,8.417702,8.010926,8.503379,8.51
2021-11-07 11:29:59.999997,2021-11-07 15:30:00.000003,24,8.363334,8.008456,8.503379,8.4
2021-11-07 11:29:59.999997,2021-11-07 15:39:59.999998,25,8.073304,8.0064125,8.503379,7.94
2021-11-07 11:29:59.999997,2021-11-07 15:50:00.000002,26,7.930441,8.004755,8.503379,8.06
2021-11-07 11:29:59.999997,2021-11-07 15:59:59.999997,27,7.9389563,8.00344,8.503379,7.91
2021-11-07 11:29:59.999997,2021-11-07 16:10:00.000001,28,7.912281,8.002419,8.503379,7.82
2021-11-07 11:29:59.999997,2021-11-07 16:19:59.999996,29,7.7526627,8.001645,8.503379,7.9
2021-11-07 11:29:59.999997,2021-11-07 16:30:00.000000,30,7.479392,8.001073,8.503379,7.39
2021-11-07 11:29:59.999997,2021-11-07 16:40:00.000004,31,7.261114,8.000665,8.503379,7.23
2021-11-07 11:29:59.999997,2021-11-07 16:49:59.999999,32,7.260604,8.000385,8.503379,7.31
2021-11-07 11:29:59.999997,2021-11-07 17:00:00.000003,33,7.4069843,8.000205,8.503379,7.49
2021-11-07 11:29:59.999997,2021-11-07 17:09:59.999998,34,7.5228076,8.000101,8.503379,7.38
2021-11-07 11:29:59.999997,2021-11-07 17:20:00.000002,35,7.537469,8.000052,8.503379,7.54
2021-11-07 11:29:59.999997,2021-11-07 17:29:59.999997,36,7.4841185,8.000042,8.503379,7.59
2021-11-07 11:40:00.000001,2021-11-07 11:49:59.999996,1,8.594007,7.8307605,8.588272,8.26
2021-11-07 11:40:00.000001,2021-11-07 12:00:00.000000,2,8.713363,7.88429,8.588272,8.71
2021-11-07 11:40:00.000001,2021-11-07 12:10:00.000004,3,9.05702,7.9323354,8.588272,9.27
2021-11-07 11:40:00.000001,2021-11-07 12:19:59.999999,4,9.38875,7.964884,8.588272,9.39
2021-11-07 11:40:00.000001,2021-11-07 12:30:00.000003,5,9.426726,7.9919443,8.588272,9.3
2021-11-07 11:40:00.000001,2021-11-07 12:39:59.999998,6,9.181125,8.0162945,8.588272,9.02
2021-11-07 11:40:00.000001,2021-11-07 12:50:00.000002,7,8.844046,8.037977,8.588272,9.24
2021-11-07 11:40:00.000001,2021-11-07 12:59:59.999997,8,8.66725,8.056386,8.588272,8.42
2021-11-07 11:40:00.000001,2021-11-07 13:10:00.000001,9,8.797625,8.071048,8.588272,8.83
2021-11-07 11:40:00.000001,2021-11-07 13:19:59.999996,10,8.984441,8.081812,8.588272,8.94
2021-11-07 11:40:00.000001,2021-11-07 13:30:00.000000,11,8.876604,8.088846,8.588272,9.09
2021-11-07 11:40:00.000001,2021-11-07 13:40:00.000004,12,8.61727,8.092553,8.588272,8.24
2021-11-07 11:40:00.000001,2021-11-07 13:49:59.999999,13,8.525047,8.09348,8.588272,8.9
2021-11-07 11:40:00.000001,2021-11-07 14:00:00.000003,14,8.422565,8.092226,8.588272,8.27
2021-11-07 11:40:00.000001,2021-11-07 14:09:59.999998,15,8.003331,8.089384,8.588272,7.92
2021-11-07 11:40:00.000001,2021-11-07 14:20:00.000002,16,7.523931,8.08549,8.588272,7.66
2021-11-07 11:40:00.000001,2021-11-07 14:29:59.999997,17,7.4088554,8.081003,8.588272,7.33
2021-11-07 11:40:00.000001,2021-11-07 14:40:00.000001,18,7.5277023,8.076298,8.588272,7.58
2021-11-07 11:40:00.000001,2021-11-07 14:49:59.999996,19,7.5544753,8.071647,8.588272,7.47
2021-11-07 11:40:00.000001,2021-11-07 15:00:00.000000,20,7.6467223,8.067252,8.588272,7.79
2021-11-07 11:40:00.000001,2021-11-07 15:10:00.000004,21,8.043634,8.063241,8.588272,7.88
2021-11-07 11:40:00.000001,2021-11-07 15:19:59.999999,22,8.417702,8.059684,8.588272,8.51
2021-11-07 11:40:00.000001,2021-11-07 15:30:00.000003,23,8.363334,8.056608,8.588272,8.4
2021-11-07 11:40:00.000001,2021-11-07 15:39:59.999998,24,8.073304,8.05401,8.588272,7.94
2021-11-07 11:40:00.000001,2021-11-07 15:50:00.000002,25,7.930441,8.051861,8.588272,8.06
2021-11-07 11:40:00.000001,2021-11-07 15:59:59.999997,26,7.9389563,8.050121,8.588272,7.91
2021-11-07 11:40:00.000001,2021-11-07 16:10:00.000001,27,7.912281,8.048742,8.588272,7.82
2021-11-07 11:40:00.000001,2021-11-07 16:19:59.999996,28,7.7526627,8.047672,8.588272,7.9
2021-11-07 11:40:00.000001,2021-11-07 16:30:00.000000,29,7.479392,8.0468645,8.588272,7.39
2021-11-07 11:40:00.000001,2021-11-07 16:40:00.000004,30,7.261114,8.046272,8.588272,7.23
2021-11-07 11:40:00.000001,2021-11-07 16:49:59.999999,31,7.260604,8.045852,8.588272,7.31
2021-11-07 11:40:00.000001,2021-11-07 17:00:00.000003,32,7.4069843,8.0455675,8.588272,7.49
2021-11-07 11:40:00.000001,2021-11-07 17:09:59.999998,33,7.5228076,8.045392,8.588272,7.38
2021-11-07 11:40:00.000001,2021-11-07 17:20:00.000002,34,7.537469,8.045294,8.588272,7.54
2021-11-07 11:40:00.000001,2021-11-07 17:29:59.999997,35,7.4841185,8.045255,8.588272,7.59
2021-11-07 11:40:00.000001,2021-11-07 17:40:00.000001,36,7.440976,8.045257,8.588272,7.4
2021-11-07 11:49:59.999996,2021-11-07 12:00:00.000000,1,8.713363,7.8395576,8.594007,8.71
2021-11-07 11:49:59.999996,2021-11-07 12:10:00.000004,2,9.05702,7.8908796,8.594007,9.27
2021-11-07 11:49:59.999996,2021-11-07 12:19:59.999999,3,9.38875,7.9370065,8.594007,9.39
2021-11-07 11:49:59.999996,2021-11-07 12:30:00.000003,4,9.426726,7.967857,8.594007,9.3
2021-11-07 11:49:59.999996,2021-11-07 12:39:59.999998,5,9.181125,7.993524,8.594007,9.02
2021-11-07 11:49:59.999996,2021-11-07 12:50:00.000002,6,8.844046,8.016754,8.594007,9.24
2021-11-07 11:49:59.999996,2021-11-07 12:59:59.999997,7,8.66725,8.037536,8.594007,8.42
2021-11-07 11:49:59.999996,2021-11-07 13:10:00.000001,8,8.797625,8.055232,8.594007,8.83
2021-11-07 11:49:59.999996,2021-11-07 13:19:59.999996,9,8.984441,8.069339,8.594007,8.94
2021-11-07 11:49:59.999996,2021-11-07 13:30:00.000000,10,8.876604,8.079684,8.594007,9.09
2021-11-07 11:49:59.999996,2021-11-07 13:40:00.000004,11,8.61727,8.086419,8.594007,8.24
2021-11-07 11:49:59.999996,2021-11-07 13:49:59.999999,12,8.525047,8.089926,8.594007,8.9
2021-11-07 11:49:59.999996,2021-11-07 14:00:00.000003,13,8.422565,8.090734,8.594007,8.27
2021-11-07 11:49:59.999996,2021-11-07 14:09:59.999998,14,8.003331,8.089423,8.594007,7.92
2021-11-07 11:49:59.999996,2021-11-07 14:20:00.000002,15,7.523931,8.086575,8.594007,7.66
2021-11-07 11:49:59.999996,2021-11-07 14:29:59.999997,16,7.4088554,8.082712,8.594007,7.33
2021-11-07 11:49:59.999996,2021-11-07 14:40:00.000001,17,7.5277023,8.07828,8.594007,7.58
2021-11-07 11:49:59.999996,2021-11-07 14:49:59.999996,18,7.5544753,8.073646,8.594007,7.47
2021-11-07 11:49:59.999996,2021-11-07 15:00:00.000000,19,7.6467223,8.069074,8.594007,7.79
2021-11-07 11:49:59.999996,2021-11-07 15:10:00.000004,20,8.043634,8.064762,8.594007,7.88
2021-11-07 11:49:59.999996,2021-11-07 15:19:59.999999,21,8.417702,8.060831,8.594007,8.51
2021-11-07 11:49:59.999996,2021-11-07 15:30:00.000003,22,8.363334,8.057352,8.594007,8.4
2021-11-07 11:49:59.999996,2021-11-07 15:39:59.999998,23,8.073304,8.054348,8.594007,7.94
2021-11-07 11:49:59.999996,2021-11-07 15:50:00.000002,24,7.930441,8.051813,8.594007,8.06
2021-11-07 11:49:59.999996,2021-11-07 15:59:59.999997,25,7.9389563,8.049722,8.594007,7.91
2021-11-07 11:49:59.999996,2021-11-07 16:10:00.000001,26,7.912281,8.04803,8.594007,7.82
2021-11-07 11:49:59.999996,2021-11-07 16:19:59.999996,27,7.7526627,8.046693,8.594007,7.9
2021-11-07 11:49:59.999996,2021-11-07 16:30:00.000000,28,7.479392,8.045659,8.594007,7.39
2021-11-07 11:49:59.999996,2021-11-07 16:40:00.000004,29,7.261114,8.04488,8.594007,7.23
2021-11-07 11:49:59.999996,2021-11-07 16:49:59.999999,30,7.260604,8.044312,8.594007,7.31
2021-11-07 11:49:59.999996,2021-11-07 17:00:00.000003,31,7.4069843,8.043911,8.594007,7.49
2021-11-07 11:49:59.999996,2021-11-07 17:09:59.999998,32,7.5228076,8.043644,8.594007,7.38
2021-11-07 11:49:59.999996,2021-11-07 17:20:00.000002,33,7.537469,8.043479,8.594007,7.54
2021-11-07 11:49:59.999996,2021-11-07 17:29:59.999997,34,7.4841185,8.043389,8.594007,7.59
2021-11-07 11:49:59.999996,2021-11-07 17:40:00.000001,35,7.440976,8.043358,8.594007,7.4
2021-11-07 11:49:59.999996,2021-11-07 17:49:59.999996,36,7.4231358,8.0433655,8.594007,7.47
2021-11-07 12:00:00.000000,2021-11-07 12:10:00.000004,1,9.05702,7.8482666,8.713363,9.27
2021-11-07 12:00:00.000000,2021-11-07 12:19:59.999999,2,9.38875,7.9084964,8.713363,9.39
2021-11-07 12:00:00.000000,2021-11-07 12:30:00.000003,3,9.426726,7.962438,8.713363,9.3
2021-11-07 12:00:00.000000,2021-11-07 12:39:59.999998,4,9.181125,7.9999595,8.713363,9.02
2021-11-07 12:00:00.000000,2021-11-07 12:50:00.000002,5,8.844046,8.031224,8.713363,9.24
2021-11-07 12:00:00.000000,2021-11-07 12:59:59.999997,6,8.66725,8.059097,8.713363,8.42
2021-11-07 12:00:00.000000,2021-11-07 13:10:00.000001,7,8.797625,8.083702,8.713363,8.83
2021-11-07 12:00:00.000000,2021-11-07 13:19:59.999996,8,8.984441,8.104521,8.713363,8.94
2021-11-07 12:00:00.000000,2021-11-07 13:30:00.000000,9,8.876604,8.121163,8.713363,9.09
2021-11-07 12:00:00.000000,2021-11-07 13:40:00.000004,10,8.61727,8.13356,8.713363,8.24
2021-11-07 12:00:00.000000,2021-11-07 13:49:59.999999,11,8.525047,8.141945,8.713363,8.9
2021-11-07 12:00:00.000000,2021-11-07 14:00:00.000003,12,8.422565,8.146777,8.713363,8.27
2021-11-07 12:00:00.000000,2021-11-07 14:09:59.999998,13,8.003331,8.148643,8.713363,7.92
2021-11-07 12:00:00.000000,2021-11-07 14:20:00.000002,14,7.523931,8.148178,8.713363,7.66
2021-11-07 12:00:00.000000,2021-11-07 14:29:59.999997,15,7.4088554,8.146005,8.713363,7.33
2021-11-07 12:00:00.000000,2021-11-07 14:40:00.000001,16,7.5277023,8.142679,8.713363,7.58
2021-11-07 12:00:00.000000,2021-11-07 14:49:59.999996,17,7.5544753,8.13868,8.713363,7.47
2021-11-07 12:00:00.000000,2021-11-07 15:00:00.000000,18,7.6467223,8.134387,8.713363,7.79
2021-11-07 12:00:00.000000,2021-11-07 15:10:00.000004,19,8.043634,8.130093,8.713363,7.88
2021-11-07 12:00:00.000000,2021-11-07 15:19:59.999999,20,8.417702,8.126002,8.713363,8.51
2021-11-07 12:00:00.000000,2021-11-07 15:30:00.000003,21,8.363334,8.122252,8.713363,8.4
2021-11-07 12:00:00.000000,2021-11-07 15:39:59.999998,22,8.073304,8.118921,8.713363,7.94
2021-11-07 12:00:00.000000,2021-11-07 15:50:00.000002,23,7.930441,8.116037,8.713363,8.06
2021-11-07 12:00:00.000000,2021-11-07 15:59:59.999997,24,7.9389563,8.113603,8.713363,7.91
2021-11-07 12:00:00.000000,2021-11-07 16:10:00.000001,25,7.912281,8.111591,8.713363,7.82
2021-11-07 12:00:00.000000,2021-11-07 16:19:59.999996,26,7.7526627,8.109968,8.713363,7.9
2021-11-07 12:00:00.000000,2021-11-07 16:30:00.000000,27,7.479392,8.108687,8.713363,7.39
2021-11-07 12:00:00.000000,2021-11-07 16:40:00.000004,28,7.261114,8.107702,8.713363,7.23
2021-11-07 12:00:00.000000,2021-11-07 16:49:59.999999,29,7.260604,8.106966,8.713363,7.31
2021-11-07 12:00:00.000000,2021-11-07 17:00:00.000003,30,7.4069843,8.106432,8.713363,7.49
2021-11-07 12:00:00.000000,2021-11-07 17:09:59.999998,31,7.5228076,8.106061,8.713363,7.38
2021-11-07 12:00:00.000000,2021-11-07 17:20:00.000002,32,7.537469,8.105819,8.713363,7.54
2021-11-07 12:00:00.000000,2021-11-07 17:29:59.999997,33,7.4841185,8.105676,8.713363,7.59
2021-11-07 12:00:00.000000,2021-11-07 17:40:00.000001,34,7.440976,8.105606,8.713363,7.4
2021-11-07 12:00:00.000000,2021-11-07 17:49:59.999996,35,7.4231358,8.105591,8.713363,7.47
2021-11-07 12:00:00.000000,2021-11-07 18:00:00.000000,36,7.3245983,8.105613,8.713363,7.08
2021-11-07 12:10:00.000004,2021-11-07 12:19:59.999999,1,9.38875,7.904254,9.05702,9.39
2021-11-07 12:10:00.000004,2021-11-07 12:30:00.000003,2,9.426726,7.9963126,9.05702,9.3
2021-11-07 12:10:00.000004,2021-11-07 12:39:59.999998,3,9.181125,8.078872,9.05702,9.02
2021-11-07 12:10:00.000004,2021-11-07 12:50:00.000002,4,8.844046,8.140975,9.05702,9.24
2021-11-07 12:10:00.000004,2021-11-07 12:59:59.999997,5,8.66725,8.192386,9.05702,8.42
2021-11-07 12:10:00.000004,2021-11-07 13:10:00.000001,6,8.797625,8.236166,9.05702,8.83
2021-11-07 12:10:00.000004,2021-11-07 13:19:59.999996,7,8.984441,8.272925,9.05702,8.94
2021-11-07 12:10:00.000004,2021-11-07 13:30:00.000000,8,8.876604,8.302729,9.05702,9.09
2021-11-07 12:10:00.000004,2021-11-07 13:40:00.000004,9,8.61727,8.325754,9.05702,8.24
2021-11-07 12:10:00.000004,2021-11-07 13:49:59.999999,10,8.525047,8.34245,9.05702,8.9
2021-11-07 12:10:00.000004,2021-11-07 14:00:00.000003,11,8.422565,8.353497,9.05702,8.27
2021-11-07 12:10:00.000004,2021-11-07 14:09:59.999998,12,8.003331,8.359731,9.05702,7.92
2021-11-07 12:10:00.000004,2021-11-07 14:20:00.000002,13,7.523931,8.362054,9.05702,7.66
2021-11-07 12:10:00.000004,2021-11-07 14:29:59.999997,14,7.4088554,8.361363,9.05702,7.33
2021-11-07 12:10:00.000004,2021-11-07 14:40:00.000001,15,7.5277023,8.358479,9.05702,7.58
2021-11-07 12:10:00.000004,2021-11-07 14:49:59.999996,16,7.5544753,8.35413,9.05702,7.47
2021-11-07 12:10:00.000004,2021-11-07 15:00:00.000000,17,7.6467223,8.348919,9.05702,7.79
2021-11-07 12:10:00.000004,2021-11-07 15:10:00.000004,18,8.043634,8.343325,9.05702,7.88
2021-11-07 12:10:00.000004,2021-11-07 15:19:59.999999,19,8.417702,8.337712,9.05702,8.51
2021-11-07 12:10:00.000004,2021-11-07 15:30:00.000003,20,8.363334,8.332336,9.05702,8.4
2021-11-07 12:10:00.000004,2021-11-07 15:39:59.999998,21,8.073304,8.32737,9.05702,7.94
2021-11-07 12:10:00.000004,2021-11-07 15:50:00.000002,22,7.930441,8.322911,9.05702,8.06
2021-11-07 12:10:00.000004,2021-11-07 15:59:59.999997,23,7.9389563,8.319005,9.05702,7.91
2021-11-07 12:10:00.000004,2021-11-07 16:10:00.000001,24,7.912281,8.315656,9.05702,7.82
2021-11-07 12:10:00.000004,2021-11-07 16:19:59.999996,25,7.7526627,8.31284,9.05702,7.9
2021-11-07 12:10:00.000004,2021-11-07 16:30:00.000000,26,7.479392,8.310516,9.05702,7.39
2021-11-07 12:10:00.000004,2021-11-07 16:40:00.000004,27,7.261114,8.308634,9.05702,7.23
2021-11-07 12:10:00.000004,2021-11-07 16:49:59.999999,28,7.260604,8.307137,9.05702,7.31
2021-11-07 12:10:00.000004,2021-11-07 17:00:00.000003,29,7.4069843,8.305965,9.05702,7.49
2021-11-07 12:10:00.000004,2021-11-07 17:09:59.999998,30,7.5228076,8.305072,9.05702,7.38
2021-11-07 12:10:00.000004,2021-11-07 17:20:00.000002,31,7.537469,8.304403,9.05702,7.54
2021-11-07 12:10:00.000004,2021-11-07 17:29:59.999997,32,7.4841185,8.303921,9.05702,7.59
2021-11-07 12:10:00.000004,2021-11-07 17:40:00.000001,33,7.440976,8.303581,9.05702,7.4
2021-11-07 12:10:00.000004,2021-11-07 17:49:59.999996,34,7.4231358,8.303356,9.05702,7.47
2021-11-07 12:10:00.000004,2021-11-07 18:00:00.000000,35,7.3245983,8.303219,9.05702,7.08
2021-11-07 12:10:00.000004,2021-11-07 18:10:00.000004,36,7.0661554,8.303146,9.05702,7.41
2021-11-07 12:19:59.999999,2021-11-07 12:30:00.000003,1,9.426726,7.960591,9.38875,9.3
2021-11-07 12:19:59.999999,2021-11-07 12:39:59.999998,2,9.181125,8.074421,9.38875,9.02
2021-11-07 12:19:59.999999,2021-11-07 12:50:00.000002,3,8.844046,8.178727,9.38875,9.24
2021-11-07 12:19:59.999999,2021-11-07 12:59:59.999997,4,8.66725,8.260504,9.38875,8.42
2021-11-07 12:19:59.999999,2021-11-07 13:10:00.000001,5,8.797625,8.328934,9.38875,8.83
2021-11-07 12:19:59.999999,2021-11-07 13:19:59.999996,6,8.984441,8.387007,9.38875,8.94
2021-11-07 12:19:59.999999,2021-11-07 13:30:00.000000,7,8.876604,8.435506,9.38875,9.09
2021-11-07 12:19:59.999999,2021-11-07 13:40:00.000004,8,8.61727,8.474783,9.38875,8.24
2021-11-07 12:19:59.999999,2021-11-07 13:49:59.999999,9,8.525047,8.505326,9.38875,8.9
2021-11-07 12:19:59.999999,2021-11-07 14:00:00.000003,10,8.422565,8.527882,9.38875,8.27
2021-11-07 12:19:59.999999,2021-11-07 14:09:59.999998,11,8.003331,8.543403,9.38875,7.92
2021-11-07 12:19:59.999999,2021-11-07 14:20:00.000002,12,7.523931,8.552967,9.38875,7.66
2021-11-07 12:19:59.999999,2021-11-07 14:29:59.999997,13,7.4088554,8.55769,9.38875,7.33
2021-11-07 12:19:59.999999,2021-11-07 14:40:00.000001,14,7.5277023,8.558651,9.38875,7.58
2021-11-07 12:19:59.999999,2021-11-07 14:49:59.999996,15,7.5544753,8.556832,9.38875,7.47
2021-11-07 12:19:59.999999,2021-11-07 15:00:00.000000,16,7.6467223,8.553092,9.38875,7.79
2021-11-07 12:19:59.999999,2021-11-07 15:10:00.000004,17,8.043634,8.548147,9.38875,7.88
2021-11-07 12:19:59.999999,2021-11-07 15:19:59.999999,18,8.417702,8.542569,9.38875,8.51
2021-11-07 12:19:59.999999,2021-11-07 15:30:00.000003,19,8.363334,8.536791,9.38875,8.4
2021-11-07 12:19:59.999999,2021-11-07 15:39:59.999998,20,8.073304,8.531134,9.38875,7.94
2021-11-07 12:19:59.999999,2021-11-07 15:50:00.000002,21,7.930441,8.525811,9.38875,8.06
2021-11-07 12:19:59.999999,2021-11-07 15:59:59.999997,22,7.9389563,8.520958,9.38875,7.91
2021-11-07 12:19:59.999999,2021-11-07 16:10:00.000001,23,7.912281,8.516645,9.38875,7.82
2021-11-07 12:19:59.999999,2021-11-07 16:19:59.999996,24,7.7526627,8.512896,9.38875,7.9
2021-11-07 12:19:59.999999,2021-11-07 16:30:00.000000,25,7.479392,8.5097,9.38875,7.39
2021-11-07 12:19:59.999999,2021-11-07 16:40:00.000004,26,7.261114,8.507025,9.38875,7.23
2021-11-07 12:19:59.999999,2021-11-07 16:49:59.999999,27,7.260604,8.504821,9.38875,7.31
2021-11-07 12:19:59.999999,2021-11-07 17:00:00.000003,28,7.4069843,8.5030365,9.38875,7.49
2021-11-07 12:19:59.999999,2021-11-07 17:09:59.999998,29,7.5228076,8.5016165,9.38875,7.38
2021-11-07 12:19:59.999999,2021-11-07 17:20:00.000002,30,7.537469,8.500505,9.38875,7.54
2021-11-07 12:19:59.999999,2021-11-07 17:29:59.999997,31,7.4841185,8.499651,9.38875,7.59
2021-11-07 12:19:59.999999,2021-11-07 17:40:00.000001,32,7.440976,8.499011,9.38875,7.4
2021-11-07 12:19:59.999999,2021-11-07 17:49:59.999996,33,7.4231358,8.498542,9.38875,7.47
2021-11-07 12:19:59.999999,2021-11-07 18:00:00.000000,34,7.3245983,8.498211,9.38875,7.08
2021-11-07 12:19:59.999999,2021-11-07 18:10:00.000004,35,7.0661554,8.497986,9.38875,7.41
2021-11-07 12:19:59.999999,2021-11-07 18:19:59.999999,36,6.6464143,8.497844,9.38875,6.47
2021-11-07 12:30:00.000003,2021-11-07 12:39:59.999998,1,9.181125,8.010931,9.426726,9.02
2021-11-07 12:30:00.000003,2021-11-07 12:50:00.000002,2,8.844046,8.139152,9.426726,9.24
2021-11-07 12:30:00.000003,2021-11-07 12:59:59.999997,3,8.66725,8.252277,9.426726,8.42
2021-11-07 12:30:00.000003,2021-11-07 13:10:00.000001,4,8.797625,8.338007,9.426726,8.83
2021-11-07 12:30:00.000003,2021-11-07 13:19:59.999996,5,8.984441,8.406716,9.426726,8.94
2021-11-07 12:30:00.000003,2021-11-07 13:30:00.000000,6,8.876604,8.462501,9.426726,9.09
2021-11-07 12:30:00.000003,2021-11-07 13:40:00.000004,7,8.61727,8.507097,9.426726,8.24
2021-11-07 12:30:00.000003,2021-11-07 13:49:59.999999,8,8.525047,8.541596,9.426726,8.9
2021-11-07 12:30:00.000003,2021-11-07 14:00:00.000003,9,8.422565,8.567037,9.426726,8.27
2021-11-07 12:30:00.000003,2021-11-07 14:09:59.999998,10,8.003331,8.584525,9.426726,7.92
2021-11-07 12:30:00.000003,2021-11-07 14:20:00.000002,11,7.523931,8.595256,9.426726,7.66
2021-11-07 12:30:00.000003,2021-11-07 14:29:59.999997,12,7.4088554,8.600439,9.426726,7.33
2021-11-07 12:30:00.000003,2021-11-07 14:40:00.000001,13,7.5277023,8.601261,9.426726,7.58
2021-11-07 12:30:00.000003,2021-11-07 14:49:59.999996,14,7.5544753,8.598813,9.426726,7.47
2021-11-07 12:30:00.000003,2021-11-07 15:00:00.000000,15,7.6467223,8.5940695,9.426726,7.79
2021-11-07 12:30:00.000003,2021-11-07 15:10:00.000004,16,8.043634,8.587853,9.426726,7.88
2021-11-07 12:30:00.000003,2021-11-07 15:19:59.999999,17,8.417702,8.580843,9.426726,8.51
2021-11-07 12:30:00.000003,2021-11-07 15:30:00.000003,18,8.363334,8.573561,9.426726,8.4
2021-11-07 12:30:00.000003,2021-11-07 15:39:59.999998,19,8.073304,8.566401,9.426726,7.94
2021-11-07 12:30:00.000003,2021-11-07 15:50:00.000002,20,7.930441,8.559628,9.426726,8.06
2021-11-07 12:30:00.000003,2021-11-07 15:59:59.999997,21,7.9389563,8.553423,9.426726,7.91
2021-11-07 12:30:00.000003,2021-11-07 16:10:00.000001,22,7.912281,8.547882,9.426726,7.82
2021-11-07 12:30:00.000003,2021-11-07 16:19:59.999996,23,7.7526627,8.543041,9.426726,7.9
2021-11-07 12:30:00.000003,2021-11-07 16:30:00.000000,24,7.479392,8.538897,9.426726,7.39
2021-11-07 12:30:00.000003,2021-11-07 16:40:00.000004,25,7.261114,8.535411,9.426726,7.23
2021-11-07 12:30:00.000003,2021-11-07 16:49:59.999999,26,7.260604,8.532531,9.426726,7.31
2021-11-07 12:30:00.000003,2021-11-07 17:00:00.000003,27,7.4069843,8.530192,9.426726,7.49
2021-11-07 12:30:00.000003,2021-11-07 17:09:59.999998,28,7.5228076,8.528325,9.426726,7.38
2021-11-07 12:30:00.000003,2021-11-07 17:20:00.000002,29,7.537469,8.526862,9.426726,7.54
2021-11-07 12:30:00.000003,2021-11-07 17:29:59.999997,30,7.4841185,8.52574,9.426726,7.59
2021-11-07 12:30:00.000003,2021-11-07 17:40:00.000001,31,7.440976,8.524897,9.426726,7.4
2021-11-07 12:30:00.000003,2021-11-07 17:49:59.999996,32,7.4231358,8.524284,9.426726,7.47
2021-11-07 12:30:00.000003,2021-11-07 18:00:00.000000,33,7.3245983,8.523853,9.426726,7.08
2021-11-07 12:30:00.000003,2021-11-07 18:10:00.000004,34,7.0661554,8.523565,9.426726,7.41
2021-11-07 12:30:00.000003,2021-11-07 18:19:59.999999,35,6.6464143,8.52339,9.426726,6.47
2021-11-07 12:30:00.000003,2021-11-07 18:30:00.000003,36,6.136529,8.523297,9.426726,6.12
2021-11-07 12:39:59.999998,2021-11-07 12:50:00.000002,1,8.844046,8.028027,9.181125,9.24
2021-11-07 12:39:59.999998,2021-11-07 12:59:59.999997,2,8.66725,8.151752,9.181125,8.42
2021-11-07 12:39:59.999998,2021-11-07 13:10:00.000001,3,8.797625,8.253251,9.181125,8.83
2021-11-07 12:39:59.999998,2021-11-07 13:19:59.999996,4,8.984441,8.322543,9.181125,8.94
2021-11-07 12:39:59.999998,2021-11-07 13:30:00.000000,5,8.876604,8.3727665,9.181125,9.09
2021-11-07 12:39:59.999998,2021-11-07 13:40:00.000004,6,8.61727,8.409886,9.181125,8.24
2021-11-07 12:39:59.999998,2021-11-07 13:49:59.999999,7,8.525047,8.436808,9.181125,8.9
2021-11-07 12:39:59.999998,2021-11-07 14:00:00.000003,8,8.422565,8.45531,9.181125,8.27
2021-11-07 12:39:59.999998,2021-11-07 14:09:59.999998,9,8.003331,8.466757,9.181125,7.92
2021-11-07 12:39:59.999998,2021-11-07 14:20:00.000002,10,7.523931,8.4723625,9.181125,7.66
2021-11-07 12:39:59.999998,2021-11-07 14:29:59.999997,11,7.4088554,8.473262,9.181125,7.33
2021-11-07 12:39:59.999998,2021-11-07 14:40:00.000001,12,7.5277023,8.470518,9.181125,7.58
2021-11-07 12:39:59.999998,2021-11-07 14:49:59.999996,13,7.5544753,8.465106,9.181125,7.47
2021-11-07 12:39:59.999998,2021-11-07 15:00:00.000000,14,7.6467223,8.457895,9.181125,7.79
2021-11-07 12:39:59.999998,2021-11-07 15:10:00.000004,15,8.043634,8.449628,9.181125,7.88
2021-11-07 12:39:59.999998,2021-11-07 15:19:59.999999,16,8.417702,8.440912,9.181125,8.51
2021-11-07 12:39:59.999998,2021-11-07 15:30:00.000003,17,8.363334,8.432222,9.181125,8.4
2021-11-07 12:39:59.999998,2021-11-07 15:39:59.999998,18,8.073304,8.423912,9.181125,7.94
2021-11-07 12:39:59.999998,2021-11-07 15:50:00.000002,19,7.930441,8.41622,9.181125,8.06
2021-11-07 12:39:59.999998,2021-11-07 15:59:59.999997,20,7.9389563,8.409292,9.181125,7.91
2021-11-07 12:39:59.999998,2021-11-07 16:10:00.000001,21,7.912281,8.403203,9.181125,7.82
2021-11-07 12:39:59.999998,2021-11-07 16:19:59.999996,22,7.7526627,8.3979645,9.181125,7.9
2021-11-07 12:39:59.999998,2021-11-07 16:30:00.000000,23,7.479392,8.39355,9.181125,7.39
2021-11-07 12:39:59.999998,2021-11-07 16:40:00.000004,24,7.261114,8.389903,9.181125,7.23
2021-11-07 12:39:59.999998,2021-11-07 16:49:59.999999,25,7.260604,8.386951,9.181125,7.31
2021-11-07 12:39:59.999998,2021-11-07 17:00:00.000003,26,7.4069843,8.384609,9.181125,7.49
2021-11-07 12:39:59.999998,2021-11-07 17:09:59.999998,27,7.5228076,8.382796,9.181125,7.38
2021-11-07 12:39:59.999998,2021-11-07 17:20:00.000002,28,7.537469,8.38143,9.181125,7.54
2021-11-07 12:39:59.999998,2021-11-07 17:29:59.999997,29,7.4841185,8.380431,9.181125,7.59
2021-11-07 12:39:59.999998,2021-11-07 17:40:00.000001,30,7.440976,8.379731,9.181125,7.4
2021-11-07 12:39:59.999998,2021-11-07 17:49:59.999996,31,7.4231358,8.379272,9.181125,7.47
2021-11-07 12:39:59.999998,2021-11-07 18:00:00.000000,32,7.3245983,8.378999,9.181125,7.08
2021-11-07 12:39:59.999998,2021-11-07 18:10:00.000004,33,7.0661554,8.378865,9.181125,7.41
2021-11-07 12:39:59.999998,2021-11-07 18:19:59.999999,34,6.6464143,8.378839,9.181125,6.47
2021-11-07 12:39:59.999998,2021-11-07 18:30:00.000003,35,6.136529,8.378889,9.181125,6.12
2021-11-07 12:39:59.999998,2021-11-07 18:39:59.999998,36,5.8347855,8.378988,9.181125,5.87
2021-11-07 12:50:00.000002,2021-11-07 12:59:59.999997,1,8.66725,8.029177,8.844046,8.42
2021-11-07 12:50:00.000002,2021-11-07 13:10:00.000001,2,8.797625,8.146596,8.844046,8.83
2021-11-07 12:50:00.000002,2021-11-07 13:19:59.999996,3,8.984441,8.232677,8.844046,8.94
2021-11-07 12:50:00.000002,2021-11-07 13:30:00.000000,4,8.876604,8.281522,8.844046,9.09
2021-11-07 12:50:00.000002,2021-11-07 13:40:00.000004,5,8.61727,8.309332,8.844046,8.24
2021-11-07 12:50:00.000002,2021-11-07 13:49:59.999999,6,8.525047,8.324121,8.844046,8.9
2021-11-07 12:50:00.000002,2021-11-07 14:00:00.000003,7,8.422565,8.330064,8.844046,8.27
2021-11-07 12:50:00.000002,2021-11-07 14:09:59.999998,8,8.003331,8.329636,8.844046,7.92
2021-11-07 12:50:00.000002,2021-11-07 14:20:00.000002,9,7.523931,8.324533,8.844046,7.66
2021-11-07 12:50:00.000002,2021-11-07 14:29:59.999997,10,7.4088554,8.316049,8.844046,7.33
2021-11-07 12:50:00.000002,2021-11-07 14:40:00.000001,11,7.5277023,8.305224,8.844046,7.58
2021-11-07 12:50:00.000002,2021-11-07 14:49:59.999996,12,7.5544753,8.292942,8.844046,7.47
2021-11-07 12:50:00.000002,2021-11-07 15:00:00.000000,13,7.6467223,8.2799425,8.844046,7.79
2021-11-07 12:50:00.000002,2021-11-07 15:10:00.000004,14,8.043634,8.266832,8.844046,7.88
2021-11-07 12:50:00.000002,2021-11-07 15:19:59.999999,15,8.417702,8.2541,8.844046,8.51
2021-11-07 12:50:00.000002,2021-11-07 15:30:00.000003,16,8.363334,8.242111,8.844046,8.4
2021-11-07 12:50:00.000002,2021-11-07 15:39:59.999998,17,8.073304,8.231119,8.844046,7.94
2021-11-07 12:50:00.000002,2021-11-07 15:50:00.000002,18,7.930441,8.22128,8.844046,8.06
2021-11-07 12:50:00.000002,2021-11-07 15:59:59.999997,19,7.9389563,8.2126665,8.844046,7.91
2021-11-07 12:50:00.000002,2021-11-07 16:10:00.000001,20,7.912281,8.205283,8.844046,7.82
2021-11-07 12:50:00.000002,2021-11-07 16:19:59.999996,21,7.7526627,8.199081,8.844046,7.9
2021-11-07 12:50:00.000002,2021-11-07 16:30:00.000000,22,7.479392,8.193985,8.844046,7.39
2021-11-07 12:50:00.000002,2021-11-07 16:40:00.000004,23,7.261114,8.189883,8.844046,7.23
2021-11-07 12:50:00.000002,2021-11-07 16:49:59.999999,24,7.260604,8.1866665,8.844046,7.31
2021-11-07 12:50:00.000002,2021-11-07 17:00:00.000003,25,7.4069843,8.184207,8.844046,7.49
2021-11-07 12:50:00.000002,2021-11-07 17:09:59.999998,26,7.5228076,8.182391,8.844046,7.38
2021-11-07 12:50:00.000002,2021-11-07 17:20:00.000002,27,7.537469,8.181108,8.844046,7.54
2021-11-07 12:50:00.000002,2021-11-07 17:29:59.999997,28,7.4841185,8.180258,8.844046,7.59
2021-11-07 12:50:00.000002,2021-11-07 17:40:00.000001,29,7.440976,8.1797495,8.844046,7.4
2021-11-07 12:50:00.000002,2021-11-07 17:49:59.999996,30,7.4231358,8.179509,8.844046,7.47
2021-11-07 12:50:00.000002,2021-11-07 18:00:00.000000,31,7.3245983,8.179465,8.844046,7.08
2021-11-07 12:50:00.000002,2021-11-07 18:10:00.000004,32,7.0661554,8.17957,8.844046,7.41
2021-11-07 12:50:00.000002,2021-11-07 18:19:59.999999,33,6.6464143,8.179773,8.844046,6.47
2021-11-07 12:50:00.000002,2021-11-07 18:30:00.000003,34,6.136529,8.180043,8.844046,6.12
2021-11-07 12:50:00.000002,2021-11-07 18:39:59.999998,35,5.8347855,8.180352,8.844046,5.87
2021-11-07 12:50:00.000002,2021-11-07 18:50:00.000002,36,5.957434,8.180678,8.844046,5.99
2021-11-07 12:59:59.999997,2021-11-07 13:10:00.000001,1,8.797625,8.000653,8.66725,8.83
2021-11-07 12:59:59.999997,2021-11-07 13:19:59.999996,2,8.984441,8.097138,8.66725,8.94
2021-11-07 12:59:59.999997,2021-11-07 13:30:00.000000,3,8.876604,8.165123,8.66725,9.09
2021-11-07 12:59:59.999997,2021-11-07 13:40:00.000004,4,8.61727,8.199024,8.66725,8.24
2021-11-07 12:59:59.999997,2021-11-07 13:49:59.999999,5,8.525047,8.215145,8.66725,8.9
2021-11-07 12:59:59.999997,2021-11-07 14:00:00.000003,6,8.422565,8.221127,8.66725,8.27
2021-11-07 12:59:59.999997,2021-11-07 14:09:59.999998,7,8.003331,8.220641,8.66725,7.92
2021-11-07 12:59:59.999997,2021-11-07 14:20:00.000002,8,7.523931,8.215699,8.66725,7.66
2021-11-07 12:59:59.999997,2021-11-07 14:29:59.999997,9,7.4088554,8.207583,8.66725,7.33
2021-11-07 12:59:59.999997,2021-11-07 14:40:00.000001,10,7.5277023,8.197245,8.66725,7.58
2021-11-07 12:59:59.999997,2021-11-07 14:49:59.999996,11,7.5544753,8.185456,8.66725,7.47
2021-11-07 12:59:59.999997,2021-11-07 15:00:00.000000,12,7.6467223,8.1728735,8.66725,7.79
2021-11-07 12:59:59.999997,2021-11-07 15:10:00.000004,13,8.043634,8.160061,8.66725,7.88
2021-11-07 12:59:59.999997,2021-11-07 15:19:59.999999,14,8.417702,8.14748,8.66725,8.51
2021-11-07 12:59:59.999997,2021-11-07 15:30:00.000003,15,8.363334,8.135507,8.66725,8.4
2021-11-07 12:59:59.999997,2021-11-07 15:39:59.999998,16,8.073304,8.124416,8.66725,7.94
2021-11-07 12:59:59.999997,2021-11-07 15:50:00.000002,17,7.930441,8.114391,8.66725,8.06
2021-11-07 12:59:59.999997,2021-11-07 15:59:59.999997,18,7.9389563,8.105538,8.66725,7.91
2021-11-07 12:59:59.999997,2021-11-07 16:10:00.000001,19,7.912281,8.097891,8.66725,7.82
2021-11-07 12:59:59.999997,2021-11-07 16:19:59.999996,20,7.7526627,8.091427,8.66725,7.9
2021-11-07 12:59:59.999997,2021-11-07 16:30:00.000000,21,7.479392,8.086081,8.66725,7.39
2021-11-07 12:59:59.999997,2021-11-07 16:40:00.000004,22,7.261114,8.08176,8.66725,7.23
2021-11-07 12:59:59.999997,2021-11-07 16:49:59.999999,23,7.260604,8.07836,8.66725,7.31
2021-11-07 12:59:59.999997,2021-11-07 17:00:00.000003,24,7.4069843,8.075758,8.66725,7.49
2021-11-07 12:59:59.999997,2021-11-07 17:09:59.999998,25,7.5228076,8.073836,8.66725,7.38
2021-11-07 12:59:59.999997,2021-11-07 17:20:00.000002,26,7.537469,8.072484,8.66725,7.54
2021-11-07 12:59:59.999997,2021-11-07 17:29:59.999997,27,7.4841185,8.071595,8.66725,7.59
2021-11-07 12:59:59.999997,2021-11-07 17:40:00.000001,28,7.440976,8.071076,8.66725,7.4
2021-11-07 12:59:59.999997,2021-11-07 17:49:59.999996,29,7.4231358,8.070843,8.66725,7.47
2021-11-07 12:59:59.999997,2021-11-07 18:00:00.000000,30,7.3245983,8.070827,8.66725,7.08
2021-11-07 12:59:59.999997,2021-11-07 18:10:00.000004,31,7.0661554,8.070968,8.66725,7.41
2021-11-07 12:59:59.999997,2021-11-07 18:19:59.999999,32,6.6464143,8.071217,8.66725,6.47
2021-11-07 12:59:59.999997,2021-11-07 18:30:00.000003,33,6.136529,8.071535,8.66725,6.12
2021-11-07 12:59:59.999997,2021-11-07 18:39:59.999998,34,5.8347855,8.071894,8.66725,5.87
2021-11-07 12:59:59.999997,2021-11-07 18:50:00.000002,35,5.957434,8.0722685,8.66725,5.99
2021-11-07 12:59:59.999997,2021-11-07 18:59:59.999997,36,6.0817213,8.072643,8.66725,6.01
2021-11-07 13:10:00.000001,2021-11-07 13:19:59.999996,1,8.984441,7.9732494,8.797625,8.94
2021-11-07 13:10:00.000001,2021-11-07 13:30:00.000000,2,8.876604,8.065534,8.797625,9.09
2021-11-07 13:10:00.000001,2021-11-07 13:40:00.000004,3,8.61727,8.133198,8.797625,8.24
2021-11-07 13:10:00.000001,2021-11-07 13:49:59.999999,4,8.525047,8.170889,8.797625,8.9
2021-11-07 13:10:00.000001,2021-11-07 14:00:00.000003,5,8.422565,8.193561,8.797625,8.27
2021-11-07 13:10:00.000001,2021-11-07 14:09:59.999998,6,8.003331,8.20772,8.797625,7.92
2021-11-07 13:10:00.000001,2021-11-07 14:20:00.000002,7,7.523931,8.2161875,8.797625,7.66
2021-11-07 13:10:00.000001,2021-11-07 14:29:59.999997,8,7.4088554,8.220353,8.797625,7.33
2021-11-07 13:10:00.000001,2021-11-07 14:40:00.000001,9,7.5277023,8.221095,8.797625,7.58
2021-11-07 13:10:00.000001,2021-11-07 14:49:59.999996,10,7.5544753,8.219092,8.797625,7.47
2021-11-07 13:10:00.000001,2021-11-07 15:00:00.000000,11,7.6467223,8.21496,8.797625,7.79
2021-11-07 13:10:00.000001,2021-11-07 15:10:00.000004,12,8.043634,8.209282,8.797625,7.88
2021-11-07 13:10:00.000001,2021-11-07 15:19:59.999999,13,8.417702,8.202594,8.797625,8.51
2021-11-07 13:10:00.000001,2021-11-07 15:30:00.000003,14,8.363334,8.195378,8.797625,8.4
2021-11-07 13:10:00.000001,2021-11-07 15:39:59.999998,15,8.073304,8.188049,8.797625,7.94
2021-11-07 13:10:00.000001,2021-11-07 15:50:00.000002,16,7.930441,8.180939,8.797625,8.06
2021-11-07 13:10:00.000001,2021-11-07 15:59:59.999997,17,7.9389563,8.174295,8.797625,7.91
2021-11-07 13:10:00.000001,2021-11-07 16:10:00.000001,18,7.912281,8.168286,8.797625,7.82
2021-11-07 13:10:00.000001,2021-11-07 16:19:59.999996,19,7.7526627,8.1630125,8.797625,7.9
2021-11-07 13:10:00.000001,2021-11-07 16:30:00.000000,20,7.479392,8.158511,8.797625,7.39
2021-11-07 13:10:00.000001,2021-11-07 16:40:00.000004,21,7.261114,8.154776,8.797625,7.23
2021-11-07 13:10:00.000001,2021-11-07 16:49:59.999999,22,7.260604,8.151767,8.797625,7.31
2021-11-07 13:10:00.000001,2021-11-07 17:00:00.000003,23,7.4069843,8.149422,8.797625,7.49
2021-11-07 13:10:00.000001,2021-11-07 17:09:59.999998,24,7.5228076,8.147662,8.797625,7.38
2021-11-07 13:10:00.000001,2021-11-07 17:20:00.000002,25,7.537469,8.146406,8.797625,7.54
2021-11-07 13:10:00.000001,2021-11-07 17:29:59.999997,26,7.4841185,8.145573,8.797625,7.59
2021-11-07 13:10:00.000001,2021-11-07 17:40:00.000001,27,7.440976,8.145082,8.797625,7.4
2021-11-07 13:10:00.000001,2021-11-07 17:49:59.999996,28,7.4231358,8.144864,8.797625,7.47
2021-11-07 13:10:00.000001,2021-11-07 18:00:00.000000,29,7.3245983,8.144853,8.797625,7.08
2021-11-07 13:10:00.000001,2021-11-07 18:10:00.000004,30,7.0661554,8.144998,8.797625,7.41
2021-11-07 13:10:00.000001,2021-11-07 18:19:59.999999,31,6.6464143,8.145247,8.797625,6.47
2021-11-07 13:10:00.000001,2021-11-07 18:30:00.000003,32,6.136529,8.145569,8.797625,6.12
2021-11-07 13:10:00.000001,2021-11-07 18:39:59.999998,33,5.8347855,8.14593,8.797625,5.87
2021-11-07 13:10:00.000001,2021-11-07 18:50:00.000002,34,5.957434,8.146308,8.797625,5.99
2021-11-07 13:10:00.000001,2021-11-07 18:59:59.999997,35,6.0817213,8.1466875,8.797625,6.01
2021-11-07 13:10:00.000001,2021-11-07 19:10:00.000001,36,5.7209015,8.147053,8.797625,5.78
2021-11-07 13:19:59.999996,2021-11-07 13:30:00.000000,1,8.876604,7.970381,8.984441,9.09
2021-11-07 13:19:59.999996,2021-11-07 13:40:00.000004,2,8.61727,8.063168,8.984441,8.24
2021-11-07 13:19:59.999996,2021-11-07 13:49:59.999999,3,8.525047,8.135257,8.984441,8.9
2021-11-07 13:19:59.999996,2021-11-07 14:00:00.000003,4,8.422565,8.180283,8.984441,8.27
2021-11-07 13:19:59.999996,2021-11-07 14:09:59.999998,5,8.003331,8.212056,8.984441,7.92
2021-11-07 13:19:59.999996,2021-11-07 14:20:00.000002,6,7.523931,8.236104,8.984441,7.66
2021-11-07 13:19:59.999996,2021-11-07 14:29:59.999997,7,7.4088554,8.254521,8.984441,7.33
2021-11-07 13:19:59.999996,2021-11-07 14:40:00.000001,8,7.5277023,8.268225,8.984441,7.58
2021-11-07 13:19:59.999996,2021-11-07 14:49:59.999996,9,7.5544753,8.277795,8.984441,7.47
2021-11-07 13:19:59.999996,2021-11-07 15:00:00.000000,10,7.6467223,8.283762,8.984441,7.79
2021-11-07 13:19:59.999996,2021-11-07 15:10:00.000004,11,8.043634,8.286689,8.984441,7.88
2021-11-07 13:19:59.999996,2021-11-07 15:19:59.999999,12,8.417702,8.287155,8.984441,8.51
2021-11-07 13:19:59.999996,2021-11-07 15:30:00.000003,13,8.363334,8.285747,8.984441,8.4
2021-11-07 13:19:59.999996,2021-11-07 15:39:59.999998,14,8.073304,8.283013,8.984441,7.94
2021-11-07 13:19:59.999996,2021-11-07 15:50:00.000002,15,7.930441,8.27945,8.984441,8.06
2021-11-07 13:19:59.999996,2021-11-07 15:59:59.999997,16,7.9389563,8.275471,8.984441,7.91
2021-11-07 13:19:59.999996,2021-11-07 16:10:00.000001,17,7.912281,8.271406,8.984441,7.82
2021-11-07 13:19:59.999996,2021-11-07 16:19:59.999996,18,7.7526627,8.267503,8.984441,7.9
2021-11-07 13:19:59.999996,2021-11-07 16:30:00.000000,19,7.479392,8.26393,8.984441,7.39
2021-11-07 13:19:59.999996,2021-11-07 16:40:00.000004,20,7.261114,8.260792,8.984441,7.23
2021-11-07 13:19:59.999996,2021-11-07 16:49:59.999999,21,7.260604,8.258139,8.984441,7.31
2021-11-07 13:19:59.999996,2021-11-07 17:00:00.000003,22,7.4069843,8.255978,8.984441,7.49
2021-11-07 13:19:59.999996,2021-11-07 17:09:59.999998,23,7.5228076,8.254289,8.984441,7.38
2021-11-07 13:19:59.999996,2021-11-07 17:20:00.000002,24,7.537469,8.253031,8.984441,7.54
2021-11-07 13:19:59.999996,2021-11-07 17:29:59.999997,25,7.4841185,8.2521515,8.984441,7.59
2021-11-07 13:19:59.999996,2021-11-07 17:40:00.000001,26,7.440976,8.2515955,8.984441,7.4
2021-11-07 13:19:59.999996,2021-11-07 17:49:59.999996,27,7.4231358,8.251301,8.984441,7.47
2021-11-07 13:19:59.999996,2021-11-07 18:00:00.000000,28,7.3245983,8.251218,8.984441,7.08
2021-11-07 13:19:59.999996,2021-11-07 18:10:00.000004,29,7.0661554,8.251295,8.984441,7.41
2021-11-07 13:19:59.999996,2021-11-07 18:19:59.999999,30,6.6464143,8.251489,8.984441,6.47
2021-11-07 13:19:59.999996,2021-11-07 18:30:00.000003,31,6.136529,8.251763,8.984441,6.12
2021-11-07 13:19:59.999996,2021-11-07 18:39:59.999998,32,5.8347855,8.252088,8.984441,5.87
2021-11-07 13:19:59.999996,2021-11-07 18:50:00.000002,33,5.957434,8.252438,8.984441,5.99
2021-11-07 13:19:59.999996,2021-11-07 18:59:59.999997,34,6.0817213,8.252795,8.984441,6.01
2021-11-07 13:19:59.999996,2021-11-07 19:10:00.000001,35,5.7209015,8.253145,8.984441,5.78
2021-11-07 13:19:59.999996,2021-11-07 19:19:59.999996,36,5.2773952,8.253481,8.984441,5.28
2021-11-07 13:30:00.000000,2021-11-07 13:40:00.000004,1,8.61727,7.9453106,8.876604,8.24
2021-11-07 13:30:00.000000,2021-11-07 13:49:59.999999,2,8.525047,8.024036,8.876604,8.9
2021-11-07 13:30:00.000000,2021-11-07 14:00:00.000003,3,8.422565,8.084643,8.876604,8.27
2021-11-07 13:30:00.000000,2021-11-07 14:09:59.999998,4,8.003331,8.12123,8.876604,7.92
2021-11-07 13:30:00.000000,2021-11-07 14:20:00.000002,5,7.523931,8.146968,8.876604,7.66
2021-11-07 13:30:00.000000,2021-11-07 14:29:59.999997,6,7.4088554,8.166826,8.876604,7.33
2021-11-07 13:30:00.000000,2021-11-07 14:40:00.000001,7,7.5277023,8.182466,8.876604,7.58
2021-11-07 13:30:00.000000,2021-11-07 14:49:59.999996,8,7.5544753,8.1944685,8.876604,7.47
2021-11-07 13:30:00.000000,2021-11-07 15:00:00.000000,9,7.6467223,8.20315,8.876604,7.79
2021-11-07 13:30:00.000000,2021-11-07 15:10:00.000004,10,8.043634,8.208831,8.876604,7.88
2021-11-07 13:30:00.000000,2021-11-07 15:19:59.999999,11,8.417702,8.211902,8.876604,8.51
2021-11-07 13:30:00.000000,2021-11-07 15:30:00.000003,12,8.363334,8.212819,8.876604,8.4
2021-11-07 13:30:00.000000,2021-11-07 15:39:59.999998,13,8.073304,8.212061,8.876604,7.94
2021-11-07 13:30:00.000000,2021-11-07 15:50:00.000002,14,7.930441,8.210107,8.876604,8.06
2021-11-07 13:30:00.000000,2021-11-07 15:59:59.999997,15,7.9389563,8.207389,8.876604,7.91
2021-11-07 13:30:00.000000,2021-11-07 16:10:00.000001,16,7.912281,8.204282,8.876604,7.82
2021-11-07 13:30:00.000000,2021-11-07 16:19:59.999996,17,7.7526627,8.201082,8.876604,7.9
2021-11-07 13:30:00.000000,2021-11-07 16:30:00.000000,18,7.479392,8.198018,8.876604,7.39
2021-11-07 13:30:00.000000,2021-11-07 16:40:00.000004,19,7.261114,8.195242,8.876604,7.23
2021-11-07 13:30:00.000000,2021-11-07 16:49:59.999999,20,7.260604,8.192849,8.876604,7.31
2021-11-07 13:30:00.000000,2021-11-07 17:00:00.000003,21,7.4069843,8.190882,8.876604,7.49
2021-11-07 13:30:00.000000,2021-11-07 17:09:59.999998,22,7.5228076,8.189348,8.876604,7.38
2021-11-07 13:30:00.000000,2021-11-07 17:20:00.000002,23,7.537469,8.188225,8.876604,7.54
2021-11-07 13:30:00.000000,2021-11-07 17:29:59.999997,24,7.4841185,8.187471,8.876604,7.59
2021-11-07 13:30:00.000000,2021-11-07 17:40:00.000001,25,7.440976,8.187042,8.876604,7.4
2021-11-07 13:30:00.000000,2021-11-07 17:49:59.999996,26,7.4231358,8.186881,8.876604,7.47
2021-11-07 13:30:00.000000,2021-11-07 18:00:00.000000,27,7.3245983,8.1869335,8.876604,7.08
2021-11-07 13:30:00.000000,2021-11-07 18:10:00.000004,28,7.0661554,8.18715,8.876604,7.41
2021-11-07 13:30:00.000000,2021-11-07 18:19:59.999999,29,6.6464143,8.187487,8.876604,6.47
2021-11-07 13:30:00.000000,2021-11-07 18:30:00.000003,30,6.136529,8.1879015,8.876604,6.12
2021-11-07 13:30:00.000000,2021-11-07 18:39:59.999998,31,5.8347855,8.188363,8.876604,5.87
2021-11-07 13:30:00.000000,2021-11-07 18:50:00.000002,32,5.957434,8.1888485,8.876604,5.99
2021-11-07 13:30:00.000000,2021-11-07 18:59:59.999997,33,6.0817213,8.189332,8.876604,6.01
2021-11-07 13:30:00.000000,2021-11-07 19:10:00.000001,34,5.7209015,8.189802,8.876604,5.78
2021-11-07 13:30:00.000000,2021-11-07 19:19:59.999996,35,5.2773952,8.190245,8.876604,5.28
2021-11-07 13:30:00.000000,2021-11-07 19:30:00.000000,36,5.4346423,8.190656,8.876604,5.38
2021-11-07 13:40:00.000004,2021-11-07 13:49:59.999999,1,8.525047,7.9071674,8.61727,8.9
2021-11-07 13:40:00.000004,2021-11-07 14:00:00.000003,2,8.422565,7.960528,8.61727,8.27
2021-11-07 13:40:00.000004,2021-11-07 14:09:59.999998,3,8.003331,7.9982257,8.61727,7.92
2021-11-07 13:40:00.000004,2021-11-07 14:20:00.000002,4,7.523931,8.014763,8.61727,7.66
2021-11-07 13:40:00.000004,2021-11-07 14:29:59.999997,5,7.4088554,8.023875,8.61727,7.33
2021-11-07 13:40:00.000004,2021-11-07 14:40:00.000001,6,7.5277023,8.030486,8.61727,7.58
2021-11-07 13:40:00.000004,2021-11-07 14:49:59.999996,7,7.5544753,8.035919,8.61727,7.47
2021-11-07 13:40:00.000004,2021-11-07 15:00:00.000000,8,7.6467223,8.040322,8.61727,7.79
2021-11-07 13:40:00.000004,2021-11-07 15:10:00.000004,9,8.043634,8.043563,8.61727,7.88
2021-11-07 13:40:00.000004,2021-11-07 15:19:59.999999,10,8.417702,8.045551,8.61727,8.51
2021-11-07 13:40:00.000004,2021-11-07 15:30:00.000003,11,8.363334,8.046319,8.61727,8.4
2021-11-07 13:40:00.000004,2021-11-07 15:39:59.999998,12,8.073304,8.046004,8.61727,7.94
2021-11-07 13:40:00.000004,2021-11-07 15:50:00.000002,13,7.930441,8.044832,8.61727,8.06
2021-11-07 13:40:00.000004,2021-11-07 15:59:59.999997,14,7.9389563,8.043057,8.61727,7.91
2021-11-07 13:40:00.000004,2021-11-07 16:10:00.000001,15,7.912281,8.04094,8.61727,7.82
2021-11-07 13:40:00.000004,2021-11-07 16:19:59.999996,16,7.7526627,8.038713,8.61727,7.9
2021-11-07 13:40:00.000004,2021-11-07 16:30:00.000000,17,7.479392,8.036565,8.61727,7.39
2021-11-07 13:40:00.000004,2021-11-07 16:40:00.000004,18,7.261114,8.034634,8.61727,7.23
2021-11-07 13:40:00.000004,2021-11-07 16:49:59.999999,19,7.260604,8.033011,8.61727,7.31
2021-11-07 13:40:00.000004,2021-11-07 17:00:00.000003,20,7.4069843,8.031745,8.61727,7.49
2021-11-07 13:40:00.000004,2021-11-07 17:09:59.999998,21,7.5228076,8.030849,8.61727,7.38
2021-11-07 13:40:00.000004,2021-11-07 17:20:00.000002,22,7.537469,8.030307,8.61727,7.54
2021-11-07 13:40:00.000004,2021-11-07 17:29:59.999997,23,7.4841185,8.0300865,8.61727,7.59
2021-11-07 13:40:00.000004,2021-11-07 17:40:00.000001,24,7.440976,8.030143,8.61727,7.4
2021-11-07 13:40:00.000004,2021-11-07 17:49:59.999996,25,7.4231358,8.030426,8.61727,7.47
2021-11-07 13:40:00.000004,2021-11-07 18:00:00.000000,26,7.3245983,8.030887,8.61727,7.08
2021-11-07 13:40:00.000004,2021-11-07 18:10:00.000004,27,7.0661554,8.031474,8.61727,7.41
2021-11-07 13:40:00.000004,2021-11-07 18:19:59.999999,28,6.6464143,8.032147,8.61727,6.47
2021-11-07 13:40:00.000004,2021-11-07 18:30:00.000003,29,6.136529,8.032868,8.61727,6.12
2021-11-07 13:40:00.000004,2021-11-07 18:39:59.999998,30,5.8347855,8.033606,8.61727,5.87
2021-11-07 13:40:00.000004,2021-11-07 18:50:00.000002,31,5.957434,8.034332,8.61727,5.99
2021-11-07 13:40:00.000004,2021-11-07 18:59:59.999997,32,6.0817213,8.035032,8.61727,6.01
2021-11-07 13:40:00.000004,2021-11-07 19:10:00.000001,33,5.7209015,8.035689,8.61727,5.78
2021-11-07 13:40:00.000004,2021-11-07 19:19:59.999996,34,5.2773952,8.036299,8.61727,5.28
2021-11-07 13:40:00.000004,2021-11-07 19:30:00.000000,35,5.4346423,8.036851,8.61727,5.38
2021-11-07 13:40:00.000004,2021-11-07 19:40:00.000004,36,6.0429597,8.037347,8.61727,6.1
2021-11-07 13:49:59.999999,2021-11-07 14:00:00.000003,1,8.422565,7.879878,8.525047,8.27
2021-11-07 13:49:59.999999,2021-11-07 14:09:59.999998,2,8.003331,7.927489,8.525047,7.92
2021-11-07 13:49:59.999999,2021-11-07 14:20:00.000002,3,7.523931,7.9588356,8.525047,7.66
2021-11-07 13:49:59.999999,2021-11-07 14:29:59.999997,4,7.4088554,7.9698687,8.525047,7.33
2021-11-07 13:49:59.999999,2021-11-07 14:40:00.000001,5,7.5277023,7.97437,8.525047,7.58
2021-11-07 13:49:59.999999,2021-11-07 14:49:59.999996,6,7.5544753,7.9772573,8.525047,7.47
2021-11-07 13:49:59.999999,2021-11-07 15:00:00.000000,7,7.6467223,7.9798055,8.525047,7.79
2021-11-07 13:49:59.999999,2021-11-07 15:10:00.000004,8,8.043634,7.982068,8.525047,7.88
2021-11-07 13:49:59.999999,2021-11-07 15:19:59.999999,9,8.417702,7.9838076,8.525047,8.51
2021-11-07 13:49:59.999999,2021-11-07 15:30:00.000003,10,8.363334,7.984828,8.525047,8.4
2021-11-07 13:49:59.999999,2021-11-07 15:39:59.999998,11,8.073304,7.98505,8.525047,7.94
2021-11-07 13:49:59.999999,2021-11-07 15:50:00.000002,12,7.930441,7.984526,8.525047,8.06
2021-11-07 13:49:59.999999,2021-11-07 15:59:59.999997,13,7.9389563,7.983394,8.525047,7.91
2021-11-07 13:49:59.999999,2021-11-07 16:10:00.000001,14,7.912281,7.9818454,8.525047,7.82
2021-11-07 13:49:59.999999,2021-11-07 16:19:59.999996,15,7.7526627,7.9800835,8.525047,7.9
2021-11-07 13:49:59.999999,2021-11-07 16:30:00.000000,16,7.479392,7.9782977,8.525047,7.39
2021-11-07 13:49:59.999999,2021-11-07 16:40:00.000004,17,7.261114,7.9766383,8.525047,7.23
2021-11-07 13:49:59.999999,2021-11-07 16:49:59.999999,18,7.260604,7.975219,8.525047,7.31
2021-11-07 13:49:59.999999,2021-11-07 17:00:00.000003,19,7.4069843,7.9741087,8.525047,7.49
2021-11-07 13:49:59.999999,2021-11-07 17:09:59.999998,20,7.5228076,7.9733434,8.525047,7.38
2021-11-07 13:49:59.999999,2021-11-07 17:20:00.000002,21,7.537469,7.972924,8.525047,7.54
2021-11-07 13:49:59.999999,2021-11-07 17:29:59.999997,22,7.4841185,7.972826,8.525047,7.59
2021-11-07 13:49:59.999999,2021-11-07 17:40:00.000001,23,7.440976,7.973016,8.525047,7.4
2021-11-07 13:49:59.999999,2021-11-07 17:49:59.999996,24,7.4231358,7.9734435,8.525047,7.47
2021-11-07 13:49:59.999999,2021-11-07 18:00:00.000000,25,7.3245983,7.974061,8.525047,7.08
2021-11-07 13:49:59.999999,2021-11-07 18:10:00.000004,26,7.0661554,7.974819,8.525047,7.41
2021-11-07 13:49:59.999999,2021-11-07 18:19:59.999999,27,6.6464143,7.9756684,8.525047,6.47
2021-11-07 13:49:59.999999,2021-11-07 18:30:00.000003,28,6.136529,7.97657,8.525047,6.12
2021-11-07 13:49:59.999999,2021-11-07 18:39:59.999998,29,5.8347855,7.9774885,8.525047,5.87
2021-11-07 13:49:59.999999,2021-11-07 18:50:00.000002,30,5.957434,7.978395,8.525047,5.99
2021-11-07 13:49:59.999999,2021-11-07 18:59:59.999997,31,6.0817213,7.979267,8.525047,6.01
2021-11-07 13:49:59.999999,2021-11-07 19:10:00.000001,32,5.7209015,7.98009,8.525047,5.78
2021-11-07 13:49:59.999999,2021-11-07 19:19:59.999996,33,5.2773952,7.980853,8.525047,5.28
2021-11-07 13:49:59.999999,2021-11-07 19:30:00.000000,34,5.4346423,7.981548,8.525047,5.38
2021-11-07 13:49:59.999999,2021-11-07 19:40:00.000004,35,6.0429597,7.9821725,8.525047,6.1
2021-11-07 13:49:59.999999,2021-11-07 19:49:59.999999,36,6.554064,7.9827275,8.525047,6.45
2021-11-07 14:00:00.000003,2021-11-07 14:09:59.999998,1,8.003331,7.837276,8.422565,7.92
2021-11-07 14:00:00.000003,2021-11-07 14:20:00.000002,2,7.523931,7.8749046,8.422565,7.66
2021-11-07 14:00:00.000003,2021-11-07 14:29:59.999997,3,7.4088554,7.8968596,8.422565,7.33
2021-11-07 14:00:00.000003,2021-11-07 14:40:00.000001,4,7.5277023,7.9000154,8.422565,7.58
2021-11-07 14:00:00.000003,2021-11-07 14:49:59.999996,5,7.5544753,7.8984776,8.422565,7.47
2021-11-07 14:00:00.000003,2021-11-07 15:00:00.000000,6,7.6467223,7.8971295,8.422565,7.79
2021-11-07 14:00:00.000003,2021-11-07 15:10:00.000004,7,8.043634,7.897037,8.422565,7.88
2021-11-07 14:00:00.000003,2021-11-07 15:19:59.999999,8,8.417702,7.8979764,8.422565,8.51
2021-11-07 14:00:00.000003,2021-11-07 15:30:00.000003,9,8.363334,7.899436,8.422565,8.4
2021-11-07 14:00:00.000003,2021-11-07 15:39:59.999998,10,8.073304,7.900958,8.422565,7.94
2021-11-07 14:00:00.000003,2021-11-07 15:50:00.000002,11,7.930441,7.9022493,8.422565,8.06
2021-11-07 14:00:00.000003,2021-11-07 15:59:59.999997,12,7.9389563,7.903175,8.422565,7.91
2021-11-07 14:00:00.000003,2021-11-07 16:10:00.000001,13,7.912281,7.903727,8.422565,7.82
2021-11-07 14:00:00.000003,2021-11-07 16:19:59.999996,14,7.7526627,7.903982,8.422565,7.9
2021-11-07 14:00:00.000003,2021-11-07 16:30:00.000000,15,7.479392,7.904051,8.422565,7.39
2021-11-07 14:00:00.000003,2021-11-07 16:40:00.000004,16,7.261114,7.9040527,8.422565,7.23
2021-11-07 14:00:00.000003,2021-11-07 16:49:59.999999,17,7.260604,7.9040985,8.422565,7.31
2021-11-07 14:00:00.000003,2021-11-07 17:00:00.000003,18,7.4069843,7.9042645,8.422565,7.49
2021-11-07 14:00:00.000003,2021-11-07 17:09:59.999998,19,7.5228076,7.904603,8.422565,7.38
2021-11-07 14:00:00.000003,2021-11-07 17:20:00.000002,20,7.537469,7.9051414,8.422565,7.54
2021-11-07 14:00:00.000003,2021-11-07 17:29:59.999997,21,7.4841185,7.9058757,8.422565,7.59
2021-11-07 14:00:00.000003,2021-11-07 17:40:00.000001,22,7.440976,7.9067903,8.422565,7.4
2021-11-07 14:00:00.000003,2021-11-07 17:49:59.999996,23,7.4231358,7.907855,8.422565,7.47
2021-11-07 14:00:00.000003,2021-11-07 18:00:00.000000,24,7.3245983,7.909032,8.422565,7.08
2021-11-07 14:00:00.000003,2021-11-07 18:10:00.000004,25,7.0661554,7.9102836,8.422565,7.41
2021-11-07 14:00:00.000003,2021-11-07 18:19:59.999999,26,6.6464143,7.9115725,8.422565,6.47
2021-11-07 14:00:00.000003,2021-11-07 18:30:00.000003,27,6.136529,7.912861,8.422565,6.12
2021-11-07 14:00:00.000003,2021-11-07 18:39:59.999998,28,5.8347855,7.9141226,8.422565,5.87
2021-11-07 14:00:00.000003,2021-11-07 18:50:00.000002,29,5.957434,7.915333,8.422565,5.99
2021-11-07 14:00:00.000003,2021-11-07 18:59:59.999997,30,6.0817213,7.916473,8.422565,6.01
2021-11-07 14:00:00.000003,2021-11-07 19:10:00.000001,31,5.7209015,7.91753,8.422565,5.78
2021-11-07 14:00:00.000003,2021-11-07 19:19:59.999996,32,5.2773952,7.918495,8.422565,5.28
2021-11-07 14:00:00.000003,2021-11-07 19:30:00.000000,33,5.4346423,7.9193664,8.422565,5.38
2021-11-07 14:00:00.000003,2021-11-07 19:40:00.000004,34,6.0429597,7.920143,8.422565,6.1
2021-11-07 14:00:00.000003,2021-11-07 19:49:59.999999,35,6.554064,7.9208264,8.422565,6.45
2021-11-07 14:00:00.000003,2021-11-07 20:00:00.000003,36,6.9640574,7.921423,8.422565,7.18
2021-11-07 14:09:59.999998,2021-11-07 14:20:00.000002,1,7.523931,7.7863073,8.003331,7.66
2021-11-07 14:09:59.999998,2021-11-07 14:29:59.999997,2,7.4088554,7.7849255,8.003331,7.33
2021-11-07 14:09:59.999998,2021-11-07 14:40:00.000001,3,7.5277023,7.771811,8.003331,7.58
2021-11-07 14:09:59.999998,2021-11-07 14:49:59.999996,4,7.5544753,7.745403,8.003331,7.47
2021-11-07 14:09:59.999998,2021-11-07 15:00:00.000000,5,7.6467223,7.71944,8.003331,7.79
2021-11-07 14:09:59.999998,2021-11-07 15:10:00.000004,6,8.043634,7.6983404,8.003331,7.88
2021-11-07 14:09:59.999998,2021-11-07 15:19:59.999999,7,8.417702,7.6826415,8.003331,8.51
2021-11-07 14:09:59.999998,2021-11-07 15:30:00.000003,8,8.363334,7.671563,8.003331,8.4
2021-11-07 14:09:59.999998,2021-11-07 15:39:59.999998,9,8.073304,7.6640387,8.003331,7.94
2021-11-07 14:09:59.999998,2021-11-07 15:50:00.000002,10,7.930441,7.659085,8.003331,8.06
2021-11-07 14:09:59.999998,2021-11-07 15:59:59.999997,11,7.9389563,7.655926,8.003331,7.91
2021-11-07 14:09:59.999998,2021-11-07 16:10:00.000001,12,7.912281,7.6540093,8.003331,7.82
2021-11-07 14:09:59.999998,2021-11-07 16:19:59.999996,13,7.7526627,7.652967,8.003331,7.9
2021-11-07 14:09:59.999998,2021-11-07 16:30:00.000000,14,7.479392,7.652571,8.003331,7.39
2021-11-07 14:09:59.999998,2021-11-07 16:40:00.000004,15,7.261114,7.652683,8.003331,7.23
2021-11-07 14:09:59.999998,2021-11-07 16:49:59.999999,16,7.260604,7.6532197,8.003331,7.31
2021-11-07 14:09:59.999998,2021-11-07 17:00:00.000003,17,7.4069843,7.6541266,8.003331,7.49
2021-11-07 14:09:59.999998,2021-11-07 17:09:59.999998,18,7.5228076,7.655362,8.003331,7.38
2021-11-07 14:09:59.999998,2021-11-07 17:20:00.000002,19,7.537469,7.6568785,8.003331,7.54
2021-11-07 14:09:59.999998,2021-11-07 17:29:59.999997,20,7.4841185,7.6586275,8.003331,7.59
2021-11-07 14:09:59.999998,2021-11-07 17:40:00.000001,21,7.440976,7.660558,8.003331,7.4
2021-11-07 14:09:59.999998,2021-11-07 17:49:59.999996,22,7.4231358,7.6626177,8.003331,7.47
2021-11-07 14:09:59.999998,2021-11-07 18:00:00.000000,23,7.3245983,7.6647515,8.003331,7.08
2021-11-07 14:09:59.999998,2021-11-07 18:10:00.000004,24,7.0661554,7.666907,8.003331,7.41
2021-11-07 14:09:59.999998,2021-11-07 18:19:59.999999,25,6.6464143,7.669042,8.003331,6.47
2021-11-07 14:09:59.999998,2021-11-07 18:30:00.000003,26,6.136529,7.6711144,8.003331,6.12
2021-11-07 14:09:59.999998,2021-11-07 18:39:59.999998,27,5.8347855,7.673095,8.003331,5.87
2021-11-07 14:09:59.999998,2021-11-07 18:50:00.000002,28,5.957434,7.6749587,8.003331,5.99
2021-11-07 14:09:59.999998,2021-11-07 18:59:59.999997,29,6.0817213,7.676687,8.003331,6.01
2021-11-07 14:09:59.999998,2021-11-07 19:10:00.000001,30,5.7209015,7.6782694,8.003331,5.78
2021-11-07 14:09:59.999998,2021-11-07 19:19:59.999996,31,5.2773952,7.6796994,8.003331,5.28
2021-11-07 14:09:59.999998,2021-11-07 19:30:00.000000,32,5.4346423,7.680978,8.003331,5.38
2021-11-07 14:09:59.999998,2021-11-07 19:40:00.000004,33,6.0429597,7.6821103,8.003331,6.1
2021-11-07 14:09:59.999998,2021-11-07 19:49:59.999999,34,6.554064,7.6831007,8.003331,6.45
2021-11-07 14:09:59.999998,2021-11-07 20:00:00.000003,35,6.9640574,7.6839604,8.003331,7.18
2021-11-07 14:09:59.999998,2021-11-07 20:09:59.999998,36,7.4404254,7.6846986,8.003331,7.25
2021-11-07 14:20:00.000002,2021-11-07 14:29:59.999997,1,7.4088554,7.720807,7.523931,7.33
2021-11-07 14:20:00.000002,2021-11-07 14:40:00.000001,2,7.5277023,7.6892557,7.523931,7.58
2021-11-07 14:20:00.000002,2021-11-07 14:49:59.999996,3,7.5544753,7.6453695,7.523931,7.47
2021-11-07 14:20:00.000002,2021-11-07 15:00:00.000000,4,7.6467223,7.58907,7.523931,7.79
2021-11-07 14:20:00.000002,2021-11-07 15:10:00.000004,5,8.043634,7.535894,7.523931,7.88
2021-11-07 14:20:00.000002,2021-11-07 15:19:59.999999,6,8.417702,7.4911294,7.523931,8.51
2021-11-07 14:20:00.000002,2021-11-07 15:30:00.000003,7,8.363334,7.45556,7.523931,8.4
2021-11-07 14:20:00.000002,2021-11-07 15:39:59.999998,8,8.073304,7.4282837,7.523931,7.94
2021-11-07 14:20:00.000002,2021-11-07 15:50:00.000002,9,7.930441,7.4079127,7.523931,8.06
2021-11-07 14:20:00.000002,2021-11-07 15:59:59.999997,10,7.9389563,7.3930597,7.523931,7.91
2021-11-07 14:20:00.000002,2021-11-07 16:10:00.000001,11,7.912281,7.382524,7.523931,7.82
2021-11-07 14:20:00.000002,2021-11-07 16:19:59.999996,12,7.7526627,7.3753285,7.523931,7.9
2021-11-07 14:20:00.000002,2021-11-07 16:30:00.000000,13,7.479392,7.370714,7.523931,7.39
2021-11-07 14:20:00.000002,2021-11-07 16:40:00.000004,14,7.261114,7.3681,7.523931,7.23
2021-11-07 14:20:00.000002,2021-11-07 16:49:59.999999,15,7.260604,7.3670444,7.523931,7.31
2021-11-07 14:20:00.000002,2021-11-07 17:00:00.000003,16,7.4069843,7.367205,7.523931,7.49
2021-11-07 14:20:00.000002,2021-11-07 17:09:59.999998,17,7.5228076,7.3683114,7.523931,7.38
2021-11-07 14:20:00.000002,2021-11-07 17:20:00.000002,18,7.537469,7.3701434,7.523931,7.54
2021-11-07 14:20:00.000002,2021-11-07 17:29:59.999997,19,7.4841185,7.3725157,7.523931,7.59
2021-11-07 14:20:00.000002,2021-11-07 17:40:00.000001,20,7.440976,7.3752756,7.523931,7.4
2021-11-07 14:20:00.000002,2021-11-07 17:49:59.999996,21,7.4231358,7.378287,7.523931,7.47
2021-11-07 14:20:00.000002,2021-11-07 18:00:00.000000,22,7.3245983,7.3814354,7.523931,7.08
2021-11-07 14:20:00.000002,2021-11-07 18:10:00.000004,23,7.0661554,7.384628,7.523931,7.41
2021-11-07 14:20:00.000002,2021-11-07 18:19:59.999999,24,6.6464143,7.3877816,7.523931,6.47
2021-11-07 14:20:00.000002,2021-11-07 18:30:00.000003,25,6.136529,7.3908362,7.523931,6.12
2021-11-07 14:20:00.000002,2021-11-07 18:39:59.999998,26,5.8347855,7.393742,7.523931,5.87
2021-11-07 14:20:00.000002,2021-11-07 18:50:00.000002,27,5.957434,7.396464,7.523931,5.99
2021-11-07 14:20:00.000002,2021-11-07 18:59:59.999997,28,6.0817213,7.398977,7.523931,6.01
2021-11-07 14:20:00.000002,2021-11-07 19:10:00.000001,29,5.7209015,7.4012675,7.523931,5.78
2021-11-07 14:20:00.000002,2021-11-07 19:19:59.999996,30,5.2773952,7.403334,7.523931,5.28
2021-11-07 14:20:00.000002,2021-11-07 19:30:00.000000,31,5.4346423,7.4051747,7.523931,5.38
2021-11-07 14:20:00.000002,2021-11-07 19:40:00.000004,32,6.0429597,7.4068003,7.523931,6.1
2021-11-07 14:20:00.000002,2021-11-07 19:49:59.999999,33,6.554064,7.4082203,7.523931,6.45
2021-11-07 14:20:00.000002,2021-11-07 20:00:00.000003,34,6.9640574,7.409448,7.523931,7.18
2021-11-07 14:20:00.000002,2021-11-07 20:09:59.999998,35,7.4404254,7.4105034,7.523931,7.25
2021-11-07 14:20:00.000002,2021-11-07 20:20:00.000002,36,7.6189475,7.4113975,7.523931,7.58
2021-11-07 14:29:59.999997,2021-11-07 14:40:00.000001,1,7.5277023,7.653644,7.4088554,7.58
2021-11-07 14:29:59.999997,2021-11-07 14:49:59.999996,2,7.5544753,7.6125374,7.4088554,7.47
2021-11-07 14:29:59.999997,2021-11-07 15:00:00.000000,3,7.6467223,7.5590506,7.4088554,7.79
2021-11-07 14:29:59.999997,2021-11-07 15:10:00.000004,4,8.043634,7.495119,7.4088554,7.88
2021-11-07 14:29:59.999997,2021-11-07 15:19:59.999999,5,8.417702,7.4365225,7.4088554,8.51
2021-11-07 14:29:59.999997,2021-11-07 15:30:00.000003,6,8.363334,7.3884563,7.4088554,8.4
2021-11-07 14:29:59.999997,2021-11-07 15:39:59.999998,7,8.073304,7.3514132,7.4088554,7.94
2021-11-07 14:29:59.999997,2021-11-07 15:50:00.000002,8,7.930441,7.324134,7.4088554,8.06
2021-11-07 14:29:59.999997,2021-11-07 15:59:59.999997,9,7.9389563,7.304877,7.4088554,7.91
2021-11-07 14:29:59.999997,2021-11-07 16:10:00.000001,10,7.912281,7.2919455,7.4088554,7.82
2021-11-07 14:29:59.999997,2021-11-07 16:19:59.999996,11,7.7526627,7.2838674,7.4088554,7.9
2021-11-07 14:29:59.999997,2021-11-07 16:30:00.000000,12,7.479392,7.279454,7.4088554,7.39
2021-11-07 14:29:59.999997,2021-11-07 16:40:00.000004,13,7.261114,7.277773,7.4088554,7.23
2021-11-07 14:29:59.999997,2021-11-07 16:49:59.999999,14,7.260604,7.2781086,7.4088554,7.31
2021-11-07 14:29:59.999997,2021-11-07 17:00:00.000003,15,7.4069843,7.2799225,7.4088554,7.49
2021-11-07 14:29:59.999997,2021-11-07 17:09:59.999998,16,7.5228076,7.282803,7.4088554,7.38
2021-11-07 14:29:59.999997,2021-11-07 17:20:00.000002,17,7.537469,7.2864323,7.4088554,7.54
2021-11-07 14:29:59.999997,2021-11-07 17:29:59.999997,18,7.4841185,7.2905607,7.4088554,7.59
2021-11-07 14:29:59.999997,2021-11-07 17:40:00.000001,19,7.440976,7.294996,7.4088554,7.4
2021-11-07 14:29:59.999997,2021-11-07 17:49:59.999996,20,7.4231358,7.2995768,7.4088554,7.47
2021-11-07 14:29:59.999997,2021-11-07 18:00:00.000000,21,7.3245983,7.3041773,7.4088554,7.08
2021-11-07 14:29:59.999997,2021-11-07 18:10:00.000004,22,7.0661554,7.308698,7.4088554,7.41
2021-11-07 14:29:59.999997,2021-11-07 18:19:59.999999,23,6.6464143,7.3130574,7.4088554,6.47
2021-11-07 14:29:59.999997,2021-11-07 18:30:00.000003,24,6.136529,7.317197,7.4088554,6.12
2021-11-07 14:29:59.999997,2021-11-07 18:39:59.999998,25,5.8347855,7.3210707,7.4088554,5.87
2021-11-07 14:29:59.999997,2021-11-07 18:50:00.000002,26,5.957434,7.324652,7.4088554,5.99
2021-11-07 14:29:59.999997,2021-11-07 18:59:59.999997,27,6.0817213,7.3279243,7.4088554,6.01
2021-11-07 14:29:59.999997,2021-11-07 19:10:00.000001,28,5.7209015,7.3308797,7.4088554,5.78
2021-11-07 14:29:59.999997,2021-11-07 19:19:59.999996,29,5.2773952,7.333522,7.4088554,5.28
2021-11-07 14:29:59.999997,2021-11-07 19:30:00.000000,30,5.4346423,7.3358617,7.4088554,5.38
2021-11-07 14:29:59.999997,2021-11-07 19:40:00.000004,31,6.0429597,7.3379135,7.4088554,6.1
2021-11-07 14:29:59.999997,2021-11-07 19:49:59.999999,32,6.554064,7.339694,7.4088554,6.45
2021-11-07 14:29:59.999997,2021-11-07 20:00:00.000003,33,6.9640574,7.3412285,7.4088554,7.18
2021-11-07 14:29:59.999997,2021-11-07 20:09:59.999998,34,7.4404254,7.3425374,7.4088554,7.25
2021-11-07 14:29:59.999997,2021-11-07 20:20:00.000002,35,7.6189475,7.343643,7.4088554,7.58
2021-11-07 14:29:59.999997,2021-11-07 20:29:59.999997,36,7.1691,7.344571,7.4088554,7.37
2021-11-07 14:40:00.000001,2021-11-07 14:49:59.999996,1,7.5544753,7.6126666,7.5277023,7.47
2021-11-07 14:40:00.000001,2021-11-07 15:00:00.000000,2,7.6467223,7.5729637,7.5277023,7.79
2021-11-07 14:40:00.000001,2021-11-07 15:10:00.000004,3,8.043634,7.5245585,7.5277023,7.88
2021-11-07 14:40:00.000001,2021-11-07 15:19:59.999999,4,8.417702,7.4687247,7.5277023,8.51
2021-11-07 14:40:00.000001,2021-11-07 15:30:00.000003,5,8.363334,7.4197545,7.5277023,8.4
2021-11-07 14:40:00.000001,2021-11-07 15:39:59.999998,6,8.073304,7.381811,7.5277023,7.94
2021-11-07 14:40:00.000001,2021-11-07 15:50:00.000002,7,7.930441,7.3547125,7.5277023,8.06
2021-11-07 14:40:00.000001,2021-11-07 15:59:59.999997,8,7.9389563,7.336778,7.5277023,7.91
2021-11-07 14:40:00.000001,2021-11-07 16:10:00.000001,9,7.912281,7.3260317,7.5277023,7.82
2021-11-07 14:40:00.000001,2021-11-07 16:19:59.999996,10,7.7526627,7.320665,7.5277023,7.9
2021-11-07 14:40:00.000001,2021-11-07 16:30:00.000000,11,7.479392,7.319184,7.5277023,7.39
2021-11-07 14:40:00.000001,2021-11-07 16:40:00.000004,12,7.261114,7.320428,7.5277023,7.23
2021-11-07 14:40:00.000001,2021-11-07 16:49:59.999999,13,7.260604,7.3235345,7.5277023,7.31
2021-11-07 14:40:00.000001,2021-11-07 17:00:00.000003,14,7.4069843,7.3278694,7.5277023,7.49
2021-11-07 14:40:00.000001,2021-11-07 17:09:59.999998,15,7.5228076,7.332984,7.5277023,7.38
2021-11-07 14:40:00.000001,2021-11-07 17:20:00.000002,16,7.537469,7.338555,7.5277023,7.54
2021-11-07 14:40:00.000001,2021-11-07 17:29:59.999997,17,7.4841185,7.344352,7.5277023,7.59
2021-11-07 14:40:00.000001,2021-11-07 17:40:00.000001,18,7.440976,7.3502073,7.5277023,7.4
2021-11-07 14:40:00.000001,2021-11-07 17:49:59.999996,19,7.4231358,7.3559966,7.5277023,7.47
2021-11-07 14:40:00.000001,2021-11-07 18:00:00.000000,20,7.3245983,7.361626,7.5277023,7.08
2021-11-07 14:40:00.000001,2021-11-07 18:10:00.000004,21,7.0661554,7.3670235,7.5277023,7.41
2021-11-07 14:40:00.000001,2021-11-07 18:19:59.999999,22,6.6464143,7.3721375,7.5277023,6.47
2021-11-07 14:40:00.000001,2021-11-07 18:30:00.000003,23,6.136529,7.376927,7.5277023,6.12
2021-11-07 14:40:00.000001,2021-11-07 18:39:59.999998,24,5.8347855,7.3813653,7.5277023,5.87
2021-11-07 14:40:00.000001,2021-11-07 18:50:00.000002,25,5.957434,7.3854375,7.5277023,5.99
2021-11-07 14:40:00.000001,2021-11-07 18:59:59.999997,26,6.0817213,7.389138,7.5277023,6.01
2021-11-07 14:40:00.000001,2021-11-07 19:10:00.000001,27,5.7209015,7.39247,7.5277023,5.78
2021-11-07 14:40:00.000001,2021-11-07 19:19:59.999996,28,5.2773952,7.3954415,7.5277023,5.28
2021-11-07 14:40:00.000001,2021-11-07 19:30:00.000000,29,5.4346423,7.398069,7.5277023,5.38
2021-11-07 14:40:00.000001,2021-11-07 19:40:00.000004,30,6.0429597,7.400369,7.5277023,6.1
2021-11-07 14:40:00.000001,2021-11-07 19:49:59.999999,31,6.554064,7.402369,7.5277023,6.45
2021-11-07 14:40:00.000001,2021-11-07 20:00:00.000003,32,6.9640574,7.40409,7.5277023,7.18
2021-11-07 14:40:00.000001,2021-11-07 20:09:59.999998,33,7.4404254,7.4055567,7.5277023,7.25
2021-11-07 14:40:00.000001,2021-11-07 20:20:00.000002,34,7.6189475,7.4068003,7.5277023,7.58
2021-11-07 14:40:00.000001,2021-11-07 20:29:59.999997,35,7.1691,7.4078403,7.5277023,7.37
2021-11-07 14:40:00.000001,2021-11-07 20:40:00.000001,36,6.5342956,7.408706,7.5277023,6.43
2021-11-07 14:49:59.999996,2021-11-07 15:00:00.000000,1,7.6467223,7.5710044,7.5544753,7.79
2021-11-07 14:49:59.999996,2021-11-07 15:10:00.000004,2,8.043634,7.523637,7.5544753,7.88
2021-11-07 14:49:59.999996,2021-11-07 15:19:59.999999,3,8.417702,7.47264,7.5544753,8.51
2021-11-07 14:49:59.999996,2021-11-07 15:30:00.000003,4,8.363334,7.4182725,7.5544753,8.4
2021-11-07 14:49:59.999996,2021-11-07 15:39:59.999998,5,8.073304,7.373255,7.5544753,7.94
2021-11-07 14:49:59.999996,2021-11-07 15:50:00.000002,6,7.930441,7.340644,7.5544753,8.06
2021-11-07 14:49:59.999996,2021-11-07 15:59:59.999997,7,7.9389563,7.3194995,7.5544753,7.91
2021-11-07 14:49:59.999996,2021-11-07 16:10:00.000001,8,7.912281,7.3076334,7.5544753,7.82
2021-11-07 14:49:59.999996,2021-11-07 16:19:59.999996,9,7.7526627,7.302748,7.5544753,7.9
2021-11-07 14:49:59.999996,2021-11-07 16:30:00.000000,10,7.479392,7.302839,7.5544753,7.39
2021-11-07 14:49:59.999996,2021-11-07 16:40:00.000004,11,7.261114,7.3063087,7.5544753,7.23
2021-11-07 14:49:59.999996,2021-11-07 16:49:59.999999,12,7.260604,7.311953,7.5544753,7.31
2021-11-07 14:49:59.999996,2021-11-07 17:00:00.000003,13,7.4069843,7.3189015,7.5544753,7.49
2021-11-07 14:49:59.999996,2021-11-07 17:09:59.999998,14,7.5228076,7.3265486,7.5544753,7.38
2021-11-07 14:49:59.999996,2021-11-07 17:20:00.000002,15,7.537469,7.3344827,7.5544753,7.54
2021-11-07 14:49:59.999996,2021-11-07 17:29:59.999997,16,7.4841185,7.3424287,7.5544753,7.59
2021-11-07 14:49:59.999996,2021-11-07 17:40:00.000001,17,7.440976,7.3502054,7.5544753,7.4
2021-11-07 14:49:59.999996,2021-11-07 17:49:59.999996,18,7.4231358,7.357695,7.5544753,7.47
2021-11-07 14:49:59.999996,2021-11-07 18:00:00.000000,19,7.3245983,7.3648205,7.5544753,7.08
2021-11-07 14:49:59.999996,2021-11-07 18:10:00.000004,20,7.0661554,7.371531,7.5544753,7.41
2021-11-07 14:49:59.999996,2021-11-07 18:19:59.999999,21,6.6464143,7.3777933,7.5544753,6.47
2021-11-07 14:49:59.999996,2021-11-07 18:30:00.000003,22,6.136529,7.3835907,7.5544753,6.12
2021-11-07 14:49:59.999996,2021-11-07 18:39:59.999998,23,5.8347855,7.3889146,7.5544753,5.87
2021-11-07 14:49:59.999996,2021-11-07 18:50:00.000002,24,5.957434,7.393764,7.5544753,5.99
2021-11-07 14:49:59.999996,2021-11-07 18:59:59.999997,25,6.0817213,7.398148,7.5544753,6.01
2021-11-07 14:49:59.999996,2021-11-07 19:10:00.000001,26,5.7209015,7.402078,7.5544753,5.78
2021-11-07 14:49:59.999996,2021-11-07 19:19:59.999996,27,5.2773952,7.405575,7.5544753,5.28
2021-11-07 14:49:59.999996,2021-11-07 19:30:00.000000,28,5.4346423,7.4086604,7.5544753,5.38
2021-11-07 14:49:59.999996,2021-11-07 19:40:00.000004,29,6.0429597,7.411359,7.5544753,6.1
2021-11-07 14:49:59.999996,2021-11-07 19:49:59.999999,30,6.554064,7.4137025,7.5544753,6.45
2021-11-07 14:49:59.999996,2021-11-07 20:00:00.000003,31,6.9640574,7.41572,7.5544753,7.18
2021-11-07 14:49:59.999996,2021-11-07 20:09:59.999998,32,7.4404254,7.4174423,7.5544753,7.25
2021-11-07 14:49:59.999996,2021-11-07 20:20:00.000002,33,7.6189475,7.4189,7.5544753,7.58
2021-11-07 14:49:59.999996,2021-11-07 20:29:59.999997,34,7.1691,7.4201236,7.5544753,7.37
2021-11-07 14:49:59.999996,2021-11-07 20:40:00.000001,35,6.5342956,7.421139,7.5544753,6.43
2021-11-07 14:49:59.999996,2021-11-07 20:49:59.999996,36,6.319057,7.4219756,7.5544753,6.21
2021-11-07 15:00:00.000000,2021-11-07 15:10:00.000004,1,8.043634,7.5407166,7.6467223,7.88
2021-11-07 15:00:00.000000,2021-11-07 15:19:59.999999,2,8.417702,7.517063,7.6467223,8.51
2021-11-07 15:00:00.000000,2021-11-07 15:30:00.000003,3,8.363334,7.4828477,7.6467223,8.4
2021-11-07 15:00:00.000000,2021-11-07 15:39:59.999998,4,8.073304,7.4399247,7.6467223,7.94
2021-11-07 15:00:00.000000,2021-11-07 15:50:00.000002,5,7.930441,7.4026284,7.6467223,8.06
2021-11-07 15:00:00.000000,2021-11-07 15:59:59.999997,6,7.9389563,7.3751917,7.6467223,7.91
2021-11-07 15:00:00.000000,2021-11-07 16:10:00.000001,7,7.912281,7.357477,7.6467223,7.82
2021-11-07 15:00:00.000000,2021-11-07 16:19:59.999996,8,7.7526627,7.347845,7.6467223,7.9
2021-11-07 15:00:00.000000,2021-11-07 16:30:00.000000,9,7.479392,7.3443766,7.6467223,7.39
2021-11-07 15:00:00.000000,2021-11-07 16:40:00.000004,10,7.261114,7.3453364,7.6467223,7.23
2021-11-07 15:00:00.000000,2021-11-07 16:49:59.999999,11,7.260604,7.349317,7.6467223,7.31
2021-11-07 15:00:00.000000,2021-11-07 17:00:00.000003,12,7.4069843,7.3552446,7.6467223,7.49
2021-11-07 15:00:00.000000,2021-11-07 17:09:59.999998,13,7.5228076,7.3623405,7.6467223,7.38
2021-11-07 15:00:00.000000,2021-11-07 17:20:00.000002,14,7.537469,7.37006,7.6467223,7.54
2021-11-07 15:00:00.000000,2021-11-07 17:29:59.999997,15,7.4841185,7.3780246,7.6467223,7.59
2021-11-07 15:00:00.000000,2021-11-07 17:40:00.000001,16,7.440976,7.3859873,7.6467223,7.4
2021-11-07 15:00:00.000000,2021-11-07 17:49:59.999996,17,7.4231358,7.393778,7.6467223,7.47
2021-11-07 15:00:00.000000,2021-11-07 18:00:00.000000,18,7.3245983,7.4012856,7.6467223,7.08
2021-11-07 15:00:00.000000,2021-11-07 18:10:00.000004,19,7.0661554,7.408435,7.6467223,7.41
2021-11-07 15:00:00.000000,2021-11-07 18:19:59.999999,20,6.6464143,7.415175,7.6467223,6.47
2021-11-07 15:00:00.000000,2021-11-07 18:30:00.000003,21,6.136529,7.4214735,7.6467223,6.12
2021-11-07 15:00:00.000000,2021-11-07 18:39:59.999998,22,5.8347855,7.427311,7.6467223,5.87
2021-11-07 15:00:00.000000,2021-11-07 18:50:00.000002,23,5.957434,7.432675,7.6467223,5.99
2021-11-07 15:00:00.000000,2021-11-07 18:59:59.999997,24,6.0817213,7.437567,7.6467223,6.01
2021-11-07 15:00:00.000000,2021-11-07 19:10:00.000001,25,5.7209015,7.441992,7.6467223,5.78
2021-11-07 15:00:00.000000,2021-11-07 19:19:59.999996,26,5.2773952,7.445962,7.6467223,5.28
2021-11-07 15:00:00.000000,2021-11-07 19:30:00.000000,27,5.4346423,7.449492,7.6467223,5.38
2021-11-07 15:00:00.000000,2021-11-07 19:40:00.000004,28,6.0429597,7.4526105,7.6467223,6.1
2021-11-07 15:00:00.000000,2021-11-07 19:49:59.999999,29,6.554064,7.4553404,7.6467223,6.45
2021-11-07 15:00:00.000000,2021-11-07 20:00:00.000003,30,6.9640574,7.45771,7.6467223,7.18
2021-11-07 15:00:00.000000,2021-11-07 20:09:59.999998,31,7.4404254,7.4597516,7.6467223,7.25
2021-11-07 15:00:00.000000,2021-11-07 20:20:00.000002,32,7.6189475,7.461494,7.6467223,7.58
2021-11-07 15:00:00.000000,2021-11-07 20:29:59.999997,33,7.1691,7.46297,7.6467223,7.37
2021-11-07 15:00:00.000000,2021-11-07 20:40:00.000001,34,6.5342956,7.4642076,7.6467223,6.43
2021-11-07 15:00:00.000000,2021-11-07 20:49:59.999996,35,6.319057,7.4652367,7.6467223,6.21
2021-11-07 15:00:00.000000,2021-11-07 21:00:00.000000,36,6.471457,7.4660835,7.6467223,6.72
2021-11-07 15:10:00.000004,2021-11-07 15:19:59.999999,1,8.417702,7.562745,8.043634,8.51
2021-11-07 15:10:00.000004,2021-11-07 15:30:00.000003,2,8.363334,7.562171,8.043634,8.4
2021-11-07 15:10:00.000004,2021-11-07 15:39:59.999998,3,8.073304,7.5546985,8.043634,7.94
2021-11-07 15:10:00.000004,2021-11-07 15:50:00.000002,4,7.930441,7.5394115,8.043634,8.06
2021-11-07 15:10:00.000004,2021-11-07 15:59:59.999997,5,7.9389563,7.5283685,8.043634,7.91
2021-11-07 15:10:00.000004,2021-11-07 16:10:00.000001,6,7.912281,7.524481,8.043634,7.82
2021-11-07 15:10:00.000004,2021-11-07 16:19:59.999996,7,7.7526627,7.5270042,8.043634,7.9
2021-11-07 15:10:00.000004,2021-11-07 16:30:00.000000,8,7.479392,7.534171,8.043634,7.39
2021-11-07 15:10:00.000004,2021-11-07 16:40:00.000004,9,7.261114,7.54423,8.043634,7.23
2021-11-07 15:10:00.000004,2021-11-07 16:49:59.999999,10,7.260604,7.5557594,8.043634,7.31
2021-11-07 15:10:00.000004,2021-11-07 17:00:00.000003,11,7.4069843,7.5677404,8.043634,7.49
2021-11-07 15:10:00.000004,2021-11-07 17:09:59.999998,12,7.5228076,7.5795045,8.043634,7.38
2021-11-07 15:10:00.000004,2021-11-07 17:20:00.000002,13,7.537469,7.5906606,8.043634,7.54
2021-11-07 15:10:00.000004,2021-11-07 17:29:59.999997,14,7.4841185,7.601016,8.043634,7.59
2021-11-07 15:10:00.000004,2021-11-07 17:40:00.000001,15,7.440976,7.610509,8.043634,7.4
2021-11-07 15:10:00.000004,2021-11-07 17:49:59.999996,16,7.4231358,7.619151,8.043634,7.47
2021-11-07 15:10:00.000004,2021-11-07 18:00:00.000000,17,7.3245983,7.626998,8.043634,7.08
2021-11-07 15:10:00.000004,2021-11-07 18:10:00.000004,18,7.0661554,7.6341186,8.043634,7.41
2021-11-07 15:10:00.000004,2021-11-07 18:19:59.999999,19,6.6464143,7.6405807,8.043634,6.47
2021-11-07 15:10:00.000004,2021-11-07 18:30:00.000003,20,6.136529,7.646446,8.043634,6.12
2021-11-07 15:10:00.000004,2021-11-07 18:39:59.999998,21,5.8347855,7.651769,8.043634,5.87
2021-11-07 15:10:00.000004,2021-11-07 18:50:00.000002,22,5.957434,7.656592,8.043634,5.99
2021-11-07 15:10:00.000004,2021-11-07 18:59:59.999997,23,6.0817213,7.660953,8.043634,6.01
2021-11-07 15:10:00.000004,2021-11-07 19:10:00.000001,24,5.7209015,7.6648774,8.043634,5.78
2021-11-07 15:10:00.000004,2021-11-07 19:19:59.999996,25,5.2773952,7.668398,8.043634,5.28
2021-11-07 15:10:00.000004,2021-11-07 19:30:00.000000,26,5.4346423,7.671538,8.043634,5.38
2021-11-07 15:10:00.000004,2021-11-07 19:40:00.000004,27,6.0429597,7.674319,8.043634,6.1
2021-11-07 15:10:00.000004,2021-11-07 19:49:59.999999,28,6.554064,7.676766,8.043634,6.45
2021-11-07 15:10:00.000004,2021-11-07 20:00:00.000003,29,6.9640574,7.6789045,8.043634,7.18
2021-11-07 15:10:00.000004,2021-11-07 20:09:59.999998,30,7.4404254,7.6807585,8.043634,7.25
2021-11-07 15:10:00.000004,2021-11-07 20:20:00.000002,31,7.6189475,7.6823535,8.043634,7.58
2021-11-07 15:10:00.000004,2021-11-07 20:29:59.999997,32,7.1691,7.683712,8.043634,7.37
2021-11-07 15:10:00.000004,2021-11-07 20:40:00.000001,33,6.5342956,7.68486,8.043634,6.43
2021-11-07 15:10:00.000004,2021-11-07 20:49:59.999996,34,6.319057,7.685823,8.043634,6.21
2021-11-07 15:10:00.000004,2021-11-07 21:00:00.000000,35,6.471457,7.68662,8.043634,6.72
2021-11-07 15:10:00.000004,2021-11-07 21:10:00.000004,36,6.593217,7.6872764,8.043634,6.33
2021-11-07 15:19:59.999999,2021-11-07 15:30:00.000003,1,8.363334,7.59525,8.417702,8.4
2021-11-07 15:19:59.999999,2021-11-07 15:39:59.999998,2,8.073304,7.613246,8.417702,7.94
2021-11-07 15:19:59.999999,2021-11-07 15:50:00.000002,3,7.930441,7.6292453,8.417702,8.06
2021-11-07 15:19:59.999999,2021-11-07 15:59:59.999997,4,7.9389563,7.6389356,8.417702,7.91
2021-11-07 15:19:59.999999,2021-11-07 16:10:00.000001,5,7.912281,7.6518264,8.417702,7.82
2021-11-07 15:19:59.999999,2021-11-07 16:19:59.999996,6,7.7526627,7.6694756,8.417702,7.9
2021-11-07 15:19:59.999999,2021-11-07 16:30:00.000000,7,7.479392,7.6905704,8.417702,7.39
2021-11-07 15:19:59.999999,2021-11-07 16:40:00.000004,8,7.261114,7.713242,8.417702,7.23
2021-11-07 15:19:59.999999,2021-11-07 16:49:59.999999,9,7.260604,7.7358875,8.417702,7.31
2021-11-07 15:19:59.999999,2021-11-07 17:00:00.000003,10,7.4069843,7.757367,8.417702,7.49
2021-11-07 15:19:59.999999,2021-11-07 17:09:59.999998,11,7.5228076,7.7769985,8.417702,7.38
2021-11-07 15:19:59.999999,2021-11-07 17:20:00.000002,12,7.537469,7.794458,8.417702,7.54
2021-11-07 15:19:59.999999,2021-11-07 17:29:59.999997,13,7.4841185,7.809693,8.417702,7.59
2021-11-07 15:19:59.999999,2021-11-07 17:40:00.000001,14,7.440976,7.822817,8.417702,7.4
2021-11-07 15:19:59.999999,2021-11-07 17:49:59.999996,15,7.4231358,7.834043,8.417702,7.47
2021-11-07 15:19:59.999999,2021-11-07 18:00:00.000000,16,7.3245983,7.843622,8.417702,7.08
2021-11-07 15:19:59.999999,2021-11-07 18:10:00.000004,17,7.0661554,7.8518095,8.417702,7.41
2021-11-07 15:19:59.999999,2021-11-07 18:19:59.999999,18,6.6464143,7.8588347,8.417702,6.47
2021-11-07 15:19:59.999999,2021-11-07 18:30:00.000003,19,6.136529,7.8649015,8.417702,6.12
2021-11-07 15:19:59.999999,2021-11-07 18:39:59.999998,20,5.8347855,7.870177,8.417702,5.87
2021-11-07 15:19:59.999999,2021-11-07 18:50:00.000002,21,5.957434,7.8747945,8.417702,5.99
2021-11-07 15:19:59.999999,2021-11-07 18:59:59.999997,22,6.0817213,7.878857,8.417702,6.01
2021-11-07 15:19:59.999999,2021-11-07 19:10:00.000001,23,5.7209015,7.8824487,8.417702,5.78
2021-11-07 15:19:59.999999,2021-11-07 19:19:59.999996,24,5.2773952,7.885629,8.417702,5.28
2021-11-07 15:19:59.999999,2021-11-07 19:30:00.000000,25,5.4346423,7.888445,8.417702,5.38
2021-11-07 15:19:59.999999,2021-11-07 19:40:00.000004,26,6.0429597,7.890933,8.417702,6.1
2021-11-07 15:19:59.999999,2021-11-07 19:49:59.999999,27,6.554064,7.893128,8.417702,6.45
2021-11-07 15:19:59.999999,2021-11-07 20:00:00.000003,28,6.9640574,7.895053,8.417702,7.18
2021-11-07 15:19:59.999999,2021-11-07 20:09:59.999998,29,7.4404254,7.8967323,8.417702,7.25
2021-11-07 15:19:59.999999,2021-11-07 20:20:00.000002,30,7.6189475,7.8981895,8.417702,7.58
2021-11-07 15:19:59.999999,2021-11-07 20:29:59.999997,31,7.1691,7.8994436,8.417702,7.37
2021-11-07 15:19:59.999999,2021-11-07 20:40:00.000001,32,6.5342956,7.9005136,8.417702,6.43
2021-11-07 15:19:59.999999,2021-11-07 20:49:59.999996,33,6.319057,7.9014196,8.417702,6.21
2021-11-07 15:19:59.999999,2021-11-07 21:00:00.000000,34,6.471457,7.9021797,8.417702,6.72
2021-11-07 15:19:59.999999,2021-11-07 21:10:00.000004,35,6.593217,7.9028115,8.417702,6.33
2021-11-07 15:19:59.999999,2021-11-07 21:19:59.999999,36,6.495487,7.9033313,8.417702,6.68
2021-11-07 15:30:00.000003,2021-11-07 15:39:59.999998,1,8.073304,7.630577,8.363334,7.94
2021-11-07 15:30:00.000003,2021-11-07 15:50:00.000002,2,7.930441,7.6556873,8.363334,8.06
2021-11-07 15:30:00.000003,2021-11-07 15:59:59.999997,3,7.9389563,7.6756163,8.363334,7.91
2021-11-07 15:30:00.000003,2021-11-07 16:10:00.000001,4,7.912281,7.685109,8.363334,7.82
2021-11-07 15:30:00.000003,2021-11-07 16:19:59.999996,5,7.7526627,7.6949797,8.363334,7.9
2021-11-07 15:30:00.000003,2021-11-07 16:30:00.000000,6,7.479392,7.70774,8.363334,7.39
2021-11-07 15:30:00.000003,2021-11-07 16:40:00.000004,7,7.261114,7.722795,8.363334,7.23
2021-11-07 15:30:00.000003,2021-11-07 16:49:59.999999,8,7.260604,7.7388344,8.363334,7.31
2021-11-07 15:30:00.000003,2021-11-07 17:00:00.000003,9,7.4069843,7.754671,8.363334,7.49
2021-11-07 15:30:00.000003,2021-11-07 17:09:59.999998,10,7.5228076,7.76947,8.363334,7.38
2021-11-07 15:30:00.000003,2021-11-07 17:20:00.000002,11,7.537469,7.7827606,8.363334,7.54
2021-11-07 15:30:00.000003,2021-11-07 17:29:59.999997,12,7.4841185,7.7943554,8.363334,7.59
2021-11-07 15:30:00.000003,2021-11-07 17:40:00.000001,13,7.440976,7.8042765,8.363334,7.4
2021-11-07 15:30:00.000003,2021-11-07 17:49:59.999996,14,7.4231358,7.8126717,8.363334,7.47
2021-11-07 15:30:00.000003,2021-11-07 18:00:00.000000,15,7.3245983,7.8197484,8.363334,7.08
2021-11-07 15:30:00.000003,2021-11-07 18:10:00.000004,16,7.0661554,7.825738,8.363334,7.41
2021-11-07 15:30:00.000003,2021-11-07 18:19:59.999999,17,6.6464143,7.8308525,8.363334,6.47
2021-11-07 15:30:00.000003,2021-11-07 18:30:00.000003,18,6.136529,7.83528,8.363334,6.12
2021-11-07 15:30:00.000003,2021-11-07 18:39:59.999998,19,5.8347855,7.839174,8.363334,5.87
2021-11-07 15:30:00.000003,2021-11-07 18:50:00.000002,20,5.957434,7.8426495,8.363334,5.99
2021-11-07 15:30:00.000003,2021-11-07 18:59:59.999997,21,6.0817213,7.8457904,8.363334,6.01
2021-11-07 15:30:00.000003,2021-11-07 19:10:00.000001,22,5.7209015,7.8486586,8.363334,5.78
2021-11-07 15:30:00.000003,2021-11-07 19:19:59.999996,23,5.2773952,7.8512897,8.363334,5.28
2021-11-07 15:30:00.000003,2021-11-07 19:30:00.000000,24,5.4346423,7.8537107,8.363334,5.38
2021-11-07 15:30:00.000003,2021-11-07 19:40:00.000004,25,6.0429597,7.8559313,8.363334,6.1
2021-11-07 15:30:00.000003,2021-11-07 19:49:59.999999,26,6.554064,7.8579655,8.363334,6.45
2021-11-07 15:30:00.000003,2021-11-07 20:00:00.000003,27,6.9640574,7.8598156,8.363334,7.18
2021-11-07 15:30:00.000003,2021-11-07 20:09:59.999998,28,7.4404254,7.861486,8.363334,7.25
2021-11-07 15:30:00.000003,2021-11-07 20:20:00.000002,29,7.6189475,7.8629837,8.363334,7.58
2021-11-07 15:30:00.000003,2021-11-07 20:29:59.999997,30,7.1691,7.864316,8.363334,7.37
2021-11-07 15:30:00.000003,2021-11-07 20:40:00.000001,31,6.5342956,7.865488,8.363334,6.43
2021-11-07 15:30:00.000003,2021-11-07 20:49:59.999996,32,6.319057,7.8665104,8.363334,6.21
2021-11-07 15:30:00.000003,2021-11-07 21:00:00.000000,33,6.471457,7.8673973,8.363334,6.72
2021-11-07 15:30:00.000003,2021-11-07 21:10:00.000004,34,6.593217,7.868155,8.363334,6.33
2021-11-07 15:30:00.000003,2021-11-07 21:19:59.999999,35,6.495487,7.868798,8.363334,6.68
2021-11-07 15:30:00.000003,2021-11-07 21:30:00.000003,36,6.2108054,7.869337,8.363334,6.11
2021-11-07 15:39:59.999998,2021-11-07 15:50:00.000002,1,7.930441,7.6411967,8.073304,8.06
2021-11-07 15:39:59.999998,2021-11-07 15:59:59.999997,2,7.9389563,7.6530867,8.073304,7.91
2021-11-07 15:39:59.999998,2021-11-07 16:10:00.000001,3,7.912281,7.657093,8.073304,7.82
2021-11-07 15:39:59.999998,2021-11-07 16:19:59.999996,4,7.7526627,7.6494517,8.073304,7.9
2021-11-07 15:39:59.999998,2021-11-07 16:30:00.000000,5,7.479392,7.6422114,8.073304,7.39
2021-11-07 15:39:59.999998,2021-11-07 16:40:00.000004,6,7.261114,7.638602,8.073304,7.23
2021-11-07 15:39:59.999998,2021-11-07 16:49:59.999999,7,7.260604,7.638447,8.073304,7.31
2021-11-07 15:39:59.999998,2021-11-07 17:00:00.000003,8,7.4069843,7.640658,8.073304,7.49
2021-11-07 15:39:59.999998,2021-11-07 17:09:59.999998,9,7.5228076,7.6441565,8.073304,7.38
2021-11-07 15:39:59.999998,2021-11-07 17:20:00.000002,10,7.537469,7.648131,8.073304,7.54
2021-11-07 15:39:59.999998,2021-11-07 17:29:59.999997,11,7.4841185,7.652066,8.073304,7.59
2021-11-07 15:39:59.999998,2021-11-07 17:40:00.000001,12,7.440976,7.655695,8.073304,7.4
2021-11-07 15:39:59.999998,2021-11-07 17:49:59.999996,13,7.4231358,7.6589217,8.073304,7.47
2021-11-07 15:39:59.999998,2021-11-07 18:00:00.000000,14,7.3245983,7.661767,8.073304,7.08
2021-11-07 15:39:59.999998,2021-11-07 18:10:00.000004,15,7.0661554,7.664302,8.073304,7.41
2021-11-07 15:39:59.999998,2021-11-07 18:19:59.999999,16,6.6464143,7.666619,8.073304,6.47
2021-11-07 15:39:59.999998,2021-11-07 18:30:00.000003,17,6.136529,7.6688075,8.073304,6.12
2021-11-07 15:39:59.999998,2021-11-07 18:39:59.999998,18,5.8347855,7.6709356,8.073304,5.87
2021-11-07 15:39:59.999998,2021-11-07 18:50:00.000002,19,5.957434,7.67305,8.073304,5.99
2021-11-07 15:39:59.999998,2021-11-07 18:59:59.999997,20,6.0817213,7.675174,8.073304,6.01
2021-11-07 15:39:59.999998,2021-11-07 19:10:00.000001,21,5.7209015,7.6773095,8.073304,5.78
2021-11-07 15:39:59.999998,2021-11-07 19:19:59.999996,22,5.2773952,7.6794467,8.073304,5.28
2021-11-07 15:39:59.999998,2021-11-07 19:30:00.000000,23,5.4346423,7.6815653,8.073304,5.38
2021-11-07 15:39:59.999998,2021-11-07 19:40:00.000004,24,6.0429597,7.683643,8.073304,6.1
2021-11-07 15:39:59.999998,2021-11-07 19:49:59.999999,25,6.554064,7.6856513,8.073304,6.45
2021-11-07 15:39:59.999998,2021-11-07 20:00:00.000003,26,6.9640574,7.687569,8.073304,7.18
2021-11-07 15:39:59.999998,2021-11-07 20:09:59.999998,27,7.4404254,7.689374,8.073304,7.25
2021-11-07 15:39:59.999998,2021-11-07 20:20:00.000002,28,7.6189475,7.691054,8.073304,7.58
2021-11-07 15:39:59.999998,2021-11-07 20:29:59.999997,29,7.1691,7.6925945,8.073304,7.37
2021-11-07 15:39:59.999998,2021-11-07 20:40:00.000001,30,6.5342956,7.6939917,8.073304,6.43
2021-11-07 15:39:59.999998,2021-11-07 20:49:59.999996,31,6.319057,7.6952453,8.073304,6.21
2021-11-07 15:39:59.999998,2021-11-07 21:00:00.000000,32,6.471457,7.696356,8.073304,6.72
2021-11-07 15:39:59.999998,2021-11-07 21:10:00.000004,33,6.593217,7.6973276,8.073304,6.33
2021-11-07 15:39:59.999998,2021-11-07 21:19:59.999999,34,6.495487,7.698174,8.073304,6.68
2021-11-07 15:39:59.999998,2021-11-07 21:30:00.000003,35,6.2108054,7.6988983,8.073304,6.11
2021-11-07 15:39:59.999998,2021-11-07 21:39:59.999998,36,5.8652654,7.699515,8.073304,5.95
2021-11-07 15:50:00.000002,2021-11-07 15:59:59.999997,1,7.9389563,7.619956,7.930441,7.91
2021-11-07 15:50:00.000002,2021-11-07 16:10:00.000001,2,7.912281,7.6244984,7.930441,7.82
2021-11-07 15:50:00.000002,2021-11-07 16:19:59.999996,3,7.7526627,7.6201744,7.930441,7.9
2021-11-07 15:50:00.000002,2021-11-07 16:30:00.000000,4,7.479392,7.6042514,7.930441,7.39
2021-11-07 15:50:00.000002,2021-11-07 16:40:00.000004,5,7.261114,7.5893264,7.930441,7.23
2021-11-07 15:50:00.000002,2021-11-07 16:49:59.999999,6,7.260604,7.5788765,7.930441,7.31
2021-11-07 15:50:00.000002,2021-11-07 17:00:00.000003,7,7.4069843,7.572792,7.930441,7.49
2021-11-07 15:50:00.000002,2021-11-07 17:09:59.999998,8,7.5228076,7.569965,7.930441,7.38
2021-11-07 15:50:00.000002,2021-11-07 17:20:00.000002,9,7.537469,7.5692577,7.930441,7.54
2021-11-07 15:50:00.000002,2021-11-07 17:29:59.999997,10,7.4841185,7.569779,7.930441,7.59
2021-11-07 15:50:00.000002,2021-11-07 17:40:00.000001,11,7.440976,7.5709333,7.930441,7.4
2021-11-07 15:50:00.000002,2021-11-07 17:49:59.999996,12,7.4231358,7.572366,7.930441,7.47
2021-11-07 15:50:00.000002,2021-11-07 18:00:00.000000,13,7.3245983,7.573902,7.930441,7.08
2021-11-07 15:50:00.000002,2021-11-07 18:10:00.000004,14,7.0661554,7.575481,7.930441,7.41
2021-11-07 15:50:00.000002,2021-11-07 18:19:59.999999,15,6.6464143,7.577105,7.930441,6.47
2021-11-07 15:50:00.000002,2021-11-07 18:30:00.000003,16,6.136529,7.5787973,7.930441,6.12
2021-11-07 15:50:00.000002,2021-11-07 18:39:59.999998,17,5.8347855,7.5805974,7.930441,5.87
2021-11-07 15:50:00.000002,2021-11-07 18:50:00.000002,18,5.957434,7.582515,7.930441,5.99
2021-11-07 15:50:00.000002,2021-11-07 18:59:59.999997,19,6.0817213,7.5845575,7.930441,6.01
2021-11-07 15:50:00.000002,2021-11-07 19:10:00.000001,20,5.7209015,7.5867114,7.930441,5.78
2021-11-07 15:50:00.000002,2021-11-07 19:19:59.999996,21,5.2773952,7.5889516,7.930441,5.28
2021-11-07 15:50:00.000002,2021-11-07 19:30:00.000000,22,5.4346423,7.5912437,7.930441,5.38
2021-11-07 15:50:00.000002,2021-11-07 19:40:00.000004,23,6.0429597,7.5935493,7.930441,6.1
2021-11-07 15:50:00.000002,2021-11-07 19:49:59.999999,24,6.554064,7.595827,7.930441,6.45
2021-11-07 15:50:00.000002,2021-11-07 20:00:00.000003,25,6.9640574,7.5980434,7.930441,7.18
2021-11-07 15:50:00.000002,2021-11-07 20:09:59.999998,26,7.4404254,7.6001654,7.930441,7.25
2021-11-07 15:50:00.000002,2021-11-07 20:20:00.000002,27,7.6189475,7.602167,7.930441,7.58
2021-11-07 15:50:00.000002,2021-11-07 20:29:59.999997,28,7.1691,7.604029,7.930441,7.37
2021-11-07 15:50:00.000002,2021-11-07 20:40:00.000001,29,6.5342956,7.6057386,7.930441,6.43
2021-11-07 15:50:00.000002,2021-11-07 20:49:59.999996,30,6.319057,7.6072884,7.930441,6.21
2021-11-07 15:50:00.000002,2021-11-07 21:00:00.000000,31,6.471457,7.608677,7.930441,6.72
2021-11-07 15:50:00.000002,2021-11-07 21:10:00.000004,32,6.593217,7.609908,7.930441,6.33
2021-11-07 15:50:00.000002,2021-11-07 21:19:59.999999,33,6.495487,7.610986,7.930441,6.68
2021-11-07 15:50:00.000002,2021-11-07 21:30:00.000003,34,6.2108054,7.611923,7.930441,6.11
2021-11-07 15:50:00.000002,2021-11-07 21:39:59.999998,35,5.8652654,7.6127257,7.930441,5.95
2021-11-07 15:50:00.000002,2021-11-07 21:50:00.000002,36,5.6032023,7.613409,7.930441,5.49
2021-11-07 15:59:59.999997,2021-11-07 16:10:00.000001,1,7.912281,7.596931,7.9389563,7.82
2021-11-07 15:59:59.999997,2021-11-07 16:19:59.999996,2,7.7526627,7.58869,7.9389563,7.9
2021-11-07 15:59:59.999997,2021-11-07 16:30:00.000000,3,7.479392,7.577219,7.9389563,7.39
2021-11-07 15:59:59.999997,2021-11-07 16:40:00.000004,4,7.261114,7.5592084,7.9389563,7.23
2021-11-07 15:59:59.999997,2021-11-07 16:49:59.999999,5,7.260604,7.545449,7.9389563,7.31
2021-11-07 15:59:59.999997,2021-11-07 17:00:00.000003,6,7.4069843,7.538108,7.9389563,7.49
2021-11-07 15:59:59.999997,2021-11-07 17:09:59.999998,7,7.5228076,7.5361905,7.9389563,7.38
2021-11-07 15:59:59.999997,2021-11-07 17:20:00.000002,8,7.537469,7.5380144,7.9389563,7.54
2021-11-07 15:59:59.999997,2021-11-07 17:29:59.999997,9,7.4841185,7.542058,7.9389563,7.59
2021-11-07 15:59:59.999997,2021-11-07 17:40:00.000001,10,7.440976,7.5471883,7.9389563,7.4
2021-11-07 15:59:59.999997,2021-11-07 17:49:59.999996,11,7.4231358,7.552657,7.9389563,7.47
2021-11-07 15:59:59.999997,2021-11-07 18:00:00.000000,12,7.3245983,7.5580306,7.9389563,7.08
2021-11-07 15:59:59.999997,2021-11-07 18:10:00.000004,13,7.0661554,7.5630965,7.9389563,7.41
2021-11-07 15:59:59.999997,2021-11-07 18:19:59.999999,14,6.6464143,7.5677834,7.9389563,6.47
2021-11-07 15:59:59.999997,2021-11-07 18:30:00.000003,15,6.136529,7.572109,7.9389563,6.12
2021-11-07 15:59:59.999997,2021-11-07 18:39:59.999998,16,5.8347855,7.576128,7.9389563,5.87
2021-11-07 15:59:59.999997,2021-11-07 18:50:00.000002,17,5.957434,7.579904,7.9389563,5.99
2021-11-07 15:59:59.999997,2021-11-07 18:59:59.999997,18,6.0817213,7.583492,7.9389563,6.01
2021-11-07 15:59:59.999997,2021-11-07 19:10:00.000001,19,5.7209015,7.5869303,7.9389563,5.78
2021-11-07 15:59:59.999997,2021-11-07 19:19:59.999996,20,5.2773952,7.590243,7.9389563,5.28
2021-11-07 15:59:59.999997,2021-11-07 19:30:00.000000,21,5.4346423,7.593436,7.9389563,5.38
2021-11-07 15:59:59.999997,2021-11-07 19:40:00.000004,22,6.0429597,7.596505,7.9389563,6.1
2021-11-07 15:59:59.999997,2021-11-07 19:49:59.999999,23,6.554064,7.5994396,7.9389563,6.45
2021-11-07 15:59:59.999997,2021-11-07 20:00:00.000003,24,6.9640574,7.6022253,7.9389563,7.18
2021-11-07 15:59:59.999997,2021-11-07 20:09:59.999998,25,7.4404254,7.604842,7.9389563,7.25
2021-11-07 15:59:59.999997,2021-11-07 20:20:00.000002,26,7.6189475,7.607281,7.9389563,7.58
2021-11-07 15:59:59.999997,2021-11-07 20:29:59.999997,27,7.1691,7.609527,7.9389563,7.37
2021-11-07 15:59:59.999997,2021-11-07 20:40:00.000001,28,6.5342956,7.6115785,7.9389563,6.43
2021-11-07 15:59:59.999997,2021-11-07 20:49:59.999996,29,6.319057,7.613431,7.9389563,6.21
2021-11-07 15:59:59.999997,2021-11-07 21:00:00.000000,30,6.471457,7.6150846,7.9389563,6.72
2021-11-07 15:59:59.999997,2021-11-07 21:10:00.000004,31,6.593217,7.616549,7.9389563,6.33
2021-11-07 15:59:59.999997,2021-11-07 21:19:59.999999,32,6.495487,7.617832,7.9389563,6.68
2021-11-07 15:59:59.999997,2021-11-07 21:30:00.000003,33,6.2108054,7.6189446,7.9389563,6.11
2021-11-07 15:59:59.999997,2021-11-07 21:39:59.999998,34,5.8652654,7.6199017,7.9389563,5.95
2021-11-07 15:59:59.999997,2021-11-07 21:50:00.000002,35,5.6032023,7.6207137,7.9389563,5.49
2021-11-07 15:59:59.999997,2021-11-07 21:59:59.999997,36,5.51652,7.6213984,7.9389563,5.62
2021-11-07 16:10:00.000001,2021-11-07 16:19:59.999996,1,7.7526627,7.579567,7.912281,7.9
2021-11-07 16:10:00.000001,2021-11-07 16:30:00.000000,2,7.479392,7.5623403,7.912281,7.39
2021-11-07 16:10:00.000001,2021-11-07 16:40:00.000004,3,7.261114,7.5456934,7.912281,7.23
2021-11-07 16:10:00.000001,2021-11-07 16:49:59.999999,4,7.260604,7.524942,7.912281,7.31
2021-11-07 16:10:00.000001,2021-11-07 17:00:00.000003,5,7.4069843,7.5100636,7.912281,7.49
2021-11-07 16:10:00.000001,2021-11-07 17:09:59.999998,6,7.5228076,7.5027046,7.912281,7.38
2021-11-07 16:10:00.000001,2021-11-07 17:20:00.000002,7,7.537469,7.501546,7.912281,7.54
2021-11-07 16:10:00.000001,2021-11-07 17:29:59.999997,8,7.4841185,7.50467,7.912281,7.59
2021-11-07 16:10:00.000001,2021-11-07 17:40:00.000001,9,7.440976,7.5103745,7.912281,7.4
2021-11-07 16:10:00.000001,2021-11-07 17:49:59.999996,10,7.4231358,7.5173855,7.912281,7.47
2021-11-07 16:10:00.000001,2021-11-07 18:00:00.000000,11,7.3245983,7.524836,7.912281,7.08
2021-11-07 16:10:00.000001,2021-11-07 18:10:00.000004,12,7.0661554,7.5322056,7.912281,7.41
2021-11-07 16:10:00.000001,2021-11-07 18:19:59.999999,13,6.6464143,7.539208,7.912281,6.47
2021-11-07 16:10:00.000001,2021-11-07 18:30:00.000003,14,6.136529,7.545734,7.912281,6.12
2021-11-07 16:10:00.000001,2021-11-07 18:39:59.999998,15,5.8347855,7.551767,7.912281,5.87
2021-11-07 16:10:00.000001,2021-11-07 18:50:00.000002,16,5.957434,7.557341,7.912281,5.99
2021-11-07 16:10:00.000001,2021-11-07 18:59:59.999997,17,6.0817213,7.562514,7.912281,6.01
2021-11-07 16:10:00.000001,2021-11-07 19:10:00.000001,18,5.7209015,7.567339,7.912281,5.78
2021-11-07 16:10:00.000001,2021-11-07 19:19:59.999996,19,5.2773952,7.571859,7.912281,5.28
2021-11-07 16:10:00.000001,2021-11-07 19:30:00.000000,20,5.4346423,7.5761094,7.912281,5.38
2021-11-07 16:10:00.000001,2021-11-07 19:40:00.000004,21,6.0429597,7.5801077,7.912281,6.1
2021-11-07 16:10:00.000001,2021-11-07 19:49:59.999999,22,6.554064,7.5838614,7.912281,6.45
2021-11-07 16:10:00.000001,2021-11-07 20:00:00.000003,23,6.9640574,7.587371,7.912281,7.18
2021-11-07 16:10:00.000001,2021-11-07 20:09:59.999998,24,7.4404254,7.5906343,7.912281,7.25
2021-11-07 16:10:00.000001,2021-11-07 20:20:00.000002,25,7.6189475,7.593651,7.912281,7.58
2021-11-07 16:10:00.000001,2021-11-07 20:29:59.999997,26,7.1691,7.596413,7.912281,7.37
2021-11-07 16:10:00.000001,2021-11-07 20:40:00.000001,27,6.5342956,7.5989256,7.912281,6.43
2021-11-07 16:10:00.000001,2021-11-07 20:49:59.999996,28,6.319057,7.6011877,7.912281,6.21
2021-11-07 16:10:00.000001,2021-11-07 21:00:00.000000,29,6.471457,7.603209,7.912281,6.72
2021-11-07 16:10:00.000001,2021-11-07 21:10:00.000004,30,6.593217,7.605,7.912281,6.33
2021-11-07 16:10:00.000001,2021-11-07 21:19:59.999999,31,6.495487,7.6065693,7.912281,6.68
2021-11-07 16:10:00.000001,2021-11-07 21:30:00.000003,32,6.2108054,7.607932,7.912281,6.11
2021-11-07 16:10:00.000001,2021-11-07 21:39:59.999998,33,5.8652654,7.609105,7.912281,5.95
2021-11-07 16:10:00.000001,2021-11-07 21:50:00.000002,34,5.6032023,7.610108,7.912281,5.49
2021-11-07 16:10:00.000001,2021-11-07 21:59:59.999997,35,5.51652,7.610954,7.912281,5.62
2021-11-07 16:10:00.000001,2021-11-07 22:10:00.000001,36,5.577802,7.6116633,7.912281,5.61
2021-11-07 16:19:59.999996,2021-11-07 16:30:00.000000,1,7.479392,7.5847926,7.7526627,7.39
2021-11-07 16:19:59.999996,2021-11-07 16:40:00.000004,2,7.261114,7.5604706,7.7526627,7.23
2021-11-07 16:19:59.999996,2021-11-07 16:49:59.999999,3,7.260604,7.536389,7.7526627,7.31
2021-11-07 16:19:59.999996,2021-11-07 17:00:00.000003,4,7.4069843,7.5074763,7.7526627,7.49
2021-11-07 16:19:59.999996,2021-11-07 17:09:59.999998,5,7.5228076,7.484273,7.7526627,7.38
2021-11-07 16:19:59.999996,2021-11-07 17:20:00.000002,6,7.537469,7.4687915,7.7526627,7.54
2021-11-07 16:19:59.999996,2021-11-07 17:29:59.999997,7,7.4841185,7.459953,7.7526627,7.59
2021-11-07 16:19:59.999996,2021-11-07 17:40:00.000001,8,7.440976,7.455984,7.7526627,7.4
2021-11-07 16:19:59.999996,2021-11-07 17:49:59.999996,9,7.4231358,7.4552755,7.7526627,7.47
2021-11-07 16:19:59.999996,2021-11-07 18:00:00.000000,10,7.3245983,7.4565835,7.7526627,7.08
2021-11-07 16:19:59.999996,2021-11-07 18:10:00.000004,11,7.0661554,7.4590473,7.7526627,7.41
2021-11-07 16:19:59.999996,2021-11-07 18:19:59.999999,12,6.6464143,7.462112,7.7526627,6.47
2021-11-07 16:19:59.999996,2021-11-07 18:30:00.000003,13,6.136529,7.465453,7.7526627,6.12
2021-11-07 16:19:59.999996,2021-11-07 18:39:59.999998,14,5.8347855,7.468897,7.7526627,5.87
2021-11-07 16:19:59.999996,2021-11-07 18:50:00.000002,15,5.957434,7.472367,7.7526627,5.99
2021-11-07 16:19:59.999996,2021-11-07 18:59:59.999997,16,6.0817213,7.475835,7.7526627,6.01
2021-11-07 16:19:59.999996,2021-11-07 19:10:00.000001,17,5.7209015,7.479291,7.7526627,5.78
2021-11-07 16:19:59.999996,2021-11-07 19:19:59.999996,18,5.2773952,7.482734,7.7526627,5.28
2021-11-07 16:19:59.999996,2021-11-07 19:30:00.000000,19,5.4346423,7.4861574,7.7526627,5.38
2021-11-07 16:19:59.999996,2021-11-07 19:40:00.000004,20,6.0429597,7.4895406,7.7526627,6.1
2021-11-07 16:19:59.999996,2021-11-07 19:49:59.999999,21,6.554064,7.492865,7.7526627,6.45
2021-11-07 16:19:59.999996,2021-11-07 20:00:00.000003,22,6.9640574,7.496103,7.7526627,7.18
2021-11-07 16:19:59.999996,2021-11-07 20:09:59.999998,23,7.4404254,7.499223,7.7526627,7.25
2021-11-07 16:19:59.999996,2021-11-07 20:20:00.000002,24,7.6189475,7.502199,7.7526627,7.58
2021-11-07 16:19:59.999996,2021-11-07 20:29:59.999997,25,7.1691,7.5050054,7.7526627,7.37
2021-11-07 16:19:59.999996,2021-11-07 20:40:00.000001,26,6.5342956,7.507624,7.7526627,6.43
2021-11-07 16:19:59.999996,2021-11-07 20:49:59.999996,27,6.319057,7.510039,7.7526627,6.21
2021-11-07 16:19:59.999996,2021-11-07 21:00:00.000000,28,6.471457,7.512243,7.7526627,6.72
2021-11-07 16:19:59.999996,2021-11-07 21:10:00.000004,29,6.593217,7.5142317,7.7526627,6.33
2021-11-07 16:19:59.999996,2021-11-07 21:19:59.999999,30,6.495487,7.5160093,7.7526627,6.68
2021-11-07 16:19:59.999996,2021-11-07 21:30:00.000003,31,6.2108054,7.5175815,7.7526627,6.11
2021-11-07 16:19:59.999996,2021-11-07 21:39:59.999998,32,5.8652654,7.518958,7.7526627,5.95
2021-11-07 16:19:59.999996,2021-11-07 21:50:00.000002,33,5.6032023,7.5201516,7.7526627,5.49
2021-11-07 16:19:59.999996,2021-11-07 21:59:59.999997,34,5.51652,7.5211782,7.7526627,5.62
2021-11-07 16:19:59.999996,2021-11-07 22:10:00.000001,35,5.577802,7.522049,7.7526627,5.61
2021-11-07 16:19:59.999996,2021-11-07 22:19:59.999996,36,5.5765333,7.522784,7.7526627,5.34
2021-11-07 16:30:00.000000,2021-11-07 16:40:00.000004,1,7.261114,7.5564404,7.479392,7.23
2021-11-07 16:30:00.000000,2021-11-07 16:49:59.999999,2,7.260604,7.5052443,7.479392,7.31
2021-11-07 16:30:00.000000,2021-11-07 17:00:00.000003,3,7.4069843,7.4593096,7.479392,7.49
2021-11-07 16:30:00.000000,2021-11-07 17:09:59.999998,4,7.5228076,7.412957,7.479392,7.38
2021-11-07 16:30:00.000000,2021-11-07 17:20:00.000002,5,7.537469,7.3759046,7.479392,7.54
2021-11-07 16:30:00.000000,2021-11-07 17:29:59.999997,6,7.4841185,7.349457,7.479392,7.59
2021-11-07 16:30:00.000000,2021-11-07 17:40:00.000001,7,7.440976,7.331959,7.479392,7.4
2021-11-07 16:30:00.000000,2021-11-07 17:49:59.999996,8,7.4231358,7.3211875,7.479392,7.47
2021-11-07 16:30:00.000000,2021-11-07 18:00:00.000000,9,7.3245983,7.315169,7.479392,7.08
2021-11-07 16:30:00.000000,2021-11-07 18:10:00.000004,10,7.0661554,7.3123784,7.479392,7.41
2021-11-07 16:30:00.000000,2021-11-07 18:19:59.999999,11,6.6464143,7.3117223,7.479392,6.47
2021-11-07 16:30:00.000000,2021-11-07 18:30:00.000003,12,6.136529,7.312456,7.479392,6.12
2021-11-07 16:30:00.000000,2021-11-07 18:39:59.999998,13,5.8347855,7.3141,7.479392,5.87
2021-11-07 16:30:00.000000,2021-11-07 18:50:00.000002,14,5.957434,7.3163486,7.479392,5.99
2021-11-07 16:30:00.000000,2021-11-07 18:59:59.999997,15,6.0817213,7.3190145,7.479392,6.01
2021-11-07 16:30:00.000000,2021-11-07 19:10:00.000001,16,5.7209015,7.321983,7.479392,5.78
2021-11-07 16:30:00.000000,2021-11-07 19:19:59.999996,17,5.2773952,7.3251705,7.479392,5.28
2021-11-07 16:30:00.000000,2021-11-07 19:30:00.000000,18,5.4346423,7.328515,7.479392,5.38
2021-11-07 16:30:00.000000,2021-11-07 19:40:00.000004,19,6.0429597,7.331959,7.479392,6.1
2021-11-07 16:30:00.000000,2021-11-07 19:49:59.999999,20,6.554064,7.3354506,7.479392,6.45
2021-11-07 16:30:00.000000,2021-11-07 20:00:00.000003,21,6.9640574,7.3389335,7.479392,7.18
2021-11-07 16:30:00.000000,2021-11-07 20:09:59.999998,22,7.4404254,7.34236,7.479392,7.25
2021-11-07 16:30:00.000000,2021-11-07 20:20:00.000002,23,7.6189475,7.3456845,7.479392,7.58
2021-11-07 16:30:00.000000,2021-11-07 20:29:59.999997,24,7.1691,7.3488665,7.479392,7.37
2021-11-07 16:30:00.000000,2021-11-07 20:40:00.000001,25,6.5342956,7.351871,7.479392,6.43
2021-11-07 16:30:00.000000,2021-11-07 20:49:59.999996,26,6.319057,7.354675,7.479392,6.21
2021-11-07 16:30:00.000000,2021-11-07 21:00:00.000000,27,6.471457,7.357259,7.479392,6.72
2021-11-07 16:30:00.000000,2021-11-07 21:10:00.000004,28,6.593217,7.359614,7.479392,6.33
2021-11-07 16:30:00.000000,2021-11-07 21:19:59.999999,29,6.495487,7.3617363,7.479392,6.68
2021-11-07 16:30:00.000000,2021-11-07 21:30:00.000003,30,6.2108054,7.3636274,7.479392,6.11
2021-11-07 16:30:00.000000,2021-11-07 21:39:59.999998,31,5.8652654,7.3652983,7.479392,5.95
2021-11-07 16:30:00.000000,2021-11-07 21:50:00.000002,32,5.6032023,7.3667564,7.479392,5.49
2021-11-07 16:30:00.000000,2021-11-07 21:59:59.999997,33,5.51652,7.368019,7.479392,5.62
2021-11-07 16:30:00.000000,2021-11-07 22:10:00.000001,34,5.577802,7.3690996,7.479392,5.61
2021-11-07 16:30:00.000000,2021-11-07 22:19:59.999996,35,5.5765333,7.370016,7.479392,5.34
2021-11-07 16:30:00.000000,2021-11-07 22:30:00.000000,36,5.336431,7.3707876,7.479392,5.57
2021-11-07 16:40:00.000004,2021-11-07 16:49:59.999999,1,7.260604,7.542219,7.261114,7.31
2021-11-07 16:40:00.000004,2021-11-07 17:00:00.000003,2,7.4069843,7.472566,7.261114,7.49
2021-11-07 16:40:00.000004,2021-11-07 17:09:59.999998,3,7.5228076,7.410706,7.261114,7.38
2021-11-07 16:40:00.000004,2021-11-07 17:20:00.000002,4,7.537469,7.3507605,7.261114,7.54
2021-11-07 16:40:00.000004,2021-11-07 17:29:59.999997,5,7.4841185,7.3022327,7.261114,7.59
2021-11-07 16:40:00.000004,2021-11-07 17:40:00.000001,6,7.440976,7.2661967,7.261114,7.4
2021-11-07 16:40:00.000004,2021-11-07 17:49:59.999996,7,7.4231358,7.2407546,7.261114,7.47
2021-11-07 16:40:00.000004,2021-11-07 18:00:00.000000,8,7.3245983,7.2234597,7.261114,7.08
2021-11-07 16:40:00.000004,2021-11-07 18:10:00.000004,9,7.0661554,7.212138,7.261114,7.41
2021-11-07 16:40:00.000004,2021-11-07 18:19:59.999999,10,6.6464143,7.205078,7.261114,6.47
2021-11-07 16:40:00.000004,2021-11-07 18:30:00.000003,11,6.136529,7.201028,7.261114,6.12
2021-11-07 16:40:00.000004,2021-11-07 18:39:59.999998,12,5.8347855,7.199098,7.261114,5.87
2021-11-07 16:40:00.000004,2021-11-07 18:50:00.000002,13,5.957434,7.1986794,7.261114,5.99
2021-11-07 16:40:00.000004,2021-11-07 18:59:59.999997,14,6.0817213,7.1993585,7.261114,6.01
2021-11-07 16:40:00.000004,2021-11-07 19:10:00.000001,15,5.7209015,7.2008533,7.261114,5.78
2021-11-07 16:40:00.000004,2021-11-07 19:19:59.999996,16,5.2773952,7.2029634,7.261114,5.28
2021-11-07 16:40:00.000004,2021-11-07 19:30:00.000000,17,5.4346423,7.205535,7.261114,5.38
2021-11-07 16:40:00.000004,2021-11-07 19:40:00.000004,18,6.0429597,7.208453,7.261114,6.1
2021-11-07 16:40:00.000004,2021-11-07 19:49:59.999999,19,6.554064,7.211613,7.261114,6.45
2021-11-07 16:40:00.000004,2021-11-07 20:00:00.000003,20,6.9640574,7.2149253,7.261114,7.18
2021-11-07 16:40:00.000004,2021-11-07 20:09:59.999998,21,7.4404254,7.2183065,7.261114,7.25
2021-11-07 16:40:00.000004,2021-11-07 20:20:00.000002,22,7.6189475,7.221683,7.261114,7.58
2021-11-07 16:40:00.000004,2021-11-07 20:29:59.999997,23,7.1691,7.224994,7.261114,7.37
2021-11-07 16:40:00.000004,2021-11-07 20:40:00.000001,24,6.5342956,7.2281847,7.261114,6.43
2021-11-07 16:40:00.000004,2021-11-07 20:49:59.999996,25,6.319057,7.231214,7.261114,6.21
2021-11-07 16:40:00.000004,2021-11-07 21:00:00.000000,26,6.471457,7.234048,7.261114,6.72
2021-11-07 16:40:00.000004,2021-11-07 21:10:00.000004,27,6.593217,7.236666,7.261114,6.33
2021-11-07 16:40:00.000004,2021-11-07 21:19:59.999999,28,6.495487,7.239053,7.261114,6.68
2021-11-07 16:40:00.000004,2021-11-07 21:30:00.000003,29,6.2108054,7.241206,7.261114,6.11
2021-11-07 16:40:00.000004,2021-11-07 21:39:59.999998,30,5.8652654,7.2431254,7.261114,5.95
2021-11-07 16:40:00.000004,2021-11-07 21:50:00.000002,31,5.6032023,7.2448187,7.261114,5.49
2021-11-07 16:40:00.000004,2021-11-07 21:59:59.999997,32,5.51652,7.2462974,7.261114,5.62
2021-11-07 16:40:00.000004,2021-11-07 22:10:00.000001,33,5.577802,7.247575,7.261114,5.61
2021-11-07 16:40:00.000004,2021-11-07 22:19:59.999996,34,5.5765333,7.2486672,7.261114,5.34
2021-11-07 16:40:00.000004,2021-11-07 22:30:00.000000,35,5.336431,7.249594,7.261114,5.57
2021-11-07 16:40:00.000004,2021-11-07 22:40:00.000004,36,5.039627,7.2503724,7.261114,5.1
2021-11-07 16:49:59.999999,2021-11-07 17:00:00.000003,1,7.4069843,7.525769,7.260604,7.49
2021-11-07 16:49:59.999999,2021-11-07 17:09:59.999998,2,7.5228076,7.4497967,7.260604,7.38
2021-11-07 16:49:59.999999,2021-11-07 17:20:00.000002,3,7.537469,7.384731,7.260604,7.54
2021-11-07 16:49:59.999999,2021-11-07 17:29:59.999997,4,7.4841185,7.3239093,7.260604,7.59
2021-11-07 16:49:59.999999,2021-11-07 17:40:00.000001,5,7.440976,7.2760625,7.260604,7.4
2021-11-07 16:49:59.999999,2021-11-07 17:49:59.999996,6,7.4231358,7.2416854,7.260604,7.47
2021-11-07 16:49:59.999999,2021-11-07 18:00:00.000000,7,7.3245983,7.2184687,7.260604,7.08
2021-11-07 16:49:59.999999,2021-11-07 18:10:00.000004,8,7.0661554,7.2036653,7.260604,7.41
2021-11-07 16:49:59.999999,2021-11-07 18:19:59.999999,9,6.6464143,7.1948905,7.260604,6.47
2021-11-07 16:49:59.999999,2021-11-07 18:30:00.000003,10,6.136529,7.1903014,7.260604,6.12
2021-11-07 16:49:59.999999,2021-11-07 18:39:59.999998,11,5.8347855,7.1885595,7.260604,5.87
2021-11-07 16:49:59.999999,2021-11-07 18:50:00.000002,12,5.957434,7.1887317,7.260604,5.99
2021-11-07 16:49:59.999999,2021-11-07 18:59:59.999997,13,6.0817213,7.190184,7.260604,6.01
2021-11-07 16:49:59.999999,2021-11-07 19:10:00.000001,14,5.7209015,7.192501,7.260604,5.78
2021-11-07 16:49:59.999999,2021-11-07 19:19:59.999996,15,5.2773952,7.195409,7.260604,5.28
2021-11-07 16:49:59.999999,2021-11-07 19:30:00.000000,16,5.4346423,7.198717,7.260604,5.38
2021-11-07 16:49:59.999999,2021-11-07 19:40:00.000004,17,6.0429597,7.2023,7.260604,6.1
2021-11-07 16:49:59.999999,2021-11-07 19:49:59.999999,18,6.554064,7.2060537,7.260604,6.45
2021-11-07 16:49:59.999999,2021-11-07 20:00:00.000003,19,6.9640574,7.2099,7.260604,7.18
2021-11-07 16:49:59.999999,2021-11-07 20:09:59.999998,20,7.4404254,7.2137637,7.260604,7.25
2021-11-07 16:49:59.999999,2021-11-07 20:20:00.000002,21,7.6189475,7.2175856,7.260604,7.58
2021-11-07 16:49:59.999999,2021-11-07 20:29:59.999997,22,7.1691,7.22131,7.260604,7.37
2021-11-07 16:49:59.999999,2021-11-07 20:40:00.000001,23,6.5342956,7.224888,7.260604,6.43
2021-11-07 16:49:59.999999,2021-11-07 20:49:59.999996,24,6.319057,7.2282805,7.260604,6.21
2021-11-07 16:49:59.999999,2021-11-07 21:00:00.000000,25,6.471457,7.2314577,7.260604,6.72
2021-11-07 16:49:59.999999,2021-11-07 21:10:00.000004,26,6.593217,7.2343974,7.260604,6.33
2021-11-07 16:49:59.999999,2021-11-07 21:19:59.999999,27,6.495487,7.2370863,7.260604,6.68
2021-11-07 16:49:59.999999,2021-11-07 21:30:00.000003,28,6.2108054,7.2395196,7.260604,6.11
2021-11-07 16:49:59.999999,2021-11-07 21:39:59.999998,29,5.8652654,7.241696,7.260604,5.95
2021-11-07 16:49:59.999999,2021-11-07 21:50:00.000002,30,5.6032023,7.243623,7.260604,5.49
2021-11-07 16:49:59.999999,2021-11-07 21:59:59.999997,31,5.51652,7.2453146,7.260604,5.62
2021-11-07 16:49:59.999999,2021-11-07 22:10:00.000001,32,5.577802,7.2467837,7.260604,5.61
2021-11-07 16:49:59.999999,2021-11-07 22:19:59.999996,33,5.5765333,7.248046,7.260604,5.34
2021-11-07 16:49:59.999999,2021-11-07 22:30:00.000000,34,5.336431,7.2491207,7.260604,5.57
2021-11-07 16:49:59.999999,2021-11-07 22:40:00.000004,35,5.039627,7.2500257,7.260604,5.1
2021-11-07 16:49:59.999999,2021-11-07 22:49:59.999999,36,4.9726324,7.2507815,7.260604,4.7
2021-11-07 17:00:00.000003,2021-11-07 17:09:59.999998,1,7.5228076,7.5242376,7.4069843,7.38
2021-11-07 17:00:00.000003,2021-11-07 17:20:00.000002,2,7.537469,7.4528155,7.4069843,7.54
2021-11-07 17:00:00.000003,2021-11-07 17:29:59.999997,3,7.4841185,7.395327,7.4069843,7.59
2021-11-07 17:00:00.000003,2021-11-07 17:40:00.000001,4,7.440976,7.343703,7.4069843,7.4
2021-11-07 17:00:00.000003,2021-11-07 17:49:59.999996,5,7.4231358,7.3054686,7.4069843,7.47
2021-11-07 17:00:00.000003,2021-11-07 18:00:00.000000,6,7.3245983,7.2803764,7.4069843,7.08
2021-11-07 17:00:00.000003,2021-11-07 18:10:00.000004,7,7.0661554,7.2656765,7.4069843,7.41
2021-11-07 17:00:00.000003,2021-11-07 18:19:59.999999,8,6.6464143,7.2584023,7.4069843,6.47
2021-11-07 17:00:00.000003,2021-11-07 18:30:00.000003,9,6.136529,7.2560897,7.4069843,6.12
2021-11-07 17:00:00.000003,2021-11-07 18:39:59.999998,10,5.8347855,7.25691,7.4069843,5.87
2021-11-07 17:00:00.000003,2021-11-07 18:50:00.000002,11,5.957434,7.2595906,7.4069843,5.99
2021-11-07 17:00:00.000003,2021-11-07 18:59:59.999997,12,6.0817213,7.2632976,7.4069843,6.01
2021-11-07 17:00:00.000003,2021-11-07 19:10:00.000001,13,5.7209015,7.267513,7.4069843,5.78
2021-11-07 17:00:00.000003,2021-11-07 19:19:59.999996,14,5.2773952,7.2719336,7.4069843,5.28
2021-11-07 17:00:00.000003,2021-11-07 19:30:00.000000,15,5.4346423,7.2763977,7.4069843,5.38
2021-11-07 17:00:00.000003,2021-11-07 19:40:00.000004,16,6.0429597,7.280814,7.4069843,6.1
2021-11-07 17:00:00.000003,2021-11-07 19:49:59.999999,17,6.554064,7.2851467,7.4069843,6.45
2021-11-07 17:00:00.000003,2021-11-07 20:00:00.000003,18,6.9640574,7.289371,7.4069843,7.18
2021-11-07 17:00:00.000003,2021-11-07 20:09:59.999998,19,7.4404254,7.293469,7.4069843,7.25
2021-11-07 17:00:00.000003,2021-11-07 20:20:00.000002,20,7.6189475,7.2974253,7.4069843,7.58
2021-11-07 17:00:00.000003,2021-11-07 20:29:59.999997,21,7.1691,7.3012223,7.4069843,7.37
2021-11-07 17:00:00.000003,2021-11-07 20:40:00.000001,22,6.5342956,7.3048396,7.4069843,6.43
2021-11-07 17:00:00.000003,2021-11-07 20:49:59.999996,23,6.319057,7.308255,7.4069843,6.21
2021-11-07 17:00:00.000003,2021-11-07 21:00:00.000000,24,6.471457,7.311455,7.4069843,6.72
2021-11-07 17:00:00.000003,2021-11-07 21:10:00.000004,25,6.593217,7.3144217,7.4069843,6.33
2021-11-07 17:00:00.000003,2021-11-07 21:19:59.999999,26,6.495487,7.317147,7.4069843,6.68
2021-11-07 17:00:00.000003,2021-11-07 21:30:00.000003,27,6.2108054,7.319626,7.4069843,6.11
2021-11-07 17:00:00.000003,2021-11-07 21:39:59.999998,28,5.8652654,7.321859,7.4069843,5.95
2021-11-07 17:00:00.000003,2021-11-07 21:50:00.000002,29,5.6032023,7.323848,7.4069843,5.49
2021-11-07 17:00:00.000003,2021-11-07 21:59:59.999997,30,5.51652,7.325606,7.4069843,5.62
2021-11-07 17:00:00.000003,2021-11-07 22:10:00.000001,31,5.577802,7.3271437,7.4069843,5.61
2021-11-07 17:00:00.000003,2021-11-07 22:19:59.999996,32,5.5765333,7.3284755,7.4069843,5.34
2021-11-07 17:00:00.000003,2021-11-07 22:30:00.000000,33,5.336431,7.3296165,7.4069843,5.57
2021-11-07 17:00:00.000003,2021-11-07 22:40:00.000004,34,5.039627,7.330586,7.4069843,5.1
2021-11-07 17:00:00.000003,2021-11-07 22:49:59.999999,35,4.9726324,7.3314,7.4069843,4.7
2021-11-07 17:00:00.000003,2021-11-07 23:00:00.000003,36,5.060891,7.332079,7.4069843,5.21
2021-11-07 17:09:59.999998,2021-11-07 17:20:00.000002,1,7.537469,7.5178986,7.5228076,7.54
2021-11-07 17:09:59.999998,2021-11-07 17:29:59.999997,2,7.4841185,7.439296,7.5228076,7.59
2021-11-07 17:09:59.999998,2021-11-07 17:40:00.000001,3,7.440976,7.3830132,7.5228076,7.4
2021-11-07 17:09:59.999998,2021-11-07 17:49:59.999996,4,7.4231358,7.3377047,7.5228076,7.47
2021-11-07 17:09:59.999998,2021-11-07 18:00:00.000000,5,7.3245983,7.3083544,7.5228076,7.08
2021-11-07 17:09:59.999998,2021-11-07 18:10:00.000004,6,7.0661554,7.293032,7.5228076,7.41
2021-11-07 17:09:59.999998,2021-11-07 18:19:59.999999,7,6.6464143,7.287972,7.5228076,6.47
2021-11-07 17:09:59.999998,2021-11-07 18:30:00.000003,8,6.136529,7.2896185,7.5228076,6.12
2021-11-07 17:09:59.999998,2021-11-07 18:39:59.999998,9,5.8347855,7.295215,7.5228076,5.87
2021-11-07 17:09:59.999998,2021-11-07 18:50:00.000002,10,5.957434,7.3028193,7.5228076,5.99
2021-11-07 17:09:59.999998,2021-11-07 18:59:59.999997,11,6.0817213,7.311162,7.5228076,6.01
2021-11-07 17:09:59.999998,2021-11-07 19:10:00.000001,12,5.7209015,7.3194785,7.5228076,5.78
2021-11-07 17:09:59.999998,2021-11-07 19:19:59.999996,13,5.2773952,7.3273625,7.5228076,5.28
2021-11-07 17:09:59.999998,2021-11-07 19:30:00.000000,14,5.4346423,7.334632,7.5228076,5.38
2021-11-07 17:09:59.999998,2021-11-07 19:40:00.000004,15,6.0429597,7.341249,7.5228076,6.1
2021-11-07 17:09:59.999998,2021-11-07 19:49:59.999999,16,6.554064,7.34725,7.5228076,6.45
2021-11-07 17:09:59.999998,2021-11-07 20:00:00.000003,17,6.9640574,7.3527017,7.5228076,7.18
2021-11-07 17:09:59.999998,2021-11-07 20:09:59.999998,18,7.4404254,7.3576765,7.5228076,7.25
2021-11-07 17:09:59.999998,2021-11-07 20:20:00.000002,19,7.6189475,7.362241,7.5228076,7.58
2021-11-07 17:09:59.999998,2021-11-07 20:29:59.999997,20,7.1691,7.366447,7.5228076,7.37
2021-11-07 17:09:59.999998,2021-11-07 20:40:00.000001,21,6.5342956,7.3703327,7.5228076,6.43
2021-11-07 17:09:59.999998,2021-11-07 20:49:59.999996,22,6.319057,7.373923,7.5228076,6.21
2021-11-07 17:09:59.999998,2021-11-07 21:00:00.000000,23,6.471457,7.3772335,7.5228076,6.72
2021-11-07 17:09:59.999998,2021-11-07 21:10:00.000004,24,6.593217,7.3802752,7.5228076,6.33
2021-11-07 17:09:59.999998,2021-11-07 21:19:59.999999,25,6.495487,7.383054,7.5228076,6.68
2021-11-07 17:09:59.999998,2021-11-07 21:30:00.000003,26,6.2108054,7.3855762,7.5228076,6.11
2021-11-07 17:09:59.999998,2021-11-07 21:39:59.999998,27,5.8652654,7.387849,7.5228076,5.95
2021-11-07 17:09:59.999998,2021-11-07 21:50:00.000002,28,5.6032023,7.389879,7.5228076,5.49
2021-11-07 17:09:59.999998,2021-11-07 21:59:59.999997,29,5.51652,7.391678,7.5228076,5.62
2021-11-07 17:09:59.999998,2021-11-07 22:10:00.000001,30,5.577802,7.393257,7.5228076,5.61
2021-11-07 17:09:59.999998,2021-11-07 22:19:59.999996,31,5.5765333,7.394632,7.5228076,5.34
2021-11-07 17:09:59.999998,2021-11-07 22:30:00.000000,32,5.336431,7.3958154,7.5228076,5.57
2021-11-07 17:09:59.999998,2021-11-07 22:40:00.000004,33,5.039627,7.3968263,7.5228076,5.1
2021-11-07 17:09:59.999998,2021-11-07 22:49:59.999999,34,4.9726324,7.39768,7.5228076,4.7
2021-11-07 17:09:59.999998,2021-11-07 23:00:00.000003,35,5.060891,7.3983946,7.5228076,5.21
2021-11-07 17:09:59.999998,2021-11-07 23:09:59.999998,36,5.0804315,7.398987,7.5228076,5.12
2021-11-07 17:20:00.000002,2021-11-07 17:29:59.999997,1,7.4841185,7.5223856,7.537469,7.59
2021-11-07 17:20:00.000002,2021-11-07 17:40:00.000001,2,7.440976,7.4460855,7.537469,7.4
2021-11-07 17:20:00.000002,2021-11-07 17:49:59.999996,3,7.4231358,7.392079,7.537469,7.47
2021-11-07 17:20:00.000002,2021-11-07 18:00:00.000000,4,7.3245983,7.3484416,7.537469,7.08
2021-11-07 17:20:00.000002,2021-11-07 18:10:00.000004,5,7.0661554,7.320136,7.537469,7.41
2021-11-07 17:20:00.000002,2021-11-07 18:19:59.999999,6,6.6464143,7.30537,7.537469,6.47
2021-11-07 17:20:00.000002,2021-11-07 18:30:00.000003,7,6.136529,7.3005424,7.537469,6.12
2021-11-07 17:20:00.000002,2021-11-07 18:39:59.999998,8,5.8347855,7.3022323,7.537469,5.87
2021-11-07 17:20:00.000002,2021-11-07 18:50:00.000002,9,5.957434,7.3077807,7.537469,5.99
2021-11-07 17:20:00.000002,2021-11-07 18:59:59.999997,10,6.0817213,7.31531,7.537469,6.01
2021-11-07 17:20:00.000002,2021-11-07 19:10:00.000001,11,5.7209015,7.323583,7.537469,5.78
2021-11-07 17:20:00.000002,2021-11-07 19:19:59.999996,12,5.2773952,7.3318563,7.537469,5.28
2021-11-07 17:20:00.000002,2021-11-07 19:30:00.000000,13,5.4346423,7.3397245,7.537469,5.38
2021-11-07 17:20:00.000002,2021-11-07 19:40:00.000004,14,6.0429597,7.3470078,7.537469,6.1
2021-11-07 17:20:00.000002,2021-11-07 19:49:59.999999,15,6.554064,7.3536587,7.537469,6.45
2021-11-07 17:20:00.000002,2021-11-07 20:00:00.000003,16,6.9640574,7.3597126,7.537469,7.18
2021-11-07 17:20:00.000002,2021-11-07 20:09:59.999998,17,7.4404254,7.365227,7.537469,7.25
2021-11-07 17:20:00.000002,2021-11-07 20:20:00.000002,18,7.6189475,7.3702726,7.537469,7.58
2021-11-07 17:20:00.000002,2021-11-07 20:29:59.999997,19,7.1691,7.374909,7.537469,7.37
2021-11-07 17:20:00.000002,2021-11-07 20:40:00.000001,20,6.5342956,7.3791857,7.537469,6.43
2021-11-07 17:20:00.000002,2021-11-07 20:49:59.999996,21,6.319057,7.383137,7.537469,6.21
2021-11-07 17:20:00.000002,2021-11-07 21:00:00.000000,22,6.471457,7.386787,7.537469,6.72
2021-11-07 17:20:00.000002,2021-11-07 21:10:00.000004,23,6.593217,7.390152,7.537469,6.33
2021-11-07 17:20:00.000002,2021-11-07 21:19:59.999999,24,6.495487,7.393243,7.537469,6.68
2021-11-07 17:20:00.000002,2021-11-07 21:30:00.000003,25,6.2108054,7.3960633,7.537469,6.11
2021-11-07 17:20:00.000002,2021-11-07 21:39:59.999998,26,5.8652654,7.3986244,7.537469,5.95
2021-11-07 17:20:00.000002,2021-11-07 21:50:00.000002,27,5.6032023,7.400928,7.537469,5.49
2021-11-07 17:20:00.000002,2021-11-07 21:59:59.999997,28,5.51652,7.4029865,7.537469,5.62
2021-11-07 17:20:00.000002,2021-11-07 22:10:00.000001,29,5.577802,7.4048104,7.537469,5.61
2021-11-07 17:20:00.000002,2021-11-07 22:19:59.999996,30,5.5765333,7.40641,7.537469,5.34
2021-11-07 17:20:00.000002,2021-11-07 22:30:00.000000,31,5.336431,7.4078035,7.537469,5.57
2021-11-07 17:20:00.000002,2021-11-07 22:40:00.000004,32,5.039627,7.4090037,7.537469,5.1
2021-11-07 17:20:00.000002,2021-11-07 22:49:59.999999,33,4.9726324,7.410028,7.537469,4.7
2021-11-07 17:20:00.000002,2021-11-07 23:00:00.000003,34,5.060891,7.410895,7.537469,5.21
2021-11-07 17:20:00.000002,2021-11-07 23:09:59.999998,35,5.0804315,7.4116197,7.537469,5.12
2021-11-07 17:20:00.000002,2021-11-07 23:20:00.000002,36,5.0732093,7.4122224,7.537469,5.02
2021-11-07 17:29:59.999997,2021-11-07 17:40:00.000001,1,7.440976,7.5176177,7.4841185,7.4
2021-11-07 17:29:59.999997,2021-11-07 17:49:59.999996,2,7.4231358,7.4483867,7.4841185,7.47
2021-11-07 17:29:59.999997,2021-11-07 18:00:00.000000,3,7.3245983,7.397771,7.4841185,7.08
2021-11-07 17:29:59.999997,2021-11-07 18:10:00.000004,4,7.0661554,7.354408,7.4841185,7.41
2021-11-07 17:29:59.999997,2021-11-07 18:19:59.999999,5,6.6464143,7.3243055,7.4841185,6.47
2021-11-07 17:29:59.999997,2021-11-07 18:30:00.000003,6,6.136529,7.3065324,7.4841185,6.12
2021-11-07 17:29:59.999997,2021-11-07 18:39:59.999998,7,5.8347855,7.298125,7.4841185,5.87
2021-11-07 17:29:59.999997,2021-11-07 18:50:00.000002,8,5.957434,7.296106,7.4841185,5.99
2021-11-07 17:29:59.999997,2021-11-07 18:59:59.999997,9,6.0817213,7.2980943,7.4841185,6.01
2021-11-07 17:29:59.999997,2021-11-07 19:10:00.000001,10,5.7209015,7.3023734,7.4841185,5.78
2021-11-07 17:29:59.999997,2021-11-07 19:19:59.999996,11,5.2773952,7.307789,7.4841185,5.28
2021-11-07 17:29:59.999997,2021-11-07 19:30:00.000000,12,5.4346423,7.313623,7.4841185,5.38
2021-11-07 17:29:59.999997,2021-11-07 19:40:00.000004,13,6.0429597,7.319458,7.4841185,6.1
2021-11-07 17:29:59.999997,2021-11-07 19:49:59.999999,14,6.554064,7.3250866,7.4841185,6.45
2021-11-07 17:29:59.999997,2021-11-07 20:00:00.000003,15,6.9640574,7.33042,7.4841185,7.18
2021-11-07 17:29:59.999997,2021-11-07 20:09:59.999998,16,7.4404254,7.335441,7.4841185,7.25
2021-11-07 17:29:59.999997,2021-11-07 20:20:00.000002,17,7.6189475,7.3401675,7.4841185,7.58
2021-11-07 17:29:59.999997,2021-11-07 20:29:59.999997,18,7.1691,7.344624,7.4841185,7.37
2021-11-07 17:29:59.999997,2021-11-07 20:40:00.000001,19,6.5342956,7.3488317,7.4841185,6.43
2021-11-07 17:29:59.999997,2021-11-07 20:49:59.999996,20,6.319057,7.3528047,7.4841185,6.21
2021-11-07 17:29:59.999997,2021-11-07 21:00:00.000000,21,6.471457,7.356556,7.4841185,6.72
2021-11-07 17:29:59.999997,2021-11-07 21:10:00.000004,22,6.593217,7.360082,7.4841185,6.33
2021-11-07 17:29:59.999997,2021-11-07 21:19:59.999999,23,6.495487,7.3633795,7.4841185,6.68
2021-11-07 17:29:59.999997,2021-11-07 21:30:00.000003,24,6.2108054,7.366442,7.4841185,6.11
2021-11-07 17:29:59.999997,2021-11-07 21:39:59.999998,25,5.8652654,7.369268,7.4841185,5.95
2021-11-07 17:29:59.999997,2021-11-07 21:50:00.000002,26,5.6032023,7.3718514,7.4841185,5.49
2021-11-07 17:29:59.999997,2021-11-07 21:59:59.999997,27,5.51652,7.374195,7.4841185,5.62
2021-11-07 17:29:59.999997,2021-11-07 22:10:00.000001,28,5.577802,7.3763,7.4841185,5.61
2021-11-07 17:29:59.999997,2021-11-07 22:19:59.999996,29,5.5765333,7.3781724,7.4841185,5.34
2021-11-07 17:29:59.999997,2021-11-07 22:30:00.000000,30,5.336431,7.379823,7.4841185,5.57
2021-11-07 17:29:59.999997,2021-11-07 22:40:00.000004,31,5.039627,7.3812666,7.4841185,5.1
2021-11-07 17:29:59.999997,2021-11-07 22:49:59.999999,32,4.9726324,7.382516,7.4841185,4.7
2021-11-07 17:29:59.999997,2021-11-07 23:00:00.000003,33,5.060891,7.3835845,7.4841185,5.21
2021-11-07 17:29:59.999997,2021-11-07 23:09:59.999998,34,5.0804315,7.3844934,7.4841185,5.12
2021-11-07 17:29:59.999997,2021-11-07 23:20:00.000002,35,5.0732093,7.385256,7.4841185,5.02
2021-11-07 17:29:59.999997,2021-11-07 23:29:59.999997,36,5.1396723,7.3858924,7.4841185,5.21
2021-11-07 17:40:00.000001,2021-11-07 17:49:59.999996,1,7.4231358,7.519821,7.440976,7.47
2021-11-07 17:40:00.000001,2021-11-07 18:00:00.000000,2,7.3245983,7.453053,7.440976,7.08
2021-11-07 17:40:00.000001,2021-11-07 18:10:00.000004,3,7.0661554,7.4030647,7.440976,7.41
2021-11-07 17:40:00.000001,2021-11-07 18:19:59.999999,4,6.6464143,7.358733,7.440976,6.47
2021-11-07 17:40:00.000001,2021-11-07 18:30:00.000003,5,6.136529,7.326662,7.440976,6.12
2021-11-07 17:40:00.000001,2021-11-07 18:39:59.999998,6,5.8347855,7.306369,7.440976,5.87
2021-11-07 17:40:00.000001,2021-11-07 18:50:00.000002,7,5.957434,7.295202,7.440976,5.99
2021-11-07 17:40:00.000001,2021-11-07 18:59:59.999997,8,6.0817213,7.290404,7.440976,6.01
2021-11-07 17:40:00.000001,2021-11-07 19:10:00.000001,9,5.7209015,7.2897363,7.440976,5.78
2021-11-07 17:40:00.000001,2021-11-07 19:19:59.999996,10,5.2773952,7.291572,7.440976,5.28
2021-11-07 17:40:00.000001,2021-11-07 19:30:00.000000,11,5.4346423,7.294807,7.440976,5.38
2021-11-07 17:40:00.000001,2021-11-07 19:40:00.000004,12,6.0429597,7.2987385,7.440976,6.1
2021-11-07 17:40:00.000001,2021-11-07 19:49:59.999999,13,6.554064,7.302949,7.440976,6.45
2021-11-07 17:40:00.000001,2021-11-07 20:00:00.000003,14,6.9640574,7.307212,7.440976,7.18
2021-11-07 17:40:00.000001,2021-11-07 20:09:59.999998,15,7.4404254,7.3114166,7.440976,7.25
2021-11-07 17:40:00.000001,2021-11-07 20:20:00.000002,16,7.6189475,7.315518,7.440976,7.58
2021-11-07 17:40:00.000001,2021-11-07 20:29:59.999997,17,7.1691,7.3195,7.440976,7.37
2021-11-07 17:40:00.000001,2021-11-07 20:40:00.000001,18,6.5342956,7.3233666,7.440976,6.43
2021-11-07 17:40:00.000001,2021-11-07 20:49:59.999996,19,6.319057,7.327109,7.440976,6.21
2021-11-07 17:40:00.000001,2021-11-07 21:00:00.000000,20,6.471457,7.3307214,7.440976,6.72
2021-11-07 17:40:00.000001,2021-11-07 21:10:00.000004,21,6.593217,7.334193,7.440976,6.33
2021-11-07 17:40:00.000001,2021-11-07 21:19:59.999999,22,6.495487,7.337508,7.440976,6.68
2021-11-07 17:40:00.000001,2021-11-07 21:30:00.000003,23,6.2108054,7.3406467,7.440976,6.11
2021-11-07 17:40:00.000001,2021-11-07 21:39:59.999998,24,5.8652654,7.343594,7.440976,5.95
2021-11-07 17:40:00.000001,2021-11-07 21:50:00.000002,25,5.6032023,7.346335,7.440976,5.49
2021-11-07 17:40:00.000001,2021-11-07 21:59:59.999997,26,5.51652,7.348861,7.440976,5.62
2021-11-07 17:40:00.000001,2021-11-07 22:10:00.000001,27,5.577802,7.351164,7.440976,5.61
2021-11-07 17:40:00.000001,2021-11-07 22:19:59.999996,28,5.5765333,7.3532424,7.440976,5.34
2021-11-07 17:40:00.000001,2021-11-07 22:30:00.000000,29,5.336431,7.3551006,7.440976,5.57
2021-11-07 17:40:00.000001,2021-11-07 22:40:00.000004,30,5.039627,7.356745,7.440976,5.1
2021-11-07 17:40:00.000001,2021-11-07 22:49:59.999999,31,4.9726324,7.358186,7.440976,4.7
2021-11-07 17:40:00.000001,2021-11-07 23:00:00.000003,32,5.060891,7.3594365,7.440976,5.21
2021-11-07 17:40:00.000001,2021-11-07 23:09:59.999998,33,5.0804315,7.3605123,7.440976,5.12
2021-11-07 17:40:00.000001,2021-11-07 23:20:00.000002,34,5.0732093,7.3614273,7.440976,5.02
2021-11-07 17:40:00.000001,2021-11-07 23:29:59.999997,35,5.1396723,7.362198,7.440976,5.21
2021-11-07 17:40:00.000001,2021-11-07 23:40:00.000001,36,5.149259,7.362842,7.440976,4.95
2021-11-07 17:49:59.999996,2021-11-07 18:00:00.000000,1,7.3245983,7.5168934,7.4231358,7.08
2021-11-07 17:49:59.999996,2021-11-07 18:10:00.000004,2,7.0661554,7.44755,7.4231358,7.41
2021-11-07 17:49:59.999996,2021-11-07 18:19:59.999999,3,6.6464143,7.3964796,7.4231358,6.47
2021-11-07 17:49:59.999996,2021-11-07 18:30:00.000003,4,6.136529,7.3522825,7.4231358,6.12
2021-11-07 17:49:59.999996,2021-11-07 18:39:59.999998,5,5.8347855,7.3209243,7.4231358,5.87
2021-11-07 17:49:59.999996,2021-11-07 18:50:00.000002,6,5.957434,7.3014975,7.4231358,5.99
2021-11-07 17:49:59.999996,2021-11-07 18:59:59.999997,7,6.0817213,7.291111,7.4231358,6.01
2021-11-07 17:49:59.999996,2021-11-07 19:10:00.000001,8,5.7209015,7.286891,7.4231358,5.78
2021-11-07 17:49:59.999996,2021-11-07 19:19:59.999996,9,5.2773952,7.286561,7.4231358,5.28
2021-11-07 17:49:59.999996,2021-11-07 19:30:00.000000,10,5.4346423,7.2884994,7.4231358,5.38
2021-11-07 17:49:59.999996,2021-11-07 19:40:00.000004,11,6.0429597,7.291635,7.4231358,6.1
2021-11-07 17:49:59.999996,2021-11-07 19:49:59.999999,12,6.554064,7.295302,7.4231358,6.45
2021-11-07 17:49:59.999996,2021-11-07 20:00:00.000003,13,6.9640574,7.299127,7.4231358,7.18
2021-11-07 17:49:59.999996,2021-11-07 20:09:59.999998,14,7.4404254,7.302921,7.4231358,7.25
2021-11-07 17:49:59.999996,2021-11-07 20:20:00.000002,15,7.6189475,7.3066053,7.4231358,7.58
2021-11-07 17:49:59.999996,2021-11-07 20:29:59.999997,16,7.1691,7.3101673,7.4231358,7.37
2021-11-07 17:49:59.999996,2021-11-07 20:40:00.000001,17,6.5342956,7.3136125,7.4231358,6.43
2021-11-07 17:49:59.999996,2021-11-07 20:49:59.999996,18,6.319057,7.316955,7.4231358,6.21
2021-11-07 17:49:59.999996,2021-11-07 21:00:00.000000,19,6.471457,7.3202043,7.4231358,6.72
2021-11-07 17:49:59.999996,2021-11-07 21:10:00.000004,20,6.593217,7.323361,7.4231358,6.33
2021-11-07 17:49:59.999996,2021-11-07 21:19:59.999999,21,6.495487,7.326416,7.4231358,6.68
2021-11-07 17:49:59.999996,2021-11-07 21:30:00.000003,22,6.2108054,7.3293552,7.4231358,6.11
2021-11-07 17:49:59.999996,2021-11-07 21:39:59.999998,23,5.8652654,7.3321614,7.4231358,5.95
2021-11-07 17:49:59.999996,2021-11-07 21:50:00.000002,24,5.6032023,7.334816,7.4231358,5.49
2021-11-07 17:49:59.999996,2021-11-07 21:59:59.999997,25,5.51652,7.337302,7.4231358,5.62
2021-11-07 17:49:59.999996,2021-11-07 22:10:00.000001,26,5.577802,7.3396072,7.4231358,5.61
2021-11-07 17:49:59.999996,2021-11-07 22:19:59.999996,27,5.5765333,7.3417215,7.4231358,5.34
2021-11-07 17:49:59.999996,2021-11-07 22:30:00.000000,28,5.336431,7.34364,7.4231358,5.57
2021-11-07 17:49:59.999996,2021-11-07 22:40:00.000004,29,5.039627,7.345362,7.4231358,5.1
2021-11-07 17:49:59.999996,2021-11-07 22:49:59.999999,30,4.9726324,7.346894,7.4231358,4.7
2021-11-07 17:49:59.999996,2021-11-07 23:00:00.000003,31,5.060891,7.348242,7.4231358,5.21
2021-11-07 17:49:59.999996,2021-11-07 23:09:59.999998,32,5.0804315,7.3494134,7.4231358,5.12
2021-11-07 17:49:59.999996,2021-11-07 23:20:00.000002,33,5.0732093,7.3504252,7.4231358,5.02
2021-11-07 17:49:59.999996,2021-11-07 23:29:59.999997,34,5.1396723,7.351289,7.4231358,5.21
2021-11-07 17:49:59.999996,2021-11-07 23:40:00.000001,35,5.149259,7.352018,7.4231358,4.95
2021-11-07 17:49:59.999996,2021-11-07 23:49:59.999996,36,4.986843,7.3526273,7.4231358,5.18
2021-11-07 18:00:00.000000,2021-11-07 18:10:00.000004,1,7.0661554,7.5071683,7.3245983,7.41
2021-11-07 18:00:00.000000,2021-11-07 18:19:59.999999,2,6.6464143,7.416945,7.3245983,6.47
2021-11-07 18:00:00.000000,2021-11-07 18:30:00.000003,3,6.136529,7.3524384,7.3245983,6.12
2021-11-07 18:00:00.000000,2021-11-07 18:39:59.999998,4,5.8347855,7.300407,7.3245983,5.87
2021-11-07 18:00:00.000000,2021-11-07 18:50:00.000002,5,5.957434,7.264971,7.3245983,5.99
2021-11-07 18:00:00.000000,2021-11-07 18:59:59.999997,6,6.0817213,7.2438226,7.3245983,6.01
2021-11-07 18:00:00.000000,2021-11-07 19:10:00.000001,7,5.7209015,7.233099,7.3245983,5.78
2021-11-07 18:00:00.000000,2021-11-07 19:19:59.999996,8,5.2773952,7.2292814,7.3245983,5.28
2021-11-07 18:00:00.000000,2021-11-07 19:30:00.000000,9,5.4346423,7.2296877,7.3245983,5.38
2021-11-07 18:00:00.000000,2021-11-07 19:40:00.000004,10,6.0429597,7.232448,7.3245983,6.1
2021-11-07 18:00:00.000000,2021-11-07 19:49:59.999999,11,6.554064,7.2363515,7.3245983,6.45
2021-11-07 18:00:00.000000,2021-11-07 20:00:00.000003,12,6.9640574,7.2406645,7.3245983,7.18
2021-11-07 18:00:00.000000,2021-11-07 20:09:59.999998,13,7.4404254,7.244987,7.3245983,7.25
2021-11-07 18:00:00.000000,2021-11-07 20:20:00.000002,14,7.6189475,7.24913,7.3245983,7.58
2021-11-07 18:00:00.000000,2021-11-07 20:29:59.999997,15,7.1691,7.2530293,7.3245983,7.37
2021-11-07 18:00:00.000000,2021-11-07 20:40:00.000001,16,6.5342956,7.2566924,7.3245983,6.43
2021-11-07 18:00:00.000000,2021-11-07 20:49:59.999996,17,6.319057,7.260149,7.3245983,6.21
2021-11-07 18:00:00.000000,2021-11-07 21:00:00.000000,18,6.471457,7.2634335,7.3245983,6.72
2021-11-07 18:00:00.000000,2021-11-07 21:10:00.000004,19,6.593217,7.266574,7.3245983,6.33
2021-11-07 18:00:00.000000,2021-11-07 21:19:59.999999,20,6.495487,7.2695894,7.3245983,6.68
2021-11-07 18:00:00.000000,2021-11-07 21:30:00.000003,21,6.2108054,7.2724833,7.3245983,6.11
2021-11-07 18:00:00.000000,2021-11-07 21:39:59.999998,22,5.8652654,7.275252,7.3245983,5.95
2021-11-07 18:00:00.000000,2021-11-07 21:50:00.000002,23,5.6032023,7.277888,7.3245983,5.49
2021-11-07 18:00:00.000000,2021-11-07 21:59:59.999997,24,5.51652,7.280374,7.3245983,5.62
2021-11-07 18:00:00.000000,2021-11-07 22:10:00.000001,25,5.577802,7.2827024,7.3245983,5.61
2021-11-07 18:00:00.000000,2021-11-07 22:19:59.999996,26,5.5765333,7.28486,7.3245983,5.34
2021-11-07 18:00:00.000000,2021-11-07 22:30:00.000000,27,5.336431,7.2868376,7.3245983,5.57
2021-11-07 18:00:00.000000,2021-11-07 22:40:00.000004,28,5.039627,7.2886343,7.3245983,5.1
2021-11-07 18:00:00.000000,2021-11-07 22:49:59.999999,29,4.9726324,7.2902484,7.3245983,4.7
2021-11-07 18:00:00.000000,2021-11-07 23:00:00.000003,30,5.060891,7.291681,7.3245983,5.21
2021-11-07 18:00:00.000000,2021-11-07 23:09:59.999998,31,5.0804315,7.2929416,7.3245983,5.12
2021-11-07 18:00:00.000000,2021-11-07 23:20:00.000002,32,5.0732093,7.2940397,7.3245983,5.02
2021-11-07 18:00:00.000000,2021-11-07 23:29:59.999997,33,5.1396723,7.2949853,7.3245983,5.21
2021-11-07 18:00:00.000000,2021-11-07 23:40:00.000001,34,5.149259,7.295793,7.3245983,4.95
2021-11-07 18:00:00.000000,2021-11-07 23:49:59.999996,35,4.986843,7.296472,7.3245983,5.18
2021-11-07 18:00:00.000000,2021-11-08 00:00:00.000000,36,4.751768,7.2970395,7.3245983,4.78
2021-11-07 18:10:00.000004,2021-11-07 18:19:59.999999,1,6.6464143,7.5268383,7.0661554,6.47
2021-11-07 18:10:00.000004,2021-11-07 18:30:00.000003,2,6.136529,7.413927,7.0661554,6.12
2021-11-07 18:10:00.000004,2021-11-07 18:39:59.999998,3,5.8347855,7.330208,7.0661554,5.87
2021-11-07 18:10:00.000004,2021-11-07 18:50:00.000002,4,5.957434,7.2614675,7.0661554,5.99
2021-11-07 18:10:00.000004,2021-11-07 18:59:59.999997,5,6.0817213,7.2113643,7.0661554,6.01
2021-11-07 18:10:00.000004,2021-11-07 19:10:00.000001,6,5.7209015,7.177284,7.0661554,5.78
2021-11-07 18:10:00.000004,2021-11-07 19:19:59.999996,7,5.2773952,7.155169,7.0661554,5.28
2021-11-07 18:10:00.000004,2021-11-07 19:30:00.000000,8,5.4346423,7.1413493,7.0661554,5.38
2021-11-07 18:10:00.000004,2021-11-07 19:40:00.000004,9,6.0429597,7.1330175,7.0661554,6.1
2021-11-07 18:10:00.000004,2021-11-07 19:49:59.999999,10,6.554064,7.1281896,7.0661554,6.45
2021-11-07 18:10:00.000004,2021-11-07 20:00:00.000003,11,6.9640574,7.1255455,7.0661554,7.18
2021-11-07 18:10:00.000004,2021-11-07 20:09:59.999998,12,7.4404254,7.124247,7.0661554,7.25
2021-11-07 18:10:00.000004,2021-11-07 20:20:00.000002,13,7.6189475,7.1237903,7.0661554,7.58
2021-11-07 18:10:00.000004,2021-11-07 20:29:59.999997,14,7.1691,7.123895,7.0661554,7.37
2021-11-07 18:10:00.000004,2021-11-07 20:40:00.000001,15,6.5342956,7.1244044,7.0661554,6.43
2021-11-07 18:10:00.000004,2021-11-07 20:49:59.999996,16,6.319057,7.125241,7.0661554,6.21
2021-11-07 18:10:00.000004,2021-11-07 21:00:00.000000,17,6.471457,7.1263595,7.0661554,6.72
2021-11-07 18:10:00.000004,2021-11-07 21:10:00.000004,18,6.593217,7.1277256,7.0661554,6.33
2021-11-07 18:10:00.000004,2021-11-07 21:19:59.999999,19,6.495487,7.1293073,7.0661554,6.68
2021-11-07 18:10:00.000004,2021-11-07 21:30:00.000003,20,6.2108054,7.131065,7.0661554,6.11
2021-11-07 18:10:00.000004,2021-11-07 21:39:59.999998,21,5.8652654,7.132955,7.0661554,5.95
2021-11-07 18:10:00.000004,2021-11-07 21:50:00.000002,22,5.6032023,7.1349335,7.0661554,5.49
2021-11-07 18:10:00.000004,2021-11-07 21:59:59.999997,23,5.51652,7.13695,7.0661554,5.62
2021-11-07 18:10:00.000004,2021-11-07 22:10:00.000001,24,5.577802,7.138965,7.0661554,5.61
2021-11-07 18:10:00.000004,2021-11-07 22:19:59.999996,25,5.5765333,7.1409354,7.0661554,5.34
2021-11-07 18:10:00.000004,2021-11-07 22:30:00.000000,26,5.336431,7.1428285,7.0661554,5.57
2021-11-07 18:10:00.000004,2021-11-07 22:40:00.000004,27,5.039627,7.1446195,7.0661554,5.1
2021-11-07 18:10:00.000004,2021-11-07 22:49:59.999999,28,4.9726324,7.146284,7.0661554,4.7
2021-11-07 18:10:00.000004,2021-11-07 23:00:00.000003,29,5.060891,7.147813,7.0661554,5.21
2021-11-07 18:10:00.000004,2021-11-07 23:09:59.999998,30,5.0804315,7.1491966,7.0661554,5.12
2021-11-07 18:10:00.000004,2021-11-07 23:20:00.000002,31,5.0732093,7.150435,7.0661554,5.02
2021-11-07 18:10:00.000004,2021-11-07 23:29:59.999997,32,5.1396723,7.151529,7.0661554,5.21
2021-11-07 18:10:00.000004,2021-11-07 23:40:00.000001,33,5.149259,7.1524835,7.0661554,4.95
2021-11-07 18:10:00.000004,2021-11-07 23:49:59.999996,34,4.986843,7.153311,7.0661554,5.18
2021-11-07 18:10:00.000004,2021-11-08 00:00:00.000000,35,4.751768,7.1540165,7.0661554,4.78
2021-11-07 18:10:00.000004,2021-11-08 00:10:00.000004,36,4.598986,7.1546135,7.0661554,4.48
2021-11-07 18:19:59.999999,2021-11-07 18:30:00.000003,1,6.136529,7.5065637,6.6464143,6.12
2021-11-07 18:19:59.999999,2021-11-07 18:39:59.999998,2,5.8347855,7.3518076,6.6464143,5.87
2021-11-07 18:19:59.999999,2021-11-07 18:50:00.000002,3,5.957434,7.232886,6.6464143,5.99
2021-11-07 18:19:59.999999,2021-11-07 18:59:59.999997,4,6.0817213,7.1350827,6.6464143,6.01
2021-11-07 18:19:59.999999,2021-11-07 19:10:00.000001,5,5.7209015,7.061282,6.6464143,5.78
2021-11-07 18:19:59.999999,2021-11-07 19:19:59.999996,6,5.2773952,7.0080743,6.6464143,5.28
2021-11-07 18:19:59.999999,2021-11-07 19:30:00.000000,7,5.4346423,6.9706664,6.6464143,5.38
2021-11-07 18:19:59.999999,2021-11-07 19:40:00.000004,8,6.0429597,6.944747,6.6464143,6.1
2021-11-07 18:19:59.999999,2021-11-07 19:49:59.999999,9,6.554064,6.9269466,6.6464143,6.45
2021-11-07 18:19:59.999999,2021-11-07 20:00:00.000003,10,6.9640574,6.914812,6.6464143,7.18
2021-11-07 18:19:59.999999,2021-11-07 20:09:59.999998,11,7.4404254,6.9066133,6.6464143,7.25
2021-11-07 18:19:59.999999,2021-11-07 20:20:00.000002,12,7.6189475,6.901171,6.6464143,7.58
2021-11-07 18:19:59.999999,2021-11-07 20:29:59.999997,13,7.1691,6.897696,6.6464143,7.37
2021-11-07 18:19:59.999999,2021-11-07 20:40:00.000001,14,6.5342956,6.8956633,6.6464143,6.43
2021-11-07 18:19:59.999999,2021-11-07 20:49:59.999996,15,6.319057,6.894722,6.6464143,6.21
2021-11-07 18:19:59.999999,2021-11-07 21:00:00.000000,16,6.471457,6.8946285,6.6464143,6.72
2021-11-07 18:19:59.999999,2021-11-07 21:10:00.000004,17,6.593217,6.8952084,6.6464143,6.33
2021-11-07 18:19:59.999999,2021-11-07 21:19:59.999999,18,6.495487,6.896322,6.6464143,6.68
2021-11-07 18:19:59.999999,2021-11-07 21:30:00.000003,19,6.2108054,6.8978534,6.6464143,6.11
2021-11-07 18:19:59.999999,2021-11-07 21:39:59.999998,20,5.8652654,6.899699,6.6464143,5.95
2021-11-07 18:19:59.999999,2021-11-07 21:50:00.000002,21,5.6032023,6.9017663,6.6464143,5.49
2021-11-07 18:19:59.999999,2021-11-07 21:59:59.999997,22,5.51652,6.9039736,6.6464143,5.62
2021-11-07 18:19:59.999999,2021-11-07 22:10:00.000001,23,5.577802,6.906248,6.6464143,5.61
2021-11-07 18:19:59.999999,2021-11-07 22:19:59.999996,24,5.5765333,6.9085236,6.6464143,5.34
2021-11-07 18:19:59.999999,2021-11-07 22:30:00.000000,25,5.336431,6.910751,6.6464143,5.57
2021-11-07 18:19:59.999999,2021-11-07 22:40:00.000004,26,5.039627,6.912885,6.6464143,5.1
2021-11-07 18:19:59.999999,2021-11-07 22:49:59.999999,27,4.9726324,6.9148965,6.6464143,4.7
2021-11-07 18:19:59.999999,2021-11-07 23:00:00.000003,28,5.060891,6.9167614,6.6464143,5.21
2021-11-07 18:19:59.999999,2021-11-07 23:09:59.999998,29,5.0804315,6.9184637,6.6464143,5.12
2021-11-07 18:19:59.999999,2021-11-07 23:20:00.000002,30,5.0732093,6.9200015,6.6464143,5.02
2021-11-07 18:19:59.999999,2021-11-07 23:29:59.999997,31,5.1396723,6.921369,6.6464143,5.21
2021-11-07 18:19:59.999999,2021-11-07 23:40:00.000001,32,5.149259,6.922572,6.6464143,4.95
2021-11-07 18:19:59.999999,2021-11-07 23:49:59.999996,33,4.986843,6.9236207,6.6464143,5.18
2021-11-07 18:19:59.999999,2021-11-08 00:00:00.000000,34,4.751768,6.924524,6.6464143,4.78
2021-11-07 18:19:59.999999,2021-11-08 00:10:00.000004,35,4.598986,6.925292,6.6464143,4.48
2021-11-07 18:19:59.999999,2021-11-08 00:19:59.999999,36,4.6896253,6.9259405,6.6464143,4.62
2021-11-07 18:30:00.000003,2021-11-07 18:39:59.999998,1,5.8347855,7.461258,6.136529,5.87
2021-11-07 18:30:00.000003,2021-11-07 18:50:00.000002,2,5.957434,7.262627,6.136529,5.99
2021-11-07 18:30:00.000003,2021-11-07 18:59:59.999997,3,6.0817213,7.1051126,6.136529,6.01
2021-11-07 18:30:00.000003,2021-11-07 19:10:00.000001,4,5.7209015,6.9744644,6.136529,5.78
2021-11-07 18:30:00.000003,2021-11-07 19:19:59.999996,5,5.2773952,6.873251,6.136529,5.28
2021-11-07 18:30:00.000003,2021-11-07 19:30:00.000000,6,5.4346423,6.797572,6.136529,5.38
2021-11-07 18:30:00.000003,2021-11-07 19:40:00.000004,7,6.0429597,6.742063,6.136529,6.1
2021-11-07 18:30:00.000003,2021-11-07 19:49:59.999999,8,6.554064,6.7018113,6.136529,6.45
2021-11-07 18:30:00.000003,2021-11-07 20:00:00.000003,9,6.9640574,6.67287,6.136529,7.18
2021-11-07 18:30:00.000003,2021-11-07 20:09:59.999998,10,7.4404254,6.652246,6.136529,7.25
2021-11-07 18:30:00.000003,2021-11-07 20:20:00.000002,11,7.6189475,6.637732,6.136529,7.58
2021-11-07 18:30:00.000003,2021-11-07 20:29:59.999997,12,7.1691,6.627728,6.136529,7.37
2021-11-07 18:30:00.000003,2021-11-07 20:40:00.000001,13,6.5342956,6.621079,6.136529,6.43
2021-11-07 18:30:00.000003,2021-11-07 20:49:59.999996,14,6.319057,6.616956,6.136529,6.21
2021-11-07 18:30:00.000003,2021-11-07 21:00:00.000000,15,6.471457,6.6147513,6.136529,6.72
2021-11-07 18:30:00.000003,2021-11-07 21:10:00.000004,16,6.593217,6.6140146,6.136529,6.33
2021-11-07 18:30:00.000003,2021-11-07 21:19:59.999999,17,6.495487,6.614398,6.136529,6.68
2021-11-07 18:30:00.000003,2021-11-07 21:30:00.000003,18,6.2108054,6.6156316,6.136529,6.11
2021-11-07 18:30:00.000003,2021-11-07 21:39:59.999998,19,5.8652654,6.6174927,6.136529,5.95
2021-11-07 18:30:00.000003,2021-11-07 21:50:00.000002,20,5.6032023,6.6197977,6.136529,5.49
2021-11-07 18:30:00.000003,2021-11-07 21:59:59.999997,21,5.51652,6.622397,6.136529,5.62
2021-11-07 18:30:00.000003,2021-11-07 22:10:00.000001,22,5.577802,6.6251636,6.136529,5.61
2021-11-07 18:30:00.000003,2021-11-07 22:19:59.999996,23,5.5765333,6.627991,6.136529,5.34
2021-11-07 18:30:00.000003,2021-11-07 22:30:00.000000,24,5.336431,6.630796,6.136529,5.57
2021-11-07 18:30:00.000003,2021-11-07 22:40:00.000004,25,5.039627,6.6335154,6.136529,5.1
2021-11-07 18:30:00.000003,2021-11-07 22:49:59.999999,26,4.9726324,6.636098,6.136529,4.7
2021-11-07 18:30:00.000003,2021-11-07 23:00:00.000003,27,5.060891,6.638507,6.136529,5.21
2021-11-07 18:30:00.000003,2021-11-07 23:09:59.999998,28,5.0804315,6.640721,6.136529,5.12
2021-11-07 18:30:00.000003,2021-11-07 23:20:00.000002,29,5.0732093,6.6427264,6.136529,5.02
2021-11-07 18:30:00.000003,2021-11-07 23:29:59.999997,30,5.1396723,6.644523,6.136529,5.21
2021-11-07 18:30:00.000003,2021-11-07 23:40:00.000001,31,5.149259,6.6461096,6.136529,4.95
2021-11-07 18:30:00.000003,2021-11-07 23:49:59.999996,32,4.986843,6.6474977,6.136529,5.18
2021-11-07 18:30:00.000003,2021-11-08 00:00:00.000000,33,4.751768,6.6486993,6.136529,4.78
2021-11-07 18:30:00.000003,2021-11-08 00:10:00.000004,34,4.598986,6.6497273,6.136529,4.48
2021-11-07 18:30:00.000003,2021-11-08 00:19:59.999999,35,4.6896253,6.650598,6.136529,4.62
2021-11-07 18:30:00.000003,2021-11-08 00:30:00.000003,36,5.0601583,6.651328,6.136529,5.22
2021-11-07 18:39:59.999998,2021-11-07 18:50:00.000002,1,5.957434,7.428738,5.8347855,5.99
2021-11-07 18:39:59.999998,2021-11-07 18:59:59.999997,2,6.0817213,7.195247,5.8347855,6.01
2021-11-07 18:39:59.999998,2021-11-07 19:10:00.000001,3,5.7209015,7.0110087,5.8347855,5.78
2021-11-07 18:39:59.999998,2021-11-07 19:19:59.999996,4,5.2773952,6.8601913,5.8347855,5.28
2021-11-07 18:39:59.999998,2021-11-07 19:30:00.000000,5,5.4346423,6.743951,5.8347855,5.38
2021-11-07 18:39:59.999998,2021-11-07 19:40:00.000004,6,6.0429597,6.6572256,5.8347855,6.1
2021-11-07 18:39:59.999998,2021-11-07 19:49:59.999999,7,6.554064,6.5937233,5.8347855,6.45
2021-11-07 18:39:59.999998,2021-11-07 20:00:00.000003,8,6.9640574,6.5478,5.8347855,7.18
2021-11-07 18:39:59.999998,2021-11-07 20:09:59.999998,9,7.4404254,6.5149336,5.8347855,7.25
2021-11-07 18:39:59.999998,2021-11-07 20:20:00.000002,10,7.6189475,6.4916873,5.8347855,7.58
2021-11-07 18:39:59.999998,2021-11-07 20:29:59.999997,11,7.1691,6.4755096,5.8347855,7.37
2021-11-07 18:39:59.999998,2021-11-07 20:40:00.000001,12,6.5342956,6.4645357,5.8347855,6.43
2021-11-07 18:39:59.999998,2021-11-07 20:49:59.999996,13,6.319057,6.4574127,5.8347855,6.21
2021-11-07 18:39:59.999998,2021-11-07 21:00:00.000000,14,6.471457,6.453154,5.8347855,6.72
2021-11-07 18:39:59.999998,2021-11-07 21:10:00.000004,15,6.593217,6.451041,5.8347855,6.33
2021-11-07 18:39:59.999998,2021-11-07 21:19:59.999999,16,6.495487,6.4505367,5.8347855,6.68
2021-11-07 18:39:59.999998,2021-11-07 21:30:00.000003,17,6.2108054,6.4512324,5.8347855,6.11
2021-11-07 18:39:59.999998,2021-11-07 21:39:59.999998,18,5.8652654,6.4528117,5.8347855,5.95
2021-11-07 18:39:59.999998,2021-11-07 21:50:00.000002,19,5.6032023,6.455024,5.8347855,5.49
2021-11-07 18:39:59.999998,2021-11-07 21:59:59.999997,20,5.51652,6.457667,5.8347855,5.62
2021-11-07 18:39:59.999998,2021-11-07 22:10:00.000001,21,5.577802,6.460576,5.8347855,5.61
2021-11-07 18:39:59.999998,2021-11-07 22:19:59.999996,22,5.5765333,6.463617,5.8347855,5.34
2021-11-07 18:39:59.999998,2021-11-07 22:30:00.000000,23,5.336431,6.466685,5.8347855,5.57
2021-11-07 18:39:59.999998,2021-11-07 22:40:00.000004,24,5.039627,6.469693,5.8347855,5.1
2021-11-07 18:39:59.999998,2021-11-07 22:49:59.999999,25,4.9726324,6.472581,5.8347855,4.7
2021-11-07 18:39:59.999998,2021-11-07 23:00:00.000003,26,5.060891,6.475298,5.8347855,5.21
2021-11-07 18:39:59.999998,2021-11-07 23:09:59.999998,27,5.0804315,6.477816,5.8347855,5.12
2021-11-07 18:39:59.999998,2021-11-07 23:20:00.000002,28,5.0732093,6.4801135,5.8347855,5.02
2021-11-07 18:39:59.999998,2021-11-07 23:29:59.999997,29,5.1396723,6.4821835,5.8347855,5.21
2021-11-07 18:39:59.999998,2021-11-07 23:40:00.000001,30,5.149259,6.484022,5.8347855,4.95
2021-11-07 18:39:59.999998,2021-11-07 23:49:59.999996,31,4.986843,6.4856415,5.8347855,5.18
2021-11-07 18:39:59.999998,2021-11-08 00:00:00.000000,32,4.751768,6.4870477,5.8347855,4.78
2021-11-07 18:39:59.999998,2021-11-08 00:10:00.000004,33,4.598986,6.4882584,5.8347855,4.48
2021-11-07 18:39:59.999998,2021-11-08 00:19:59.999999,34,4.6896253,6.4892893,5.8347855,4.62
2021-11-07 18:39:59.999998,2021-11-08 00:30:00.000003,35,5.0601583,6.490157,5.8347855,5.22
2021-11-07 18:39:59.999998,2021-11-08 00:39:59.999998,36,5.317849,6.4908824,5.8347855,5.37
2021-11-07 18:50:00.000002,2021-11-07 18:59:59.999997,1,6.0817213,7.394474,5.957434,6.01
2021-11-07 18:50:00.000002,2021-11-07 19:10:00.000001,2,5.7209015,7.157595,5.957434,5.78
2021-11-07 18:50:00.000002,2021-11-07 19:19:59.999996,3,5.2773952,6.9759803,5.957434,5.28
2021-11-07 18:50:00.000002,2021-11-07 19:30:00.000000,4,5.4346423,6.8315854,5.957434,5.38
2021-11-07 18:50:00.000002,2021-11-07 19:40:00.000004,5,6.0429597,6.7239,5.957434,6.1
2021-11-07 18:50:00.000002,2021-11-07 19:49:59.999999,6,6.554064,6.646729,5.957434,6.45
2021-11-07 18:50:00.000002,2021-11-07 20:00:00.000003,7,6.9640574,6.593028,5.957434,7.18
2021-11-07 18:50:00.000002,2021-11-07 20:09:59.999998,8,7.4404254,6.5566497,5.957434,7.25
2021-11-07 18:50:00.000002,2021-11-07 20:20:00.000002,9,7.6189475,6.5327554,5.957434,7.58
2021-11-07 18:50:00.000002,2021-11-07 20:29:59.999997,10,7.1691,6.517717,5.957434,7.37
2021-11-07 18:50:00.000002,2021-11-07 20:40:00.000001,11,6.5342956,6.508889,5.957434,6.43
2021-11-07 18:50:00.000002,2021-11-07 20:49:59.999996,12,6.319057,6.504382,5.957434,6.21
2021-11-07 18:50:00.000002,2021-11-07 21:00:00.000000,13,6.471457,6.5028586,5.957434,6.72
2021-11-07 18:50:00.000002,2021-11-07 21:10:00.000004,14,6.593217,6.5033803,5.957434,6.33
2021-11-07 18:50:00.000002,2021-11-07 21:19:59.999999,15,6.495487,6.5052934,5.957434,6.68
2021-11-07 18:50:00.000002,2021-11-07 21:30:00.000003,16,6.2108054,6.5081377,5.957434,6.11
2021-11-07 18:50:00.000002,2021-11-07 21:39:59.999998,17,5.8652654,6.511585,5.957434,5.95
2021-11-07 18:50:00.000002,2021-11-07 21:50:00.000002,18,5.6032023,6.5153985,5.957434,5.49
2021-11-07 18:50:00.000002,2021-11-07 21:59:59.999997,19,5.51652,6.5193954,5.957434,5.62
2021-11-07 18:50:00.000002,2021-11-07 22:10:00.000001,20,5.577802,6.5234466,5.957434,5.61
2021-11-07 18:50:00.000002,2021-11-07 22:19:59.999996,21,5.5765333,6.527448,5.957434,5.34
2021-11-07 18:50:00.000002,2021-11-07 22:30:00.000000,22,5.336431,6.531322,5.957434,5.57
2021-11-07 18:50:00.000002,2021-11-07 22:40:00.000004,23,5.039627,6.5350084,5.957434,5.1
2021-11-07 18:50:00.000002,2021-11-07 22:49:59.999999,24,4.9726324,6.5384655,5.957434,4.7
2021-11-07 18:50:00.000002,2021-11-07 23:00:00.000003,25,5.060891,6.5416646,5.957434,5.21
2021-11-07 18:50:00.000002,2021-11-07 23:09:59.999998,26,5.0804315,6.5445857,5.957434,5.12
2021-11-07 18:50:00.000002,2021-11-07 23:20:00.000002,27,5.0732093,6.547225,5.957434,5.02
2021-11-07 18:50:00.000002,2021-11-07 23:29:59.999997,28,5.1396723,6.5495806,5.957434,5.21
2021-11-07 18:50:00.000002,2021-11-07 23:40:00.000001,29,5.149259,6.5516624,5.957434,4.95
2021-11-07 18:50:00.000002,2021-11-07 23:49:59.999996,30,4.986843,6.5534816,5.957434,5.18
2021-11-07 18:50:00.000002,2021-11-08 00:00:00.000000,31,4.751768,6.5550566,5.957434,4.78
2021-11-07 18:50:00.000002,2021-11-08 00:10:00.000004,32,4.598986,6.5564046,5.957434,4.48
2021-11-07 18:50:00.000002,2021-11-08 00:19:59.999999,33,4.6896253,6.5575476,5.957434,4.62
2021-11-07 18:50:00.000002,2021-11-08 00:30:00.000003,34,5.0601583,6.558506,5.957434,5.22
2021-11-07 18:50:00.000002,2021-11-08 00:39:59.999998,35,5.317849,6.5593023,5.957434,5.37
2021-11-07 18:50:00.000002,2021-11-08 00:50:00.000002,36,5.05959,6.5599566,5.957434,4.86
2021-11-07 18:59:59.999997,2021-11-07 19:10:00.000001,1,5.7209015,7.354509,6.0817213,5.78
2021-11-07 18:59:59.999997,2021-11-07 19:19:59.999996,2,5.2773952,7.1254616,6.0817213,5.28
2021-11-07 18:59:59.999997,2021-11-07 19:30:00.000000,3,5.4346423,6.9528356,6.0817213,5.38
2021-11-07 18:59:59.999997,2021-11-07 19:40:00.000004,4,6.0429597,6.8176455,6.0817213,6.1
2021-11-07 18:59:59.999997,2021-11-07 19:49:59.999999,5,6.554064,6.7189317,6.0817213,6.45
2021-11-07 18:59:59.999997,2021-11-07 20:00:00.000003,6,6.9640574,6.6503286,6.0817213,7.18
2021-11-07 18:59:59.999997,2021-11-07 20:09:59.999998,7,7.4404254,6.604702,6.0817213,7.25
2021-11-07 18:59:59.999997,2021-11-07 20:20:00.000002,8,7.6189475,6.575856,6.0817213,7.58
2021-11-07 18:59:59.999997,2021-11-07 20:29:59.999997,9,7.1691,6.55891,6.0817213,7.37
2021-11-07 18:59:59.999997,2021-11-07 20:40:00.000001,10,6.5342956,6.5502157,6.0817213,6.43
2021-11-07 18:59:59.999997,2021-11-07 20:49:59.999996,11,6.319057,6.547119,6.0817213,6.21
2021-11-07 18:59:59.999997,2021-11-07 21:00:00.000000,12,6.471457,6.547731,6.0817213,6.72
2021-11-07 18:59:59.999997,2021-11-07 21:10:00.000004,13,6.593217,6.550736,6.0817213,6.33
2021-11-07 18:59:59.999997,2021-11-07 21:19:59.999999,14,6.495487,6.55522,6.0817213,6.68
2021-11-07 18:59:59.999997,2021-11-07 21:30:00.000003,15,6.2108054,6.5605674,6.0817213,6.11
2021-11-07 18:59:59.999997,2021-11-07 21:39:59.999998,16,5.8652654,6.566356,6.0817213,5.95
2021-11-07 18:59:59.999997,2021-11-07 21:50:00.000002,17,5.6032023,6.5723033,6.0817213,5.49
2021-11-07 18:59:59.999997,2021-11-07 21:59:59.999997,18,5.51652,6.5782146,6.0817213,5.62
2021-11-07 18:59:59.999997,2021-11-07 22:10:00.000001,19,5.577802,6.5839577,6.0817213,5.61
2021-11-07 18:59:59.999997,2021-11-07 22:19:59.999996,20,5.5765333,6.589444,6.0817213,5.34
2021-11-07 18:59:59.999997,2021-11-07 22:30:00.000000,21,5.336431,6.594613,6.0817213,5.57
2021-11-07 18:59:59.999997,2021-11-07 22:40:00.000004,22,5.039627,6.5994244,6.0817213,5.1
2021-11-07 18:59:59.999997,2021-11-07 22:49:59.999999,23,4.9726324,6.603853,6.0817213,4.7
2021-11-07 18:59:59.999997,2021-11-07 23:00:00.000003,24,5.060891,6.6078897,6.0817213,5.21
2021-11-07 18:59:59.999997,2021-11-07 23:09:59.999998,25,5.0804315,6.6115327,6.0817213,5.12
2021-11-07 18:59:59.999997,2021-11-07 23:20:00.000002,26,5.0732093,6.6147885,6.0817213,5.02
2021-11-07 18:59:59.999997,2021-11-07 23:29:59.999997,27,5.1396723,6.617673,6.0817213,5.21
2021-11-07 18:59:59.999997,2021-11-07 23:40:00.000001,28,5.149259,6.6202,6.0817213,4.95
2021-11-07 18:59:59.999997,2021-11-07 23:49:59.999996,29,4.986843,6.6223984,6.0817213,5.18
2021-11-07 18:59:59.999997,2021-11-08 00:00:00.000000,30,4.751768,6.6242914,6.0817213,4.78
2021-11-07 18:59:59.999997,2021-11-08 00:10:00.000004,31,4.598986,6.625903,6.0817213,4.48
2021-11-07 18:59:59.999997,2021-11-08 00:19:59.999999,32,4.6896253,6.627263,6.0817213,4.62
2021-11-07 18:59:59.999997,2021-11-08 00:30:00.000003,33,5.0601583,6.628402,6.0817213,5.22
2021-11-07 18:59:59.999997,2021-11-08 00:39:59.999998,34,5.317849,6.6293435,6.0817213,5.37
2021-11-07 18:59:59.999997,2021-11-08 00:50:00.000002,35,5.05959,6.6301136,6.0817213,4.86
2021-11-07 18:59:59.999997,2021-11-08 00:59:59.999997,36,4.598581,6.630737,6.0817213,4.65
2021-11-07 19:10:00.000001,2021-11-07 19:19:59.999996,1,5.2773952,7.2952585,5.7209015,5.28
2021-11-07 19:10:00.000001,2021-11-07 19:30:00.000000,2,5.4346423,7.0546665,5.7209015,5.38
2021-11-07 19:10:00.000001,2021-11-07 19:40:00.000004,3,6.0429597,6.867012,5.7209015,6.1
2021-11-07 19:10:00.000001,2021-11-07 19:49:59.999999,4,6.554064,6.714995,5.7209015,6.45
2021-11-07 19:10:00.000001,2021-11-07 20:00:00.000003,5,6.9640574,6.5993648,5.7209015,7.18
2021-11-07 19:10:00.000001,2021-11-07 20:09:59.999998,6,7.4404254,6.5149555,5.7209015,7.25
2021-11-07 19:10:00.000001,2021-11-07 20:20:00.000002,7,7.6189475,6.4553285,5.7209015,7.58
2021-11-07 19:10:00.000001,2021-11-07 20:29:59.999997,8,7.1691,6.414581,5.7209015,7.37
2021-11-07 19:10:00.000001,2021-11-07 20:40:00.000001,9,6.5342956,6.387867,5.7209015,6.43
2021-11-07 19:10:00.000001,2021-11-07 20:49:59.999996,10,6.319057,6.3714075,5.7209015,6.21
2021-11-07 19:10:00.000001,2021-11-07 21:00:00.000000,11,6.471457,6.362332,5.7209015,6.72
2021-11-07 19:10:00.000001,2021-11-07 21:10:00.000004,12,6.593217,6.3585005,5.7209015,6.33
2021-11-07 19:10:00.000001,2021-11-07 21:19:59.999999,13,6.495487,6.358338,5.7209015,6.68
2021-11-07 19:10:00.000001,2021-11-07 21:30:00.000003,14,6.2108054,6.3606877,5.7209015,6.11
2021-11-07 19:10:00.000001,2021-11-07 21:39:59.999998,15,5.8652654,6.3647118,5.7209015,5.95
2021-11-07 19:10:00.000001,2021-11-07 21:50:00.000002,16,5.6032023,6.3697963,5.7209015,5.49
2021-11-07 19:10:00.000001,2021-11-07 21:59:59.999997,17,5.51652,6.3754954,5.7209015,5.62
2021-11-07 19:10:00.000001,2021-11-07 22:10:00.000001,18,5.577802,6.3814864,5.7209015,5.61
2021-11-07 19:10:00.000001,2021-11-07 22:19:59.999996,19,5.5765333,6.387531,5.7209015,5.34
2021-11-07 19:10:00.000001,2021-11-07 22:30:00.000000,20,5.336431,6.393457,5.7209015,5.57
2021-11-07 19:10:00.000001,2021-11-07 22:40:00.000004,21,5.039627,6.3991423,5.7209015,5.1
2021-11-07 19:10:00.000001,2021-11-07 22:49:59.999999,22,4.9726324,6.4045005,5.7209015,4.7
2021-11-07 19:10:00.000001,2021-11-07 23:00:00.000003,23,5.060891,6.409477,5.7209015,5.21
2021-11-07 19:10:00.000001,2021-11-07 23:09:59.999998,24,5.0804315,6.414038,5.7209015,5.12
2021-11-07 19:10:00.000001,2021-11-07 23:20:00.000002,25,5.0732093,6.418169,5.7209015,5.02
2021-11-07 19:10:00.000001,2021-11-07 23:29:59.999997,26,5.1396723,6.421867,5.7209015,5.21
2021-11-07 19:10:00.000001,2021-11-07 23:40:00.000001,27,5.149259,6.425145,5.7209015,4.95
2021-11-07 19:10:00.000001,2021-11-07 23:49:59.999996,28,4.986843,6.42802,5.7209015,5.18
2021-11-07 19:10:00.000001,2021-11-08 00:00:00.000000,29,4.751768,6.4305162,5.7209015,4.78
2021-11-07 19:10:00.000001,2021-11-08 00:10:00.000004,30,4.598986,6.4326644,5.7209015,4.48
2021-11-07 19:10:00.000001,2021-11-08 00:19:59.999999,31,4.6896253,6.434495,5.7209015,4.62
2021-11-07 19:10:00.000001,2021-11-08 00:30:00.000003,32,5.0601583,6.4360366,5.7209015,5.22
2021-11-07 19:10:00.000001,2021-11-08 00:39:59.999998,33,5.317849,6.4373264,5.7209015,5.37
2021-11-07 19:10:00.000001,2021-11-08 00:50:00.000002,34,5.05959,6.438391,5.7209015,4.86
2021-11-07 19:10:00.000001,2021-11-08 00:59:59.999997,35,4.598581,6.4392633,5.7209015,4.65
2021-11-07 19:10:00.000001,2021-11-08 01:10:00.000001,36,4.4515204,6.439967,5.7209015,4.54
2021-11-07 19:19:59.999996,2021-11-07 19:30:00.000000,1,5.4346423,7.262986,5.2773952,5.38
2021-11-07 19:19:59.999996,2021-11-07 19:40:00.000004,2,6.0429597,6.9956117,5.2773952,6.1
2021-11-07 19:19:59.999996,2021-11-07 19:49:59.999999,3,6.554064,6.7827377,5.2773952,6.45
2021-11-07 19:19:59.999996,2021-11-07 20:00:00.000003,4,6.9640574,6.6073375,5.2773952,7.18
2021-11-07 19:19:59.999996,2021-11-07 20:09:59.999998,5,7.4404254,6.470476,5.2773952,7.25
2021-11-07 19:19:59.999996,2021-11-07 20:20:00.000002,6,7.6189475,6.367253,5.2773952,7.58
2021-11-07 19:19:59.999996,2021-11-07 20:29:59.999997,7,7.1691,6.2913156,5.2773952,7.37
2021-11-07 19:19:59.999996,2021-11-07 20:40:00.000001,8,6.5342956,6.2366986,5.2773952,6.43
2021-11-07 19:19:59.999996,2021-11-07 20:49:59.999996,9,6.319057,6.1983843,5.2773952,6.21
2021-11-07 19:19:59.999996,2021-11-07 21:00:00.000000,10,6.471457,6.1723633,5.2773952,6.72
2021-11-07 19:19:59.999996,2021-11-07 21:10:00.000004,11,6.593217,6.155514,5.2773952,6.33
2021-11-07 19:19:59.999996,2021-11-07 21:19:59.999999,12,6.495487,6.145442,5.2773952,6.68
2021-11-07 19:19:59.999996,2021-11-07 21:30:00.000003,13,6.2108054,6.1403246,5.2773952,6.11
2021-11-07 19:19:59.999996,2021-11-07 21:39:59.999998,14,5.8652654,6.1387916,5.2773952,5.95
2021-11-07 19:19:59.999996,2021-11-07 21:50:00.000002,15,5.6032023,6.139803,5.2773952,5.49
2021-11-07 19:19:59.999996,2021-11-07 21:59:59.999997,16,5.51652,6.14258,5.2773952,5.62
2021-11-07 19:19:59.999996,2021-11-07 22:10:00.000001,17,5.577802,6.1465316,5.2773952,5.61
2021-11-07 19:19:59.999996,2021-11-07 22:19:59.999996,18,5.5765333,6.151215,5.2773952,5.34
2021-11-07 19:19:59.999996,2021-11-07 22:30:00.000000,19,5.336431,6.1562963,5.2773952,5.57
2021-11-07 19:19:59.999996,2021-11-07 22:40:00.000004,20,5.039627,6.1615214,5.2773952,5.1
2021-11-07 19:19:59.999996,2021-11-07 22:49:59.999999,21,4.9726324,6.1667066,5.2773952,4.7
2021-11-07 19:19:59.999996,2021-11-07 23:00:00.000003,22,5.060891,6.171717,5.2773952,5.21
2021-11-07 19:19:59.999996,2021-11-07 23:09:59.999998,23,5.0804315,6.176457,5.2773952,5.12
2021-11-07 19:19:59.999996,2021-11-07 23:20:00.000002,24,5.0732093,6.180863,5.2773952,5.02
2021-11-07 19:19:59.999996,2021-11-07 23:29:59.999997,25,5.1396723,6.184896,5.2773952,5.21
2021-11-07 19:19:59.999996,2021-11-07 23:40:00.000001,26,5.149259,6.1885424,5.2773952,4.95
2021-11-07 19:19:59.999996,2021-11-07 23:49:59.999996,27,4.986843,6.1917944,5.2773952,5.18
2021-11-07 19:19:59.999996,2021-11-08 00:00:00.000000,28,4.751768,6.1946645,5.2773952,4.78
2021-11-07 19:19:59.999996,2021-11-08 00:10:00.000004,29,4.598986,6.1971703,5.2773952,4.48
2021-11-07 19:19:59.999996,2021-11-08 00:19:59.999999,30,4.6896253,6.1993346,5.2773952,4.62
2021-11-07 19:19:59.999996,2021-11-08 00:30:00.000003,31,5.0601583,6.201185,5.2773952,5.22
2021-11-07 19:19:59.999996,2021-11-08 00:39:59.999998,32,5.317849,6.2027516,5.2773952,5.37
2021-11-07 19:19:59.999996,2021-11-08 00:50:00.000002,33,5.05959,6.2040644,5.2773952,4.86
2021-11-07 19:19:59.999996,2021-11-08 00:59:59.999997,34,4.598581,6.205153,5.2773952,4.65
2021-11-07 19:19:59.999996,2021-11-08 01:10:00.000001,35,4.4515204,6.206047,5.2773952,4.54
2021-11-07 19:19:59.999996,2021-11-08 01:19:59.999996,36,4.4384356,6.2067714,5.2773952,4.44
2021-11-07 19:30:00.000000,2021-11-07 19:40:00.000004,1,6.0429597,7.26237,5.4346423,6.1
2021-11-07 19:30:00.000000,2021-11-07 19:49:59.999999,2,6.554064,6.999773,5.4346423,6.45
2021-11-07 19:30:00.000000,2021-11-07 20:00:00.000003,3,6.9640574,6.795569,5.4346423,7.18
2021-11-07 19:30:00.000000,2021-11-07 20:09:59.999998,4,7.4404254,6.630627,5.4346423,7.25
2021-11-07 19:30:00.000000,2021-11-07 20:20:00.000002,5,7.6189475,6.5044227,5.4346423,7.58
2021-11-07 19:30:00.000000,2021-11-07 20:29:59.999997,6,7.1691,6.4112506,5.4346423,7.37
2021-11-07 19:30:00.000000,2021-11-07 20:40:00.000001,7,6.5342956,6.344364,5.4346423,6.43
2021-11-07 19:30:00.000000,2021-11-07 20:49:59.999996,8,6.319057,6.2976265,5.4346423,6.21
2021-11-07 19:30:00.000000,2021-11-07 21:00:00.000000,9,6.471457,6.265991,5.4346423,6.72
2021-11-07 19:30:00.000000,2021-11-07 21:10:00.000004,10,6.593217,6.245487,5.4346423,6.33
2021-11-07 19:30:00.000000,2021-11-07 21:19:59.999999,11,6.495487,6.233086,5.4346423,6.68
2021-11-07 19:30:00.000000,2021-11-07 21:30:00.000003,12,6.2108054,6.2265067,5.4346423,6.11
2021-11-07 19:30:00.000000,2021-11-07 21:39:59.999998,13,5.8652654,6.2240543,5.4346423,5.95
2021-11-07 19:30:00.000000,2021-11-07 21:50:00.000002,14,5.6032023,6.224478,5.4346423,5.49
2021-11-07 19:30:00.000000,2021-11-07 21:59:59.999997,15,5.51652,6.22686,5.4346423,5.62
2021-11-07 19:30:00.000000,2021-11-07 22:10:00.000001,16,5.577802,6.23053,5.4346423,5.61
2021-11-07 19:30:00.000000,2021-11-07 22:19:59.999996,17,5.5765333,6.2349935,5.4346423,5.34
2021-11-07 19:30:00.000000,2021-11-07 22:30:00.000000,18,5.336431,6.239895,5.4346423,5.57
2021-11-07 19:30:00.000000,2021-11-07 22:40:00.000004,19,5.039627,6.2449684,5.4346423,5.1
2021-11-07 19:30:00.000000,2021-11-07 22:49:59.999999,20,4.9726324,6.250026,5.4346423,4.7
2021-11-07 19:30:00.000000,2021-11-07 23:00:00.000003,21,5.060891,6.254929,5.4346423,5.21
2021-11-07 19:30:00.000000,2021-11-07 23:09:59.999998,22,5.0804315,6.259584,5.4346423,5.12
2021-11-07 19:30:00.000000,2021-11-07 23:20:00.000002,23,5.0732093,6.263927,5.4346423,5.02
2021-11-07 19:30:00.000000,2021-11-07 23:29:59.999997,24,5.1396723,6.2679176,5.4346423,5.21
2021-11-07 19:30:00.000000,2021-11-07 23:40:00.000001,25,5.149259,6.271537,5.4346423,4.95
2021-11-07 19:30:00.000000,2021-11-07 23:49:59.999996,26,4.986843,6.2747808,5.4346423,5.18
2021-11-07 19:30:00.000000,2021-11-08 00:00:00.000000,27,4.751768,6.2776546,5.4346423,4.78
2021-11-07 19:30:00.000000,2021-11-08 00:10:00.000004,28,4.598986,6.2801733,5.4346423,4.48
2021-11-07 19:30:00.000000,2021-11-08 00:19:59.999999,29,4.6896253,6.2823577,5.4346423,4.62
2021-11-07 19:30:00.000000,2021-11-08 00:30:00.000003,30,5.0601583,6.2842345,5.4346423,5.22
2021-11-07 19:30:00.000000,2021-11-08 00:39:59.999998,31,5.317849,6.2858286,5.4346423,5.37
2021-11-07 19:30:00.000000,2021-11-08 00:50:00.000002,32,5.05959,6.2871695,5.4346423,4.86
2021-11-07 19:30:00.000000,2021-11-08 00:59:59.999997,33,4.598581,6.288288,5.4346423,4.65
2021-11-07 19:30:00.000000,2021-11-08 01:10:00.000001,34,4.4515204,6.289208,5.4346423,4.54
2021-11-07 19:30:00.000000,2021-11-08 01:19:59.999996,35,4.4384356,6.2899575,5.4346423,4.44
2021-11-07 19:30:00.000000,2021-11-08 01:30:00.000000,36,4.1997337,6.2905626,5.4346423,4.07
2021-11-07 19:40:00.000004,2021-11-07 19:49:59.999999,1,6.554064,7.2591834,6.0429597,6.45
2021-11-07 19:40:00.000004,2021-11-07 20:00:00.000003,2,6.9640574,7.0323715,6.0429597,7.18
2021-11-07 19:40:00.000004,2021-11-07 20:09:59.999998,3,7.4404254,6.867781,6.0429597,7.25
2021-11-07 19:40:00.000004,2021-11-07 20:20:00.000002,4,7.6189475,6.7421007,6.0429597,7.58
2021-11-07 19:40:00.000004,2021-11-07 20:29:59.999997,5,7.1691,6.652547,6.0429597,7.37
2021-11-07 19:40:00.000004,2021-11-07 20:40:00.000001,6,6.5342956,6.5922904,6.0429597,6.43
2021-11-07 19:40:00.000004,2021-11-07 20:49:59.999996,7,6.319057,6.554166,6.0429597,6.21
2021-11-07 19:40:00.000004,2021-11-07 21:00:00.000000,8,6.471457,6.5320168,6.0429597,6.72
2021-11-07 19:40:00.000004,2021-11-07 21:10:00.000004,9,6.593217,6.52101,6.0429597,6.33
2021-11-07 19:40:00.000004,2021-11-07 21:19:59.999999,10,6.495487,6.517519,6.0429597,6.68
2021-11-07 19:40:00.000004,2021-11-07 21:30:00.000003,11,6.2108054,6.518911,6.0429597,6.11
2021-11-07 19:40:00.000004,2021-11-07 21:39:59.999998,12,5.8652654,6.5233283,6.0429597,5.95
2021-11-07 19:40:00.000004,2021-11-07 21:50:00.000002,13,5.6032023,6.5294895,6.0429597,5.49
2021-11-07 19:40:00.000004,2021-11-07 21:59:59.999997,14,5.51652,6.536527,6.0429597,5.62
2021-11-07 19:40:00.000004,2021-11-07 22:10:00.000001,15,5.577802,6.543878,6.0429597,5.61
2021-11-07 19:40:00.000004,2021-11-07 22:19:59.999996,16,5.5765333,6.551178,6.0429597,5.34
2021-11-07 19:40:00.000004,2021-11-07 22:30:00.000000,17,5.336431,6.5582066,6.0429597,5.57
2021-11-07 19:40:00.000004,2021-11-07 22:40:00.000004,18,5.039627,6.56483,6.0429597,5.1
2021-11-07 19:40:00.000004,2021-11-07 22:49:59.999999,19,4.9726324,6.5709786,6.0429597,4.7
2021-11-07 19:40:00.000004,2021-11-07 23:00:00.000003,20,5.060891,6.57662,6.0429597,5.21
2021-11-07 19:40:00.000004,2021-11-07 23:09:59.999998,21,5.0804315,6.581746,6.0429597,5.12
2021-11-07 19:40:00.000004,2021-11-07 23:20:00.000002,22,5.0732093,6.586361,6.0429597,5.02
2021-11-07 19:40:00.000004,2021-11-07 23:29:59.999997,23,5.1396723,6.5904837,6.0429597,5.21
2021-11-07 19:40:00.000004,2021-11-07 23:40:00.000001,24,5.149259,6.5941377,6.0429597,4.95
2021-11-07 19:40:00.000004,2021-11-07 23:49:59.999996,25,4.986843,6.597349,6.0429597,5.18
2021-11-07 19:40:00.000004,2021-11-08 00:00:00.000000,26,4.751768,6.600151,6.0429597,4.78
2021-11-07 19:40:00.000004,2021-11-08 00:10:00.000004,27,4.598986,6.602573,6.0429597,4.48
2021-11-07 19:40:00.000004,2021-11-08 00:19:59.999999,28,4.6896253,6.604651,6.0429597,4.62
2021-11-07 19:40:00.000004,2021-11-08 00:30:00.000003,29,5.0601583,6.6064153,6.0429597,5.22
2021-11-07 19:40:00.000004,2021-11-08 00:39:59.999998,30,5.317849,6.6079016,6.0429597,5.37
2021-11-07 19:40:00.000004,2021-11-08 00:50:00.000002,31,5.05959,6.6091404,6.0429597,4.86
2021-11-07 19:40:00.000004,2021-11-08 00:59:59.999997,32,4.598581,6.6101613,6.0429597,4.65
2021-11-07 19:40:00.000004,2021-11-08 01:10:00.000001,33,4.4515204,6.6109943,6.0429597,4.54
2021-11-07 19:40:00.000004,2021-11-08 01:19:59.999996,34,4.4384356,6.6116652,6.0429597,4.44
2021-11-07 19:40:00.000004,2021-11-08 01:30:00.000000,35,4.1997337,6.6121964,6.0429597,4.07
2021-11-07 19:40:00.000004,2021-11-08 01:40:00.000004,36,3.9808607,6.6126127,6.0429597,4.1
2021-11-07 19:49:59.999999,2021-11-07 20:00:00.000003,1,6.9640574,7.2941756,6.554064,7.18
2021-11-07 19:49:59.999999,2021-11-07 20:09:59.999998,2,7.4404254,7.093458,6.554064,7.25
2021-11-07 19:49:59.999999,2021-11-07 20:20:00.000002,3,7.6189475,6.95903,6.554064,7.58
2021-11-07 19:49:59.999999,2021-11-07 20:29:59.999997,4,7.1691,6.863857,6.554064,7.37
2021-11-07 19:49:59.999999,2021-11-07 20:40:00.000001,5,6.5342956,6.8029366,6.554064,6.43
2021-11-07 19:49:59.999999,2021-11-07 20:49:59.999996,6,6.319057,6.7683125,6.554064,6.21
2021-11-07 19:49:59.999999,2021-11-07 21:00:00.000000,7,6.471457,6.7523875,6.554064,6.72
2021-11-07 19:49:59.999999,2021-11-07 21:10:00.000004,8,6.593217,6.7489824,6.554064,6.33
2021-11-07 19:49:59.999999,2021-11-07 21:19:59.999999,9,6.495487,6.7534595,6.554064,6.68
2021-11-07 19:49:59.999999,2021-11-07 21:30:00.000003,10,6.2108054,6.7625117,6.554064,6.11
2021-11-07 19:49:59.999999,2021-11-07 21:39:59.999998,11,5.8652654,6.773882,6.554064,5.95
2021-11-07 19:49:59.999999,2021-11-07 21:50:00.000002,12,5.6032023,6.786079,6.554064,5.49
2021-11-07 19:49:59.999999,2021-11-07 21:59:59.999997,13,5.51652,6.7981815,6.554064,5.62
2021-11-07 19:49:59.999999,2021-11-07 22:10:00.000001,14,5.577802,6.809649,6.554064,5.61
2021-11-07 19:49:59.999999,2021-11-07 22:19:59.999996,15,5.5765333,6.8202057,6.554064,5.34
2021-11-07 19:49:59.999999,2021-11-07 22:30:00.000000,16,5.336431,6.8297405,6.554064,5.57
2021-11-07 19:49:59.999999,2021-11-07 22:40:00.000004,17,5.039627,6.838246,6.554064,5.1
2021-11-07 19:49:59.999999,2021-11-07 22:49:59.999999,18,4.9726324,6.8457656,6.554064,4.7
2021-11-07 19:49:59.999999,2021-11-07 23:00:00.000003,19,5.060891,6.852373,6.554064,5.21
2021-11-07 19:49:59.999999,2021-11-07 23:09:59.999998,20,5.0804315,6.858155,6.554064,5.12
2021-11-07 19:49:59.999999,2021-11-07 23:20:00.000002,21,5.0732093,6.8631954,6.554064,5.02
2021-11-07 19:49:59.999999,2021-11-07 23:29:59.999997,22,5.1396723,6.8675737,6.554064,5.21
2021-11-07 19:49:59.999999,2021-11-07 23:40:00.000001,23,5.149259,6.8713627,6.554064,4.95
2021-11-07 19:49:59.999999,2021-11-07 23:49:59.999996,24,4.986843,6.8746285,6.554064,5.18
2021-11-07 19:49:59.999999,2021-11-08 00:00:00.000000,25,4.751768,6.877431,6.554064,4.78
2021-11-07 19:49:59.999999,2021-11-08 00:10:00.000004,26,4.598986,6.8798203,6.554064,4.48
2021-11-07 19:49:59.999999,2021-11-08 00:19:59.999999,27,4.6896253,6.8818464,6.554064,4.62
2021-11-07 19:49:59.999999,2021-11-08 00:30:00.000003,28,5.0601583,6.8835526,6.554064,5.22
2021-11-07 19:49:59.999999,2021-11-08 00:39:59.999998,29,5.317849,6.884977,6.554064,5.37
2021-11-07 19:49:59.999999,2021-11-08 00:50:00.000002,30,5.05959,6.8861547,6.554064,4.86
2021-11-07 19:49:59.999999,2021-11-08 00:59:59.999997,31,4.598581,6.8871193,6.554064,4.65
2021-11-07 19:49:59.999999,2021-11-08 01:10:00.000001,32,4.4515204,6.8878994,6.554064,4.54
2021-11-07 19:49:59.999999,2021-11-08 01:19:59.999996,33,4.4384356,6.8885236,6.554064,4.44
2021-11-07 19:49:59.999999,2021-11-08 01:30:00.000000,34,4.1997337,6.8890147,6.554064,4.07
2021-11-07 19:49:59.999999,2021-11-08 01:40:00.000004,35,3.9808607,6.889393,6.554064,4.1
2021-11-07 19:49:59.999999,2021-11-08 01:49:59.999999,36,4.1168413,6.88968,6.554064,4.1
2021-11-07 20:00:00.000003,2021-11-07 20:09:59.999998,1,7.4404254,7.3531866,6.9640574,7.25
2021-11-07 20:00:00.000003,2021-11-07 20:20:00.000002,2,7.6189475,7.18489,6.9640574,7.58
2021-11-07 20:00:00.000003,2021-11-07 20:29:59.999997,3,7.1691,7.081613,6.9640574,7.37
2021-11-07 20:00:00.000003,2021-11-07 20:40:00.000001,4,6.5342956,7.014019,6.9640574,6.43
2021-11-07 20:00:00.000003,2021-11-07 20:49:59.999996,5,6.319057,6.9763246,6.9640574,6.21
2021-11-07 20:00:00.000003,2021-11-07 21:00:00.000000,6,6.471457,6.960515,6.9640574,6.72
2021-11-07 20:00:00.000003,2021-11-07 21:10:00.000004,7,6.593217,6.9593267,6.9640574,6.33
2021-11-07 20:00:00.000003,2021-11-07 21:19:59.999999,8,6.495487,6.967084,6.9640574,6.68
2021-11-07 20:00:00.000003,2021-11-07 21:30:00.000003,9,6.2108054,6.9797096,6.9640574,6.11
2021-11-07 20:00:00.000003,2021-11-07 21:39:59.999998,10,5.8652654,6.9944444,6.9640574,5.95
2021-11-07 20:00:00.000003,2021-11-07 21:50:00.000002,11,5.6032023,7.009518,6.9640574,5.49
2021-11-07 20:00:00.000003,2021-11-07 21:59:59.999997,12,5.51652,7.023883,6.9640574,5.62
2021-11-07 20:00:00.000003,2021-11-07 22:10:00.000001,13,5.577802,7.0369816,6.9640574,5.61
2021-11-07 20:00:00.000003,2021-11-07 22:19:59.999996,14,5.5765333,7.0485873,6.9640574,5.34
2021-11-07 20:00:00.000003,2021-11-07 22:30:00.000000,15,5.336431,7.058671,6.9640574,5.57
2021-11-07 20:00:00.000003,2021-11-07 22:40:00.000004,16,5.039627,7.067325,6.9640574,5.1
2021-11-07 20:00:00.000003,2021-11-07 22:49:59.999999,17,4.9726324,7.074693,6.9640574,4.7
2021-11-07 20:00:00.000003,2021-11-07 23:00:00.000003,18,5.060891,7.0809436,6.9640574,5.21
2021-11-07 20:00:00.000003,2021-11-07 23:09:59.999998,19,5.0804315,7.086236,6.9640574,5.12
2021-11-07 20:00:00.000003,2021-11-07 23:20:00.000002,20,5.0732093,7.0907197,6.9640574,5.02
2021-11-07 20:00:00.000003,2021-11-07 23:29:59.999997,21,5.1396723,7.0945234,6.9640574,5.21
2021-11-07 20:00:00.000003,2021-11-07 23:40:00.000001,22,5.149259,7.097752,6.9640574,4.95
2021-11-07 20:00:00.000003,2021-11-07 23:49:59.999996,23,4.986843,7.100497,6.9640574,5.18
2021-11-07 20:00:00.000003,2021-11-08 00:00:00.000000,24,4.751768,7.1028304,6.9640574,4.78
2021-11-07 20:00:00.000003,2021-11-08 00:10:00.000004,25,4.598986,7.1048117,6.9640574,4.48
2021-11-07 20:00:00.000003,2021-11-08 00:19:59.999999,26,4.6896253,7.1064916,6.9640574,4.62
2021-11-07 20:00:00.000003,2021-11-08 00:30:00.000003,27,5.0601583,7.1079073,6.9640574,5.22
2021-11-07 20:00:00.000003,2021-11-08 00:39:59.999998,28,5.317849,7.1090965,6.9640574,5.37
2021-11-07 20:00:00.000003,2021-11-08 00:50:00.000002,29,5.05959,7.1100864,6.9640574,4.86
2021-11-07 20:00:00.000003,2021-11-08 00:59:59.999997,30,4.598581,7.1109066,6.9640574,4.65
2021-11-07 20:00:00.000003,2021-11-08 01:10:00.000001,31,4.4515204,7.111577,6.9640574,4.54
2021-11-07 20:00:00.000003,2021-11-08 01:19:59.999996,32,4.4384356,7.112119,6.9640574,4.44
2021-11-07 20:00:00.000003,2021-11-08 01:30:00.000000,33,4.1997337,7.1125526,6.9640574,4.07
2021-11-07 20:00:00.000003,2021-11-08 01:40:00.000004,34,3.9808607,7.1128936,6.9640574,4.1
2021-11-07 20:00:00.000003,2021-11-08 01:49:59.999999,35,4.1168413,7.1131535,6.9640574,4.1
2021-11-07 20:00:00.000003,2021-11-08 02:00:00.000003,36,4.4660053,7.1133494,6.9640574,4.38
2021-11-07 20:09:59.999998,2021-11-07 20:20:00.000002,1,7.6189475,7.366832,7.4404254,7.58
2021-11-07 20:09:59.999998,2021-11-07 20:29:59.999997,2,7.1691,7.2465796,7.4404254,7.37
2021-11-07 20:09:59.999998,2021-11-07 20:40:00.000001,3,6.5342956,7.1859016,7.4404254,6.43
2021-11-07 20:09:59.999998,2021-11-07 20:49:59.999996,4,6.319057,7.1543207,7.4404254,6.21
2021-11-07 20:09:59.999998,2021-11-07 21:00:00.000000,5,6.471457,7.1463356,7.4404254,6.72
2021-11-07 20:09:59.999998,2021-11-07 21:10:00.000004,6,6.593217,7.154578,7.4404254,6.33
2021-11-07 20:09:59.999998,2021-11-07 21:19:59.999999,7,6.495487,7.172553,7.4404254,6.68
2021-11-07 20:09:59.999998,2021-11-07 21:30:00.000003,8,6.2108054,7.195356,7.4404254,6.11
2021-11-07 20:09:59.999998,2021-11-07 21:39:59.999998,9,5.8652654,7.219614,7.4404254,5.95
2021-11-07 20:09:59.999998,2021-11-07 21:50:00.000002,10,5.6032023,7.243188,7.4404254,5.49
2021-11-07 20:09:59.999998,2021-11-07 21:59:59.999997,11,5.51652,7.264844,7.4404254,5.62
2021-11-07 20:09:59.999998,2021-11-07 22:10:00.000001,12,5.577802,7.283988,7.4404254,5.61
2021-11-07 20:09:59.999998,2021-11-07 22:19:59.999996,13,5.5765333,7.3004475,7.4404254,5.34
2021-11-07 20:09:59.999998,2021-11-07 22:30:00.000000,14,5.336431,7.3143063,7.4404254,5.57
2021-11-07 20:09:59.999998,2021-11-07 22:40:00.000004,15,5.039627,7.325798,7.4404254,5.1
2021-11-07 20:09:59.999998,2021-11-07 22:49:59.999999,16,4.9726324,7.335224,7.4404254,4.7
2021-11-07 20:09:59.999998,2021-11-07 23:00:00.000003,17,5.060891,7.342897,7.4404254,5.21
2021-11-07 20:09:59.999998,2021-11-07 23:09:59.999998,18,5.0804315,7.3491173,7.4404254,5.12
2021-11-07 20:09:59.999998,2021-11-07 23:20:00.000002,19,5.0732093,7.3541517,7.4404254,5.02
2021-11-07 20:09:59.999998,2021-11-07 23:29:59.999997,20,5.1396723,7.3582263,7.4404254,5.21
2021-11-07 20:09:59.999998,2021-11-07 23:40:00.000001,21,5.149259,7.3615327,7.4404254,4.95
2021-11-07 20:09:59.999998,2021-11-07 23:49:59.999996,22,4.986843,7.3642235,7.4404254,5.18
2021-11-07 20:09:59.999998,2021-11-08 00:00:00.000000,23,4.751768,7.366417,7.4404254,4.78
2021-11-07 20:09:59.999998,2021-11-08 00:10:00.000004,24,4.598986,7.368214,7.4404254,4.48
2021-11-07 20:09:59.999998,2021-11-08 00:19:59.999999,25,4.6896253,7.3696837,7.4404254,4.62
2021-11-07 20:09:59.999998,2021-11-08 00:30:00.000003,26,5.0601583,7.3708887,7.4404254,5.22
2021-11-07 20:09:59.999998,2021-11-08 00:39:59.999998,27,5.317849,7.371875,7.4404254,5.37
2021-11-07 20:09:59.999998,2021-11-08 00:50:00.000002,28,5.05959,7.3726764,7.4404254,4.86
2021-11-07 20:09:59.999998,2021-11-08 00:59:59.999997,29,4.598581,7.373325,7.4404254,4.65
2021-11-07 20:09:59.999998,2021-11-08 01:10:00.000001,30,4.4515204,7.3738446,7.4404254,4.54
2021-11-07 20:09:59.999998,2021-11-08 01:19:59.999996,31,4.4384356,7.374255,7.4404254,4.44
2021-11-07 20:09:59.999998,2021-11-08 01:30:00.000000,32,4.1997337,7.374574,7.4404254,4.07
2021-11-07 20:09:59.999998,2021-11-08 01:40:00.000004,33,3.9808607,7.374817,7.4404254,4.1
2021-11-07 20:09:59.999998,2021-11-08 01:49:59.999999,34,4.1168413,7.3749976,7.4404254,4.1
2021-11-07 20:09:59.999998,2021-11-08 02:00:00.000003,35,4.4660053,7.375124,7.4404254,4.38
2021-11-07 20:09:59.999998,2021-11-08 02:09:59.999998,36,4.7106314,7.3752093,7.4404254,4.82
2021-11-07 20:20:00.000002,2021-11-07 20:29:59.999997,1,7.1691,7.4206243,7.6189475,7.37
2021-11-07 20:20:00.000002,2021-11-07 20:40:00.000001,2,6.5342956,7.321772,7.6189475,6.43
2021-11-07 20:20:00.000002,2021-11-07 20:49:59.999996,3,6.319057,7.2789445,7.6189475,6.21
2021-11-07 20:20:00.000002,2021-11-07 21:00:00.000000,4,6.471457,7.2609715,7.6189475,6.72
2021-11-07 20:20:00.000002,2021-11-07 21:10:00.000004,5,6.593217,7.262746,7.6189475,6.33
2021-11-07 20:20:00.000002,2021-11-07 21:19:59.999999,6,6.495487,7.2774696,7.6189475,6.68
2021-11-07 20:20:00.000002,2021-11-07 21:30:00.000003,7,6.2108054,7.299272,7.6189475,6.11
2021-11-07 20:20:00.000002,2021-11-07 21:39:59.999998,8,5.8652654,7.323849,7.6189475,5.95
2021-11-07 20:20:00.000002,2021-11-07 21:50:00.000002,9,5.6032023,7.3483515,7.6189475,5.49
2021-11-07 20:20:00.000002,2021-11-07 21:59:59.999997,10,5.51652,7.371074,7.6189475,5.62
2021-11-07 20:20:00.000002,2021-11-07 22:10:00.000001,11,5.577802,7.391138,7.6189475,5.61
2021-11-07 20:20:00.000002,2021-11-07 22:19:59.999996,12,5.5765333,7.4082212,7.6189475,5.34
2021-11-07 20:20:00.000002,2021-11-07 22:30:00.000000,13,5.336431,7.422365,7.6189475,5.57
2021-11-07 20:20:00.000002,2021-11-07 22:40:00.000004,14,5.039627,7.433814,7.6189475,5.1
2021-11-07 20:20:00.000002,2021-11-07 22:49:59.999999,15,4.9726324,7.4429145,7.6189475,4.7
2021-11-07 20:20:00.000002,2021-11-07 23:00:00.000003,16,5.060891,7.450049,7.6189475,5.21
2021-11-07 20:20:00.000002,2021-11-07 23:09:59.999998,17,5.0804315,7.455581,7.6189475,5.12
2021-11-07 20:20:00.000002,2021-11-07 23:20:00.000002,18,5.0732093,7.459846,7.6189475,5.02
2021-11-07 20:20:00.000002,2021-11-07 23:29:59.999997,19,5.1396723,7.463121,7.6189475,5.21
2021-11-07 20:20:00.000002,2021-11-07 23:40:00.000001,20,5.149259,7.465639,7.6189475,4.95
2021-11-07 20:20:00.000002,2021-11-07 23:49:59.999996,21,4.986843,7.467586,7.6189475,5.18
2021-11-07 20:20:00.000002,2021-11-08 00:00:00.000000,22,4.751768,7.469104,7.6189475,4.78
2021-11-07 20:20:00.000002,2021-11-08 00:10:00.000004,23,4.598986,7.470298,7.6189475,4.48
2021-11-07 20:20:00.000002,2021-11-08 00:19:59.999999,24,4.6896253,7.4712496,7.6189475,4.62
2021-11-07 20:20:00.000002,2021-11-08 00:30:00.000003,25,5.0601583,7.4720182,7.6189475,5.22
2021-11-07 20:20:00.000002,2021-11-08 00:39:59.999998,26,5.317849,7.4726434,7.6189475,5.37
2021-11-07 20:20:00.000002,2021-11-08 00:50:00.000002,27,5.05959,7.4731536,7.6189475,4.86
2021-11-07 20:20:00.000002,2021-11-08 00:59:59.999997,28,4.598581,7.473574,7.6189475,4.65
2021-11-07 20:20:00.000002,2021-11-08 01:10:00.000001,29,4.4515204,7.4739194,7.6189475,4.54
2021-11-07 20:20:00.000002,2021-11-08 01:19:59.999996,30,4.4384356,7.474201,7.6189475,4.44
2021-11-07 20:20:00.000002,2021-11-08 01:30:00.000000,31,4.1997337,7.4744277,7.6189475,4.07
2021-11-07 20:20:00.000002,2021-11-08 01:40:00.000004,32,3.9808607,7.4746094,7.6189475,4.1
2021-11-07 20:20:00.000002,2021-11-08 01:49:59.999999,33,4.1168413,7.4747505,7.6189475,4.1
2021-11-07 20:20:00.000002,2021-11-08 02:00:00.000003,34,4.4660053,7.4748545,7.6189475,4.38
2021-11-07 20:20:00.000002,2021-11-08 02:09:59.999998,35,4.7106314,7.4749336,7.6189475,4.82
2021-11-07 20:20:00.000002,2021-11-08 02:20:00.000002,36,4.569664,7.474988,7.6189475,4.55
2021-11-07 20:29:59.999997,2021-11-07 20:40:00.000001,1,6.5342956,7.4199476,7.1691,6.43
2021-11-07 20:29:59.999997,2021-11-07 20:49:59.999996,2,6.319057,7.307698,7.1691,6.21
2021-11-07 20:29:59.999997,2021-11-07 21:00:00.000000,3,6.471457,7.244358,7.1691,6.72
2021-11-07 20:29:59.999997,2021-11-07 21:10:00.000004,4,6.593217,7.2017517,7.1691,6.33
2021-11-07 20:29:59.999997,2021-11-07 21:19:59.999999,5,6.495487,7.17756,7.1691,6.68
2021-11-07 20:29:59.999997,2021-11-07 21:30:00.000003,6,6.2108054,7.1668134,7.1691,6.11
2021-11-07 20:29:59.999997,2021-11-07 21:39:59.999998,7,5.8652654,7.16478,7.1691,5.95
2021-11-07 20:29:59.999997,2021-11-07 21:50:00.000002,8,5.6032023,7.167794,7.1691,5.49
2021-11-07 20:29:59.999997,2021-11-07 21:59:59.999997,9,5.51652,7.1733007,7.1691,5.62
2021-11-07 20:29:59.999997,2021-11-07 22:10:00.000001,10,5.577802,7.1796546,7.1691,5.61
2021-11-07 20:29:59.999997,2021-11-07 22:19:59.999996,11,5.5765333,7.185879,7.1691,5.34
2021-11-07 20:29:59.999997,2021-11-07 22:30:00.000000,12,5.336431,7.191474,7.1691,5.57
2021-11-07 20:29:59.999997,2021-11-07 22:40:00.000004,13,5.039627,7.196236,7.1691,5.1
2021-11-07 20:29:59.999997,2021-11-07 22:49:59.999999,14,4.9726324,7.200152,7.1691,4.7
2021-11-07 20:29:59.999997,2021-11-07 23:00:00.000003,15,5.060891,7.2033105,7.1691,5.21
2021-11-07 20:29:59.999997,2021-11-07 23:09:59.999998,16,5.0804315,7.205843,7.1691,5.12
2021-11-07 20:29:59.999997,2021-11-07 23:20:00.000002,17,5.0732093,7.207891,7.1691,5.02
2021-11-07 20:29:59.999997,2021-11-07 23:29:59.999997,18,5.1396723,7.2095795,7.1691,5.21
2021-11-07 20:29:59.999997,2021-11-07 23:40:00.000001,19,5.149259,7.2110147,7.1691,4.95
2021-11-07 20:29:59.999997,2021-11-07 23:49:59.999996,20,4.986843,7.2122765,7.1691,5.18
2021-11-07 20:29:59.999997,2021-11-08 00:00:00.000000,21,4.751768,7.2134185,7.1691,4.78
2021-11-07 20:29:59.999997,2021-11-08 00:10:00.000004,22,4.598986,7.214482,7.1691,4.48
2021-11-07 20:29:59.999997,2021-11-08 00:19:59.999999,23,4.6896253,7.2154813,7.1691,4.62
2021-11-07 20:29:59.999997,2021-11-08 00:30:00.000003,24,5.0601583,7.2164297,7.1691,5.22
2021-11-07 20:29:59.999997,2021-11-08 00:39:59.999998,25,5.317849,7.217326,7.1691,5.37
2021-11-07 20:29:59.999997,2021-11-08 00:50:00.000002,26,5.05959,7.2181716,7.1691,4.86
2021-11-07 20:29:59.999997,2021-11-08 00:59:59.999997,27,4.598581,7.218961,7.1691,4.65
2021-11-07 20:29:59.999997,2021-11-08 01:10:00.000001,28,4.4515204,7.2196865,7.1691,4.54
2021-11-07 20:29:59.999997,2021-11-08 01:19:59.999996,29,4.4384356,7.220351,7.1691,4.44
2021-11-07 20:29:59.999997,2021-11-08 01:30:00.000000,30,4.1997337,7.220949,7.1691,4.07
2021-11-07 20:29:59.999997,2021-11-08 01:40:00.000004,31,3.9808607,7.2214804,7.1691,4.1
2021-11-07 20:29:59.999997,2021-11-08 01:49:59.999999,32,4.1168413,7.221947,7.1691,4.1
2021-11-07 20:29:59.999997,2021-11-08 02:00:00.000003,33,4.4660053,7.22235,7.1691,4.38
2021-11-07 20:29:59.999997,2021-11-08 02:09:59.999998,34,4.7106314,7.222697,7.1691,4.82
2021-11-07 20:29:59.999997,2021-11-08 02:20:00.000002,35,4.569664,7.2229886,7.1691,4.55
2021-11-07 20:29:59.999997,2021-11-08 02:29:59.999997,36,4.002863,7.223233,7.1691,3.92
2021-11-07 20:40:00.000001,2021-11-07 20:49:59.999996,1,6.319057,7.3949213,6.5342956,6.21
2021-11-07 20:40:00.000001,2021-11-07 21:00:00.000000,2,6.471457,7.2586355,6.5342956,6.72
2021-11-07 20:40:00.000001,2021-11-07 21:10:00.000004,3,6.593217,7.163394,6.5342956,6.33
2021-11-07 20:40:00.000001,2021-11-07 21:19:59.999999,4,6.495487,7.0855575,6.5342956,6.68
2021-11-07 20:40:00.000001,2021-11-07 21:30:00.000003,5,6.2108054,7.0260167,6.5342956,6.11
2021-11-07 20:40:00.000001,2021-11-07 21:39:59.999998,6,5.8652654,6.9818573,6.5342956,5.95
2021-11-07 20:40:00.000001,2021-11-07 21:50:00.000002,7,5.6032023,6.9495173,6.5342956,5.49
2021-11-07 20:40:00.000001,2021-11-07 21:59:59.999997,8,5.51652,6.9258704,6.5342956,5.62
2021-11-07 20:40:00.000001,2021-11-07 22:10:00.000001,9,5.577802,6.908493,6.5342956,5.61
2021-11-07 20:40:00.000001,2021-11-07 22:19:59.999996,10,5.5765333,6.8956103,6.5342956,5.34
2021-11-07 20:40:00.000001,2021-11-07 22:30:00.000000,11,5.336431,6.885968,6.5342956,5.57
2021-11-07 20:40:00.000001,2021-11-07 22:40:00.000004,12,5.039627,6.8786993,6.5342956,5.1
2021-11-07 20:40:00.000001,2021-11-07 22:49:59.999999,13,4.9726324,6.8732142,6.5342956,4.7
2021-11-07 20:40:00.000001,2021-11-07 23:00:00.000003,14,5.060891,6.86911,6.5342956,5.21
2021-11-07 20:40:00.000001,2021-11-07 23:09:59.999998,15,5.0804315,6.8661056,6.5342956,5.12
2021-11-07 20:40:00.000001,2021-11-07 23:20:00.000002,16,5.0732093,6.8640046,6.5342956,5.02
2021-11-07 20:40:00.000001,2021-11-07 23:29:59.999997,17,5.1396723,6.862651,6.5342956,5.21
2021-11-07 20:40:00.000001,2021-11-07 23:40:00.000001,18,5.149259,6.86192,6.5342956,4.95
2021-11-07 20:40:00.000001,2021-11-07 23:49:59.999996,19,4.986843,6.861703,6.5342956,5.18
2021-11-07 20:40:00.000001,2021-11-08 00:00:00.000000,20,4.751768,6.8619,6.5342956,4.78
2021-11-07 20:40:00.000001,2021-11-08 00:10:00.000004,21,4.598986,6.8624253,6.5342956,4.48
2021-11-07 20:40:00.000001,2021-11-08 00:19:59.999999,22,4.6896253,6.8631954,6.5342956,4.62
2021-11-07 20:40:00.000001,2021-11-08 00:30:00.000003,23,5.0601583,6.8641405,6.5342956,5.22
2021-11-07 20:40:00.000001,2021-11-08 00:39:59.999998,24,5.317849,6.8651958,6.5342956,5.37
2021-11-07 20:40:00.000001,2021-11-08 00:50:00.000002,25,5.05959,6.8663096,6.5342956,4.86
2021-11-07 20:40:00.000001,2021-11-08 00:59:59.999997,26,4.598581,6.8674355,6.5342956,4.65
2021-11-07 20:40:00.000001,2021-11-08 01:10:00.000001,27,4.4515204,6.86854,6.5342956,4.54
2021-11-07 20:40:00.000001,2021-11-08 01:19:59.999996,28,4.4384356,6.8695965,6.5342956,4.44
2021-11-07 20:40:00.000001,2021-11-08 01:30:00.000000,29,4.1997337,6.8705854,6.5342956,4.07
2021-11-07 20:40:00.000001,2021-11-08 01:40:00.000004,30,3.9808607,6.8714943,6.5342956,4.1
2021-11-07 20:40:00.000001,2021-11-08 01:49:59.999999,31,4.1168413,6.8723173,6.5342956,4.1
2021-11-07 20:40:00.000001,2021-11-08 02:00:00.000003,32,4.4660053,6.8730483,6.5342956,4.38
2021-11-07 20:40:00.000001,2021-11-08 02:09:59.999998,33,4.7106314,6.873695,6.5342956,4.82
2021-11-07 20:40:00.000001,2021-11-08 02:20:00.000002,34,4.569664,6.8742537,6.5342956,4.55
2021-11-07 20:40:00.000001,2021-11-08 02:29:59.999997,35,4.002863,6.8747344,6.5342956,3.92
2021-11-07 20:40:00.000001,2021-11-08 02:40:00.000001,36,3.6022148,6.8751426,6.5342956,3.69
2021-11-07 20:49:59.999996,2021-11-07 21:00:00.000000,1,6.471457,7.41074,6.319057,6.72
2021-11-07 20:49:59.999996,2021-11-07 21:10:00.000004,2,6.593217,7.258995,6.319057,6.33
2021-11-07 20:49:59.999996,2021-11-07 21:19:59.999999,3,6.495487,7.148902,6.319057,6.68
2021-11-07 20:49:59.999996,2021-11-07 21:30:00.000003,4,6.2108054,7.057718,6.319057,6.11
2021-11-07 20:49:59.999996,2021-11-07 21:39:59.999998,5,5.8652654,6.9862304,6.319057,5.95
2021-11-07 20:49:59.999996,2021-11-07 21:50:00.000002,6,5.6032023,6.9314537,6.319057,5.49
2021-11-07 20:49:59.999996,2021-11-07 21:59:59.999997,7,5.51652,6.8897414,6.319057,5.62
2021-11-07 20:49:59.999996,2021-11-07 22:10:00.000001,8,5.577802,6.8578777,6.319057,5.61
2021-11-07 20:49:59.999996,2021-11-07 22:19:59.999996,9,5.5765333,6.8333364,6.319057,5.34
2021-11-07 20:49:59.999996,2021-11-07 22:30:00.000000,10,5.336431,6.814238,6.319057,5.57
2021-11-07 20:49:59.999996,2021-11-07 22:40:00.000004,11,5.039627,6.799229,6.319057,5.1
2021-11-07 20:49:59.999996,2021-11-07 22:49:59.999999,12,4.9726324,6.787348,6.319057,4.7
2021-11-07 20:49:59.999996,2021-11-07 23:00:00.000003,13,5.060891,6.7779093,6.319057,5.21
2021-11-07 20:49:59.999996,2021-11-07 23:09:59.999998,14,5.0804315,6.770431,6.319057,5.12
2021-11-07 20:49:59.999996,2021-11-07 23:20:00.000002,15,5.0732093,6.7645574,6.319057,5.02
2021-11-07 20:49:59.999996,2021-11-07 23:29:59.999997,16,5.1396723,6.7600193,6.319057,5.21
2021-11-07 20:49:59.999996,2021-11-07 23:40:00.000001,17,5.149259,6.756604,6.319057,4.95
2021-11-07 20:49:59.999996,2021-11-07 23:49:59.999996,18,4.986843,6.7541337,6.319057,5.18
2021-11-07 20:49:59.999996,2021-11-08 00:00:00.000000,19,4.751768,6.7524524,6.319057,4.78
2021-11-07 20:49:59.999996,2021-11-08 00:10:00.000004,20,4.598986,6.751422,6.319057,4.48
2021-11-07 20:49:59.999996,2021-11-08 00:19:59.999999,21,4.6896253,6.7509165,6.319057,4.62
2021-11-07 20:49:59.999996,2021-11-08 00:30:00.000003,22,5.0601583,6.7508297,6.319057,5.22
2021-11-07 20:49:59.999996,2021-11-08 00:39:59.999998,23,5.317849,6.751062,6.319057,5.37
2021-11-07 20:49:59.999996,2021-11-08 00:50:00.000002,24,5.05959,6.751526,6.319057,4.86
2021-11-07 20:49:59.999996,2021-11-08 00:59:59.999997,25,4.598581,6.7521515,6.319057,4.65
2021-11-07 20:49:59.999996,2021-11-08 01:10:00.000001,26,4.4515204,6.752877,6.319057,4.54
2021-11-07 20:49:59.999996,2021-11-08 01:19:59.999996,27,4.4384356,6.7536554,6.319057,4.44
2021-11-07 20:49:59.999996,2021-11-08 01:30:00.000000,28,4.1997337,6.7544436,6.319057,4.07
2021-11-07 20:49:59.999996,2021-11-08 01:40:00.000004,29,3.9808607,6.7552176,6.319057,4.1
2021-11-07 20:49:59.999996,2021-11-08 01:49:59.999999,30,4.1168413,6.7559543,6.319057,4.1
2021-11-07 20:49:59.999996,2021-11-08 02:00:00.000003,31,4.4660053,6.7566395,6.319057,4.38
2021-11-07 20:49:59.999996,2021-11-08 02:09:59.999998,32,4.7106314,6.757265,6.319057,4.82
2021-11-07 20:49:59.999996,2021-11-08 02:20:00.000002,33,4.569664,6.7578244,6.319057,4.55
2021-11-07 20:49:59.999996,2021-11-08 02:29:59.999997,34,4.002863,6.7583213,6.319057,3.92
2021-11-07 20:49:59.999996,2021-11-08 02:40:00.000001,35,3.6022148,6.758754,6.319057,3.69
2021-11-07 20:49:59.999996,2021-11-08 02:49:59.999996,36,3.9425573,6.759125,6.319057,3.92
2021-11-07 21:00:00.000000,2021-11-07 21:10:00.000004,1,6.593217,7.423852,6.471457,6.33
2021-11-07 21:00:00.000000,2021-11-07 21:19:59.999999,2,6.495487,7.290516,6.471457,6.68
2021-11-07 21:00:00.000000,2021-11-07 21:30:00.000003,3,6.2108054,7.1968093,6.471457,6.11
2021-11-07 21:00:00.000000,2021-11-07 21:39:59.999998,4,5.8652654,7.1195707,6.471457,5.95
2021-11-07 21:00:00.000000,2021-11-07 21:50:00.000002,5,5.6032023,7.0593877,6.471457,5.49
2021-11-07 21:00:00.000000,2021-11-07 21:59:59.999997,6,5.51652,7.0134563,6.471457,5.62
2021-11-07 21:00:00.000000,2021-11-07 22:10:00.000001,7,5.577802,6.9784484,6.471457,5.61
2021-11-07 21:00:00.000000,2021-11-07 22:19:59.999996,8,5.5765333,6.95148,6.471457,5.34
2021-11-07 21:00:00.000000,2021-11-07 22:30:00.000000,9,5.336431,6.930329,6.471457,5.57
2021-11-07 21:00:00.000000,2021-11-07 22:40:00.000004,10,5.039627,6.9133935,6.471457,5.1
2021-11-07 21:00:00.000000,2021-11-07 22:49:59.999999,11,4.9726324,6.899552,6.471457,4.7
2021-11-07 21:00:00.000000,2021-11-07 23:00:00.000003,12,5.060891,6.8880525,6.471457,5.21
2021-11-07 21:00:00.000000,2021-11-07 23:09:59.999998,13,5.0804315,6.878393,6.471457,5.12
2021-11-07 21:00:00.000000,2021-11-07 23:20:00.000002,14,5.0732093,6.870243,6.471457,5.02
2021-11-07 21:00:00.000000,2021-11-07 23:29:59.999997,15,5.1396723,6.863379,6.471457,5.21
2021-11-07 21:00:00.000000,2021-11-07 23:40:00.000001,16,5.149259,6.8576393,6.471457,4.95
2021-11-07 21:00:00.000000,2021-11-07 23:49:59.999996,17,4.986843,6.8528986,6.471457,5.18
2021-11-07 21:00:00.000000,2021-11-08 00:00:00.000000,18,4.751768,6.8490477,6.471457,4.78
2021-11-07 21:00:00.000000,2021-11-08 00:10:00.000004,19,4.598986,6.8459845,6.471457,4.48
2021-11-07 21:00:00.000000,2021-11-08 00:19:59.999999,20,4.6896253,6.843614,6.471457,4.62
2021-11-07 21:00:00.000000,2021-11-08 00:30:00.000003,21,5.0601583,6.841835,6.471457,5.22
2021-11-07 21:00:00.000000,2021-11-08 00:39:59.999998,22,5.317849,6.8405604,6.471457,5.37
2021-11-07 21:00:00.000000,2021-11-08 00:50:00.000002,23,5.05959,6.8397026,6.471457,4.86
2021-11-07 21:00:00.000000,2021-11-08 00:59:59.999997,24,4.598581,6.83918,6.471457,4.65
2021-11-07 21:00:00.000000,2021-11-08 01:10:00.000001,25,4.4515204,6.838924,6.471457,4.54
2021-11-07 21:00:00.000000,2021-11-08 01:19:59.999996,26,4.4384356,6.8388677,6.471457,4.44
2021-11-07 21:00:00.000000,2021-11-08 01:30:00.000000,27,4.1997337,6.838961,6.471457,4.07
2021-11-07 21:00:00.000000,2021-11-08 01:40:00.000004,28,3.9808607,6.8391547,6.471457,4.1
2021-11-07 21:00:00.000000,2021-11-08 01:49:59.999999,29,4.1168413,6.8394175,6.471457,4.1
2021-11-07 21:00:00.000000,2021-11-08 02:00:00.000003,30,4.4660053,6.8397174,6.471457,4.38
2021-11-07 21:00:00.000000,2021-11-08 02:09:59.999998,31,4.7106314,6.840033,6.471457,4.82
2021-11-07 21:00:00.000000,2021-11-08 02:20:00.000002,32,4.569664,6.8403482,6.471457,4.55
2021-11-07 21:00:00.000000,2021-11-08 02:29:59.999997,33,4.002863,6.84065,6.471457,3.92
2021-11-07 21:00:00.000000,2021-11-08 02:40:00.000001,34,3.6022148,6.8409348,6.471457,3.69
2021-11-07 21:00:00.000000,2021-11-08 02:49:59.999996,35,3.9425573,6.841192,6.471457,3.92
2021-11-07 21:00:00.000000,2021-11-08 03:00:00.000000,36,4.5903893,6.841424,6.471457,4.54
2021-11-07 21:10:00.000004,2021-11-07 21:19:59.999999,1,6.495487,7.397768,6.593217,6.68
2021-11-07 21:10:00.000004,2021-11-07 21:30:00.000003,2,6.2108054,7.272942,6.593217,6.11
2021-11-07 21:10:00.000004,2021-11-07 21:39:59.999998,3,5.8652654,7.1897616,6.593217,5.95
2021-11-07 21:10:00.000004,2021-11-07 21:50:00.000002,4,5.6032023,7.123175,6.593217,5.49
2021-11-07 21:10:00.000004,2021-11-07 21:59:59.999997,5,5.51652,7.073216,6.593217,5.62
2021-11-07 21:10:00.000004,2021-11-07 22:10:00.000001,6,5.577802,7.0367413,6.593217,5.61
2021-11-07 21:10:00.000004,2021-11-07 22:19:59.999996,7,5.5765333,7.0102444,6.593217,5.34
2021-11-07 21:10:00.000004,2021-11-07 22:30:00.000000,8,5.336431,6.990762,6.593217,5.57
2021-11-07 21:10:00.000004,2021-11-07 22:40:00.000004,9,5.039627,6.9760656,6.593217,5.1
2021-11-07 21:10:00.000004,2021-11-07 22:49:59.999999,10,4.9726324,6.9645853,6.593217,4.7
2021-11-07 21:10:00.000004,2021-11-07 23:00:00.000003,11,5.060891,6.9552693,6.593217,5.21
2021-11-07 21:10:00.000004,2021-11-07 23:09:59.999998,12,5.0804315,6.9474535,6.593217,5.12
2021-11-07 21:10:00.000004,2021-11-07 23:20:00.000002,13,5.0732093,6.9407315,6.593217,5.02
2021-11-07 21:10:00.000004,2021-11-07 23:29:59.999997,14,5.1396723,6.934875,6.593217,5.21
2021-11-07 21:10:00.000004,2021-11-07 23:40:00.000001,15,5.149259,6.9297585,6.593217,4.95
2021-11-07 21:10:00.000004,2021-11-07 23:49:59.999996,16,4.986843,6.9253116,6.593217,5.18
2021-11-07 21:10:00.000004,2021-11-08 00:00:00.000000,17,4.751768,6.921492,6.593217,4.78
2021-11-07 21:10:00.000004,2021-11-08 00:10:00.000004,18,4.598986,6.918264,6.593217,4.48
2021-11-07 21:10:00.000004,2021-11-08 00:19:59.999999,19,4.6896253,6.915588,6.593217,4.62
2021-11-07 21:10:00.000004,2021-11-08 00:30:00.000003,20,5.0601583,6.913422,6.593217,5.22
2021-11-07 21:10:00.000004,2021-11-08 00:39:59.999998,21,5.317849,6.9117136,6.593217,5.37
2021-11-07 21:10:00.000004,2021-11-08 00:50:00.000002,22,5.05959,6.910406,6.593217,4.86
2021-11-07 21:10:00.000004,2021-11-08 00:59:59.999997,23,4.598581,6.909446,6.593217,4.65
2021-11-07 21:10:00.000004,2021-11-08 01:10:00.000001,24,4.4515204,6.9087734,6.593217,4.54
2021-11-07 21:10:00.000004,2021-11-08 01:19:59.999996,25,4.4384356,6.9083366,6.593217,4.44
2021-11-07 21:10:00.000004,2021-11-08 01:30:00.000000,26,4.1997337,6.908085,6.593217,4.07
2021-11-07 21:10:00.000004,2021-11-08 01:40:00.000004,27,3.9808607,6.9079785,6.593217,4.1
2021-11-07 21:10:00.000004,2021-11-08 01:49:59.999999,28,4.1168413,6.907977,6.593217,4.1
2021-11-07 21:10:00.000004,2021-11-08 02:00:00.000003,29,4.4660053,6.908051,6.593217,4.38
2021-11-07 21:10:00.000004,2021-11-08 02:09:59.999998,30,4.7106314,6.908174,6.593217,4.82
2021-11-07 21:10:00.000004,2021-11-08 02:20:00.000002,31,4.569664,6.9083247,6.593217,4.55
2021-11-07 21:10:00.000004,2021-11-08 02:29:59.999997,32,4.002863,6.9084926,6.593217,3.92
2021-11-07 21:10:00.000004,2021-11-08 02:40:00.000001,33,3.6022148,6.9086614,6.593217,3.69
2021-11-07 21:10:00.000004,2021-11-08 02:49:59.999996,34,3.9425573,6.908825,6.593217,3.92
2021-11-07 21:10:00.000004,2021-11-08 03:00:00.000000,35,4.5903893,6.9089794,6.593217,4.54
2021-11-07 21:10:00.000004,2021-11-08 03:10:00.000004,36,4.802057,6.9091206,6.593217,4.94
2021-11-07 21:19:59.999999,2021-11-07 21:30:00.000003,1,6.2108054,7.454842,6.495487,6.11
2021-11-07 21:19:59.999999,2021-11-07 21:39:59.999998,2,5.8652654,7.309982,6.495487,5.95
2021-11-07 21:19:59.999999,2021-11-07 21:50:00.000002,3,5.6032023,7.2103505,6.495487,5.49
2021-11-07 21:19:59.999999,2021-11-07 21:59:59.999997,4,5.51652,7.1303287,6.495487,5.62
2021-11-07 21:19:59.999999,2021-11-07 22:10:00.000001,5,5.577802,7.069385,6.495487,5.61
2021-11-07 21:19:59.999999,2021-11-07 22:19:59.999996,6,5.5765333,7.0239244,6.495487,5.34
2021-11-07 21:19:59.999999,2021-11-07 22:30:00.000000,7,5.336431,6.9900784,6.495487,5.57
2021-11-07 21:19:59.999999,2021-11-07 22:40:00.000004,8,5.039627,6.9645963,6.495487,5.1
2021-11-07 21:19:59.999999,2021-11-07 22:49:59.999999,9,4.9726324,6.9450173,6.495487,4.7
2021-11-07 21:19:59.999999,2021-11-07 23:00:00.000003,10,5.060891,6.9295893,6.495487,5.21
2021-11-07 21:19:59.999999,2021-11-07 23:09:59.999998,11,5.0804315,6.9171114,6.495487,5.12
2021-11-07 21:19:59.999999,2021-11-07 23:20:00.000002,12,5.0732093,6.906788,6.495487,5.02
2021-11-07 21:19:59.999999,2021-11-07 23:29:59.999997,13,5.1396723,6.8981023,6.495487,5.21
2021-11-07 21:19:59.999999,2021-11-07 23:40:00.000001,14,5.149259,6.8907294,6.495487,4.95
2021-11-07 21:19:59.999999,2021-11-07 23:49:59.999996,15,4.986843,6.884463,6.495487,5.18
2021-11-07 21:19:59.999999,2021-11-08 00:00:00.000000,16,4.751768,6.879165,6.495487,4.78
2021-11-07 21:19:59.999999,2021-11-08 00:10:00.000004,17,4.598986,6.874733,6.495487,4.48
2021-11-07 21:19:59.999999,2021-11-08 00:19:59.999999,18,4.6896253,6.8710833,6.495487,4.62
2021-11-07 21:19:59.999999,2021-11-08 00:30:00.000003,19,5.0601583,6.8681345,6.495487,5.22
2021-11-07 21:19:59.999999,2021-11-08 00:39:59.999998,20,5.317849,6.8658113,6.495487,5.37
2021-11-07 21:19:59.999999,2021-11-08 00:50:00.000002,21,5.05959,6.8640323,6.495487,4.86
2021-11-07 21:19:59.999999,2021-11-08 00:59:59.999997,22,4.598581,6.862723,6.495487,4.65
2021-11-07 21:19:59.999999,2021-11-08 01:10:00.000001,23,4.4515204,6.8618064,6.495487,4.54
2021-11-07 21:19:59.999999,2021-11-08 01:19:59.999996,24,4.4384356,6.8612127,6.495487,4.44
2021-11-07 21:19:59.999999,2021-11-08 01:30:00.000000,25,4.1997337,6.8608785,6.495487,4.07
2021-11-07 21:19:59.999999,2021-11-08 01:40:00.000004,26,3.9808607,6.8607445,6.495487,4.1
2021-11-07 21:19:59.999999,2021-11-08 01:49:59.999999,27,4.1168413,6.860762,6.495487,4.1
2021-11-07 21:19:59.999999,2021-11-08 02:00:00.000003,28,4.4660053,6.8608856,6.495487,4.38
2021-11-07 21:19:59.999999,2021-11-08 02:09:59.999998,29,4.7106314,6.861083,6.495487,4.82
2021-11-07 21:19:59.999999,2021-11-08 02:20:00.000002,30,4.569664,6.8613267,6.495487,4.55
2021-11-07 21:19:59.999999,2021-11-08 02:29:59.999997,31,4.002863,6.861593,6.495487,3.92
2021-11-07 21:19:59.999999,2021-11-08 02:40:00.000001,32,3.6022148,6.861864,6.495487,3.69
2021-11-07 21:19:59.999999,2021-11-08 02:49:59.999996,33,3.9425573,6.862132,6.495487,3.92
2021-11-07 21:19:59.999999,2021-11-08 03:00:00.000000,34,4.5903893,6.862385,6.495487,4.54
2021-11-07 21:19:59.999999,2021-11-08 03:10:00.000004,35,4.802057,6.86262,6.495487,4.94
2021-11-07 21:19:59.999999,2021-11-08 03:19:59.999999,36,4.665316,6.8628325,6.495487,4.45
2021-11-07 21:30:00.000003,2021-11-07 21:39:59.999998,1,5.8652654,7.4145775,6.2108054,5.95
2021-11-07 21:30:00.000003,2021-11-07 21:50:00.000002,2,5.6032023,7.2343106,6.2108054,5.49
2021-11-07 21:30:00.000003,2021-11-07 21:59:59.999997,3,5.51652,7.1057076,6.2108054,5.62
2021-11-07 21:30:00.000003,2021-11-07 22:10:00.000001,4,5.577802,7.0032516,6.2108054,5.61
2021-11-07 21:30:00.000003,2021-11-07 22:19:59.999996,5,5.5765333,6.925665,6.2108054,5.34
2021-11-07 21:30:00.000003,2021-11-07 22:30:00.000000,6,5.336431,6.8682766,6.2108054,5.57
2021-11-07 21:30:00.000003,2021-11-07 22:40:00.000004,7,5.039627,6.826198,6.2108054,5.1
2021-11-07 21:30:00.000003,2021-11-07 22:49:59.999999,8,4.9726324,6.795322,6.2108054,4.7
2021-11-07 21:30:00.000003,2021-11-07 23:00:00.000003,9,5.060891,6.7724977,6.2108054,5.21
2021-11-07 21:30:00.000003,2021-11-07 23:09:59.999998,10,5.0804315,6.755423,6.2108054,5.12
2021-11-07 21:30:00.000003,2021-11-07 23:20:00.000002,11,5.0732093,6.742469,6.2108054,5.02
2021-11-07 21:30:00.000003,2021-11-07 23:29:59.999997,12,5.1396723,6.7325053,6.2108054,5.21
2021-11-07 21:30:00.000003,2021-11-07 23:40:00.000001,13,5.149259,6.724759,6.2108054,4.95
2021-11-07 21:30:00.000003,2021-11-07 23:49:59.999996,14,4.986843,6.718704,6.2108054,5.18
2021-11-07 21:30:00.000003,2021-11-08 00:00:00.000000,15,4.751768,6.7139807,6.2108054,4.78
2021-11-07 21:30:00.000003,2021-11-08 00:10:00.000004,16,4.598986,6.710335,6.2108054,4.48
2021-11-07 21:30:00.000003,2021-11-08 00:19:59.999999,17,4.6896253,6.707581,6.2108054,4.62
2021-11-07 21:30:00.000003,2021-11-08 00:30:00.000003,18,5.0601583,6.7055693,6.2108054,5.22
2021-11-07 21:30:00.000003,2021-11-08 00:39:59.999998,19,5.317849,6.7041817,6.2108054,5.37
2021-11-07 21:30:00.000003,2021-11-08 00:50:00.000002,20,5.05959,6.703311,6.2108054,4.86
2021-11-07 21:30:00.000003,2021-11-08 00:59:59.999997,21,4.598581,6.7028623,6.2108054,4.65
2021-11-07 21:30:00.000003,2021-11-08 01:10:00.000001,22,4.4515204,6.702751,6.2108054,4.54
2021-11-07 21:30:00.000003,2021-11-08 01:19:59.999996,23,4.4384356,6.702901,6.2108054,4.44
2021-11-07 21:30:00.000003,2021-11-08 01:30:00.000000,24,4.1997337,6.703246,6.2108054,4.07
2021-11-07 21:30:00.000003,2021-11-08 01:40:00.000004,25,3.9808607,6.7037272,6.2108054,4.1
2021-11-07 21:30:00.000003,2021-11-08 01:49:59.999999,26,4.1168413,6.7042956,6.2108054,4.1
2021-11-07 21:30:00.000003,2021-11-08 02:00:00.000003,27,4.4660053,6.704912,6.2108054,4.38
2021-11-07 21:30:00.000003,2021-11-08 02:09:59.999998,28,4.7106314,6.7055426,6.2108054,4.82
2021-11-07 21:30:00.000003,2021-11-08 02:20:00.000002,29,4.569664,6.706164,6.2108054,4.55
2021-11-07 21:30:00.000003,2021-11-08 02:29:59.999997,30,4.002863,6.706758,6.2108054,3.92
2021-11-07 21:30:00.000003,2021-11-08 02:40:00.000001,31,3.6022148,6.7073107,6.2108054,3.69
2021-11-07 21:30:00.000003,2021-11-08 02:49:59.999996,32,3.9425573,6.707817,6.2108054,3.92
2021-11-07 21:30:00.000003,2021-11-08 03:00:00.000000,33,4.5903893,6.7082715,6.2108054,4.54
2021-11-07 21:30:00.000003,2021-11-08 03:10:00.000004,34,4.802057,6.7086725,6.2108054,4.94
2021-11-07 21:30:00.000003,2021-11-08 03:19:59.999999,35,4.665316,6.7090235,6.2108054,4.45
2021-11-07 21:30:00.000003,2021-11-08 03:30:00.000003,36,4.642435,6.709324,6.2108054,4.82
2021-11-07 21:39:59.999998,2021-11-07 21:50:00.000002,1,5.6032023,7.3912067,5.8652654,5.49
2021-11-07 21:39:59.999998,2021-11-07 21:59:59.999997,2,5.51652,7.179892,5.8652654,5.62
2021-11-07 21:39:59.999998,2021-11-07 22:10:00.000001,3,5.577802,7.023754,5.8652654,5.61
2021-11-07 21:39:59.999998,2021-11-07 22:19:59.999996,4,5.5765333,6.897813,5.8652654,5.34
2021-11-07 21:39:59.999998,2021-11-07 22:30:00.000000,5,5.336431,6.8007636,5.8652654,5.57
2021-11-07 21:39:59.999998,2021-11-07 22:40:00.000004,6,5.039627,6.727582,5.8652654,5.1
2021-11-07 21:39:59.999998,2021-11-07 22:49:59.999999,7,4.9726324,6.672912,5.8652654,4.7
2021-11-07 21:39:59.999998,2021-11-07 23:00:00.000003,8,5.060891,6.632154,5.8652654,5.21
2021-11-07 21:39:59.999998,2021-11-07 23:09:59.999998,9,5.0804315,6.601693,5.8652654,5.12
2021-11-07 21:39:59.999998,2021-11-07 23:20:00.000002,10,5.0732093,6.578817,5.8652654,5.02
2021-11-07 21:39:59.999998,2021-11-07 23:29:59.999997,11,5.1396723,6.561538,5.8652654,5.21
2021-11-07 21:39:59.999998,2021-11-07 23:40:00.000001,12,5.149259,6.548423,5.8652654,4.95
2021-11-07 21:39:59.999998,2021-11-07 23:49:59.999996,13,4.986843,6.5384474,5.8652654,5.18
2021-11-07 21:39:59.999998,2021-11-08 00:00:00.000000,14,4.751768,6.530876,5.8652654,4.78
2021-11-07 21:39:59.999998,2021-11-08 00:10:00.000004,15,4.598986,6.5251784,5.8652654,4.48
2021-11-07 21:39:59.999998,2021-11-08 00:19:59.999999,16,4.6896253,6.520965,5.8652654,4.62
2021-11-07 21:39:59.999998,2021-11-08 00:30:00.000003,17,5.0601583,6.517941,5.8652654,5.22
2021-11-07 21:39:59.999998,2021-11-08 00:39:59.999998,18,5.317849,6.5158725,5.8652654,5.37
2021-11-07 21:39:59.999998,2021-11-08 00:50:00.000002,19,5.05959,6.5145745,5.8652654,4.86
2021-11-07 21:39:59.999998,2021-11-08 00:59:59.999997,20,4.598581,6.513888,5.8652654,4.65
2021-11-07 21:39:59.999998,2021-11-08 01:10:00.000001,21,4.4515204,6.513683,5.8652654,4.54
2021-11-07 21:39:59.999998,2021-11-08 01:19:59.999996,22,4.4384356,6.513845,5.8652654,4.44
2021-11-07 21:39:59.999998,2021-11-08 01:30:00.000000,23,4.1997337,6.5142784,5.8652654,4.07
2021-11-07 21:39:59.999998,2021-11-08 01:40:00.000004,24,3.9808607,6.514901,5.8652654,4.1
2021-11-07 21:39:59.999998,2021-11-08 01:49:59.999999,25,4.1168413,6.515646,5.8652654,4.1
2021-11-07 21:39:59.999998,2021-11-08 02:00:00.000003,26,4.4660053,6.5164585,5.8652654,4.38
2021-11-07 21:39:59.999998,2021-11-08 02:09:59.999998,27,4.7106314,6.517297,5.8652654,4.82
2021-11-07 21:39:59.999998,2021-11-08 02:20:00.000002,28,4.569664,6.5181255,5.8652654,4.55
2021-11-07 21:39:59.999998,2021-11-08 02:29:59.999997,29,4.002863,6.5189195,5.8652654,3.92
2021-11-07 21:39:59.999998,2021-11-08 02:40:00.000001,30,3.6022148,6.519663,5.8652654,3.69
2021-11-07 21:39:59.999998,2021-11-08 02:49:59.999996,31,3.9425573,6.5203457,5.8652654,3.92
2021-11-07 21:39:59.999998,2021-11-08 03:00:00.000000,32,4.5903893,6.52096,5.8652654,4.54
2021-11-07 21:39:59.999998,2021-11-08 03:10:00.000004,33,4.802057,6.521506,5.8652654,4.94
2021-11-07 21:39:59.999998,2021-11-08 03:19:59.999999,34,4.665316,6.5219827,5.8652654,4.45
2021-11-07 21:39:59.999998,2021-11-08 03:30:00.000003,35,4.642435,6.5223947,5.8652654,4.82
2021-11-07 21:39:59.999998,2021-11-08 03:39:59.999998,36,4.7615356,6.522747,5.8652654,4.74
2021-11-07 21:50:00.000002,2021-11-07 21:59:59.999997,1,5.51652,7.3484282,5.6032023,5.62
2021-11-07 21:50:00.000002,2021-11-07 22:10:00.000001,2,5.577802,7.1133995,5.6032023,5.61
2021-11-07 21:50:00.000002,2021-11-07 22:19:59.999996,3,5.5765333,6.936018,5.6032023,5.34
2021-11-07 21:50:00.000002,2021-11-07 22:30:00.000000,4,5.336431,6.7924223,5.6032023,5.57
2021-11-07 21:50:00.000002,2021-11-07 22:40:00.000004,5,5.039627,6.681352,5.6032023,5.1
2021-11-07 21:50:00.000002,2021-11-07 22:49:59.999999,6,4.9726324,6.5974736,5.6032023,4.7
2021-11-07 21:50:00.000002,2021-11-07 23:00:00.000003,7,5.060891,6.5349627,5.6032023,5.21
2021-11-07 21:50:00.000002,2021-11-07 23:09:59.999998,8,5.0804315,6.488719,5.6032023,5.12
2021-11-07 21:50:00.000002,2021-11-07 23:20:00.000002,9,5.0732093,6.454647,5.6032023,5.02
2021-11-07 21:50:00.000002,2021-11-07 23:29:59.999997,10,5.1396723,6.429612,5.6032023,5.21
2021-11-07 21:50:00.000002,2021-11-07 23:40:00.000001,11,5.149259,6.411267,5.6032023,4.95
2021-11-07 21:50:00.000002,2021-11-07 23:49:59.999996,12,4.986843,6.39788,5.6032023,5.18
2021-11-07 21:50:00.000002,2021-11-08 00:00:00.000000,13,4.751768,6.388184,5.6032023,4.78
2021-11-07 21:50:00.000002,2021-11-08 00:10:00.000004,14,4.598986,6.3812613,5.6032023,4.48
2021-11-07 21:50:00.000002,2021-11-08 00:19:59.999999,15,4.6896253,6.3764353,5.6032023,4.62
2021-11-07 21:50:00.000002,2021-11-08 00:30:00.000003,16,5.0601583,6.3732076,5.6032023,5.22
2021-11-07 21:50:00.000002,2021-11-08 00:39:59.999998,17,5.317849,6.371205,5.6032023,5.37
2021-11-07 21:50:00.000002,2021-11-08 00:50:00.000002,18,5.05959,6.3701425,5.6032023,4.86
2021-11-07 21:50:00.000002,2021-11-08 00:59:59.999997,19,4.598581,6.3697925,5.6032023,4.65
2021-11-07 21:50:00.000002,2021-11-08 01:10:00.000001,20,4.4515204,6.3699794,5.6032023,4.54
2021-11-07 21:50:00.000002,2021-11-08 01:19:59.999996,21,4.4384356,6.370557,5.6032023,4.44
2021-11-07 21:50:00.000002,2021-11-08 01:30:00.000000,22,4.1997337,6.3714075,5.6032023,4.07
2021-11-07 21:50:00.000002,2021-11-08 01:40:00.000004,23,3.9808607,6.3724365,5.6032023,4.1
2021-11-07 21:50:00.000002,2021-11-08 01:49:59.999999,24,4.1168413,6.373568,5.6032023,4.1
2021-11-07 21:50:00.000002,2021-11-08 02:00:00.000003,25,4.4660053,6.374743,5.6032023,4.38
2021-11-07 21:50:00.000002,2021-11-08 02:09:59.999998,26,4.7106314,6.3759074,5.6032023,4.82
2021-11-07 21:50:00.000002,2021-11-08 02:20:00.000002,27,4.569664,6.3770356,5.6032023,4.55
2021-11-07 21:50:00.000002,2021-11-08 02:29:59.999997,28,4.002863,6.3780956,5.6032023,3.92
2021-11-07 21:50:00.000002,2021-11-08 02:40:00.000001,29,3.6022148,6.3790746,5.6032023,3.69
2021-11-07 21:50:00.000002,2021-11-08 02:49:59.999996,30,3.9425573,6.379963,5.6032023,3.92
2021-11-07 21:50:00.000002,2021-11-08 03:00:00.000000,31,4.5903893,6.3807554,5.6032023,4.54
2021-11-07 21:50:00.000002,2021-11-08 03:10:00.000004,32,4.802057,6.3814516,5.6032023,4.94
2021-11-07 21:50:00.000002,2021-11-08 03:19:59.999999,33,4.665316,6.382056,5.6032023,4.45
2021-11-07 21:50:00.000002,2021-11-08 03:30:00.000003,34,4.642435,6.382576,5.6032023,4.82
2021-11-07 21:50:00.000002,2021-11-08 03:39:59.999998,35,4.7615356,6.383015,5.6032023,4.74
2021-11-07 21:50:00.000002,2021-11-08 03:50:00.000002,36,4.8154545,6.3833838,5.6032023,4.74
2021-11-07 21:59:59.999997,2021-11-07 22:10:00.000001,1,5.577802,7.256285,5.51652,5.61
2021-11-07 21:59:59.999997,2021-11-07 22:19:59.999996,2,5.5765333,7.026707,5.51652,5.34
2021-11-07 21:59:59.999997,2021-11-07 22:30:00.000000,3,5.336431,6.851335,5.51652,5.57
2021-11-07 21:59:59.999997,2021-11-07 22:40:00.000004,4,5.039627,6.7080274,5.51652,5.1
2021-11-07 21:59:59.999997,2021-11-07 22:49:59.999999,5,4.9726324,6.596804,5.51652,4.7
2021-11-07 21:59:59.999997,2021-11-07 23:00:00.000003,6,5.060891,6.513051,5.51652,5.21
2021-11-07 21:59:59.999997,2021-11-07 23:09:59.999998,7,5.0804315,6.451263,5.51652,5.12
2021-11-07 21:59:59.999997,2021-11-07 23:20:00.000002,8,5.0732093,6.4063993,5.51652,5.02
2021-11-07 21:59:59.999997,2021-11-07 23:29:59.999997,9,5.1396723,6.374294,5.51652,5.21
2021-11-07 21:59:59.999997,2021-11-07 23:40:00.000001,10,5.149259,6.3516736,5.51652,4.95
2021-11-07 21:59:59.999997,2021-11-07 23:49:59.999996,11,4.986843,6.336038,5.51652,5.18
2021-11-07 21:59:59.999997,2021-11-08 00:00:00.000000,12,4.751768,6.3255177,5.51652,4.78
2021-11-07 21:59:59.999997,2021-11-08 00:10:00.000004,13,4.598986,6.3187275,5.51652,4.48
2021-11-07 21:59:59.999997,2021-11-08 00:19:59.999999,14,4.6896253,6.3146443,5.51652,4.62
2021-11-07 21:59:59.999997,2021-11-08 00:30:00.000003,15,5.0601583,6.3125243,5.51652,5.22
2021-11-07 21:59:59.999997,2021-11-08 00:39:59.999998,16,5.317849,6.311817,5.51652,5.37
2021-11-07 21:59:59.999997,2021-11-08 00:50:00.000002,17,5.05959,6.3121204,5.51652,4.86
2021-11-07 21:59:59.999997,2021-11-08 00:59:59.999997,18,4.598581,6.3131266,5.51652,4.65
2021-11-07 21:59:59.999997,2021-11-08 01:10:00.000001,19,4.4515204,6.314613,5.51652,4.54
2021-11-07 21:59:59.999997,2021-11-08 01:19:59.999996,20,4.4384356,6.3164005,5.51652,4.44
2021-11-07 21:59:59.999997,2021-11-08 01:30:00.000000,21,4.1997337,6.318359,5.51652,4.07
2021-11-07 21:59:59.999997,2021-11-08 01:40:00.000004,22,3.9808607,6.320386,5.51652,4.1
2021-11-07 21:59:59.999997,2021-11-08 01:49:59.999999,23,4.1168413,6.322407,5.51652,4.1
2021-11-07 21:59:59.999997,2021-11-08 02:00:00.000003,24,4.4660053,6.324362,5.51652,4.38
2021-11-07 21:59:59.999997,2021-11-08 02:09:59.999998,25,4.7106314,6.32621,5.51652,4.82
2021-11-07 21:59:59.999997,2021-11-08 02:20:00.000002,26,4.569664,6.3279247,5.51652,4.55
2021-11-07 21:59:59.999997,2021-11-08 02:29:59.999997,27,4.002863,6.3294907,5.51652,3.92
2021-11-07 21:59:59.999997,2021-11-08 02:40:00.000001,28,3.6022148,6.330897,5.51652,3.69
2021-11-07 21:59:59.999997,2021-11-08 02:49:59.999996,29,3.9425573,6.3321433,5.51652,3.92
2021-11-07 21:59:59.999997,2021-11-08 03:00:00.000000,30,4.5903893,6.3332334,5.51652,4.54
2021-11-07 21:59:59.999997,2021-11-08 03:10:00.000004,31,4.802057,6.334175,5.51652,4.94
2021-11-07 21:59:59.999997,2021-11-08 03:19:59.999999,32,4.665316,6.334979,5.51652,4.45
2021-11-07 21:59:59.999997,2021-11-08 03:30:00.000003,33,4.642435,6.3356566,5.51652,4.82
2021-11-07 21:59:59.999997,2021-11-08 03:39:59.999998,34,4.7615356,6.336221,5.51652,4.74
2021-11-07 21:59:59.999997,2021-11-08 03:50:00.000002,35,4.8154545,6.3366857,5.51652,4.74
2021-11-07 21:59:59.999997,2021-11-08 03:59:59.999997,36,4.7105103,6.337064,5.51652,4.73
2021-11-07 22:10:00.000001,2021-11-07 22:19:59.999996,1,5.5765333,7.240452,5.577802,5.34
2021-11-07 22:10:00.000001,2021-11-07 22:30:00.000000,2,5.336431,7.0132437,5.577802,5.57
2021-11-07 22:10:00.000001,2021-11-07 22:40:00.000004,3,5.039627,6.841859,5.577802,5.1
2021-11-07 22:10:00.000001,2021-11-07 22:49:59.999999,4,4.9726324,6.7031612,5.577802,4.7
2021-11-07 22:10:00.000001,2021-11-07 23:00:00.000003,5,5.060891,6.5967875,5.577802,5.21
2021-11-07 22:10:00.000001,2021-11-07 23:09:59.999998,6,5.0804315,6.517876,5.577802,5.12
2021-11-07 22:10:00.000001,2021-11-07 23:20:00.000002,7,5.0732093,6.4607553,5.577802,5.02
2021-11-07 22:10:00.000001,2021-11-07 23:29:59.999997,8,5.1396723,6.4202695,5.577802,5.21
2021-11-07 22:10:00.000001,2021-11-07 23:40:00.000001,9,5.149259,6.392169,5.577802,4.95
2021-11-07 22:10:00.000001,2021-11-07 23:49:59.999996,10,4.986843,6.373139,5.577802,5.18
2021-11-07 22:10:00.000001,2021-11-08 00:00:00.000000,11,4.751768,6.360662,5.577802,4.78
2021-11-07 22:10:00.000001,2021-11-08 00:10:00.000004,12,4.598986,6.352873,5.577802,4.48
2021-11-07 22:10:00.000001,2021-11-08 00:19:59.999999,13,4.6896253,6.348406,5.577802,4.62
2021-11-07 22:10:00.000001,2021-11-08 00:30:00.000003,14,5.0601583,6.3462725,5.577802,5.22
2021-11-07 22:10:00.000001,2021-11-08 00:39:59.999998,15,5.317849,6.345765,5.577802,5.37
2021-11-07 22:10:00.000001,2021-11-08 00:50:00.000002,16,5.05959,6.346374,5.577802,4.86
2021-11-07 22:10:00.000001,2021-11-08 00:59:59.999997,17,4.598581,6.347732,5.577802,4.65
2021-11-07 22:10:00.000001,2021-11-08 01:10:00.000001,18,4.4515204,6.3495755,5.577802,4.54
2021-11-07 22:10:00.000001,2021-11-08 01:19:59.999996,19,4.4384356,6.3517113,5.577802,4.44
2021-11-07 22:10:00.000001,2021-11-08 01:30:00.000000,20,4.1997337,6.353997,5.577802,4.07
2021-11-07 22:10:00.000001,2021-11-08 01:40:00.000004,21,3.9808607,6.3563285,5.577802,4.1
2021-11-07 22:10:00.000001,2021-11-08 01:49:59.999999,22,4.1168413,6.3586264,5.577802,4.1
2021-11-07 22:10:00.000001,2021-11-08 02:00:00.000003,23,4.4660053,6.3608356,5.577802,4.38
2021-11-07 22:10:00.000001,2021-11-08 02:09:59.999998,24,4.7106314,6.3629193,5.577802,4.82
2021-11-07 22:10:00.000001,2021-11-08 02:20:00.000002,25,4.569664,6.3648453,5.577802,4.55
2021-11-07 22:10:00.000001,2021-11-08 02:29:59.999997,26,4.002863,6.3666034,5.577802,3.92
2021-11-07 22:10:00.000001,2021-11-08 02:40:00.000001,27,3.6022148,6.3681846,5.577802,3.69
2021-11-07 22:10:00.000001,2021-11-08 02:49:59.999996,28,3.9425573,6.3695855,5.577802,3.92
2021-11-07 22:10:00.000001,2021-11-08 03:00:00.000000,29,4.5903893,6.3708153,5.577802,4.54
2021-11-07 22:10:00.000001,2021-11-08 03:10:00.000004,30,4.802057,6.371878,5.577802,4.94
2021-11-07 22:10:00.000001,2021-11-08 03:19:59.999999,31,4.665316,6.3727884,5.577802,4.45
2021-11-07 22:10:00.000001,2021-11-08 03:30:00.000003,32,4.642435,6.3735595,5.577802,4.82
2021-11-07 22:10:00.000001,2021-11-08 03:39:59.999998,33,4.7615356,6.3742013,5.577802,4.74
2021-11-07 22:10:00.000001,2021-11-08 03:50:00.000002,34,4.8154545,6.3747325,5.577802,4.74
2021-11-07 22:10:00.000001,2021-11-08 03:59:59.999997,35,4.7105103,6.375165,5.577802,4.73
2021-11-07 22:10:00.000001,2021-11-08 04:10:00.000001,36,4.4445715,6.3755136,5.577802,4.49
2021-11-07 22:19:59.999996,2021-11-07 22:30:00.000000,1,5.336431,7.2463603,5.5765333,5.57
2021-11-07 22:19:59.999996,2021-11-07 22:40:00.000004,2,5.039627,6.993785,5.5765333,5.1
2021-11-07 22:19:59.999996,2021-11-07 22:49:59.999999,3,4.9726324,6.805986,5.5765333,4.7
2021-11-07 22:19:59.999996,2021-11-07 23:00:00.000003,4,5.060891,6.658219,5.5765333,5.21
2021-11-07 22:19:59.999996,2021-11-07 23:09:59.999998,5,5.0804315,6.548121,5.5765333,5.12
2021-11-07 22:19:59.999996,2021-11-07 23:20:00.000002,6,5.0732093,6.469181,5.5765333,5.02
2021-11-07 22:19:59.999996,2021-11-07 23:29:59.999997,7,5.1396723,6.4144473,5.5765333,5.21
2021-11-07 22:19:59.999996,2021-11-07 23:40:00.000001,8,5.149259,6.377808,5.5765333,4.95
2021-11-07 22:19:59.999996,2021-11-07 23:49:59.999996,9,4.986843,6.3543305,5.5765333,5.18
2021-11-07 22:19:59.999996,2021-11-08 00:00:00.000000,10,4.751768,6.3402224,5.5765333,4.78
2021-11-07 22:19:59.999996,2021-11-08 00:10:00.000004,11,4.598986,6.3326406,5.5765333,4.48
2021-11-07 22:19:59.999996,2021-11-08 00:19:59.999999,12,4.6896253,6.3295093,5.5765333,4.62
2021-11-07 22:19:59.999996,2021-11-08 00:30:00.000003,13,5.0601583,6.3293414,5.5765333,5.22
2021-11-07 22:19:59.999996,2021-11-08 00:39:59.999998,14,5.317849,6.331085,5.5765333,5.37
2021-11-07 22:19:59.999996,2021-11-08 00:50:00.000002,15,5.05959,6.334005,5.5765333,4.86
2021-11-07 22:19:59.999996,2021-11-08 00:59:59.999997,16,4.598581,6.337599,5.5765333,4.65
2021-11-07 22:19:59.999996,2021-11-08 01:10:00.000001,17,4.4515204,6.341523,5.5765333,4.54
2021-11-07 22:19:59.999996,2021-11-08 01:19:59.999996,18,4.4384356,6.3455453,5.5765333,4.44
2021-11-07 22:19:59.999996,2021-11-08 01:30:00.000000,19,4.1997337,6.34951,5.5765333,4.07
2021-11-07 22:19:59.999996,2021-11-08 01:40:00.000004,20,3.9808607,6.353317,5.5765333,4.1
2021-11-07 22:19:59.999996,2021-11-08 01:49:59.999999,21,4.1168413,6.3568983,5.5765333,4.1
2021-11-07 22:19:59.999996,2021-11-08 02:00:00.000003,22,4.4660053,6.360219,5.5765333,4.38
2021-11-07 22:19:59.999996,2021-11-08 02:09:59.999998,23,4.7106314,6.363254,5.5765333,4.82
2021-11-07 22:19:59.999996,2021-11-08 02:20:00.000002,24,4.569664,6.3659954,5.5765333,4.55
2021-11-07 22:19:59.999996,2021-11-08 02:29:59.999997,25,4.002863,6.368446,5.5765333,3.92
2021-11-07 22:19:59.999996,2021-11-08 02:40:00.000001,26,3.6022148,6.3706126,5.5765333,3.69
2021-11-07 22:19:59.999996,2021-11-08 02:49:59.999996,27,3.9425573,6.3725076,5.5765333,3.92
2021-11-07 22:19:59.999996,2021-11-08 03:00:00.000000,28,4.5903893,6.374151,5.5765333,4.54
2021-11-07 22:19:59.999996,2021-11-08 03:10:00.000004,29,4.802057,6.3755608,5.5765333,4.94
2021-11-07 22:19:59.999996,2021-11-08 03:19:59.999999,30,4.665316,6.3767557,5.5765333,4.45
2021-11-07 22:19:59.999996,2021-11-08 03:30:00.000003,31,4.642435,6.377759,5.5765333,4.82
2021-11-07 22:19:59.999996,2021-11-08 03:39:59.999998,32,4.7615356,6.3785925,5.5765333,4.74
2021-11-07 22:19:59.999996,2021-11-08 03:50:00.000002,33,4.8154545,6.379276,5.5765333,4.74
2021-11-07 22:19:59.999996,2021-11-08 03:59:59.999997,34,4.7105103,6.37983,5.5765333,4.73
2021-11-07 22:19:59.999996,2021-11-08 04:10:00.000001,35,4.4445715,6.380273,5.5765333,4.49
2021-11-07 22:19:59.999996,2021-11-08 04:19:59.999996,36,4.0958495,6.38062,5.5765333,4.09
2021-11-07 22:30:00.000000,2021-11-07 22:40:00.000004,1,5.039627,7.238463,5.336431,5.1
2021-11-07 22:30:00.000000,2021-11-07 22:49:59.999999,2,4.9726324,6.9816,5.336431,4.7
2021-11-07 22:30:00.000000,2021-11-07 23:00:00.000003,3,5.060891,6.78532,5.336431,5.21
2021-11-07 22:30:00.000000,2021-11-07 23:09:59.999998,4,5.0804315,6.6265044,5.336431,5.12
2021-11-07 22:30:00.000000,2021-11-07 23:20:00.000002,5,5.0732093,6.504315,5.336431,5.02
2021-11-07 22:30:00.000000,2021-11-07 23:29:59.999997,6,5.1396723,6.4133406,5.336431,5.21
2021-11-07 22:30:00.000000,2021-11-07 23:40:00.000001,7,5.149259,6.3473163,5.336431,4.95
2021-11-07 22:30:00.000000,2021-11-07 23:49:59.999996,8,4.986843,6.3004994,5.336431,5.18
2021-11-07 22:30:00.000000,2021-11-08 00:00:00.000000,9,4.751768,6.26811,5.336431,4.78
2021-11-07 22:30:00.000000,2021-11-08 00:10:00.000004,10,4.598986,6.246366,5.336431,4.48
2021-11-07 22:30:00.000000,2021-11-08 00:19:59.999999,11,4.6896253,6.2323604,5.336431,4.62
2021-11-07 22:30:00.000000,2021-11-08 00:30:00.000003,12,5.0601583,6.223909,5.336431,5.22
2021-11-07 22:30:00.000000,2021-11-08 00:39:59.999998,13,5.317849,6.2193866,5.336431,5.37
2021-11-07 22:30:00.000000,2021-11-08 00:50:00.000002,14,5.05959,6.21761,5.336431,4.86
2021-11-07 22:30:00.000000,2021-11-08 00:59:59.999997,15,4.598581,6.2177167,5.336431,4.65
2021-11-07 22:30:00.000000,2021-11-08 01:10:00.000001,16,4.4515204,6.2190847,5.336431,4.54
2021-11-07 22:30:00.000000,2021-11-08 01:19:59.999996,17,4.4384356,6.221266,5.336431,4.44
2021-11-07 22:30:00.000000,2021-11-08 01:30:00.000000,18,4.1997337,6.2239375,5.336431,4.07
2021-11-07 22:30:00.000000,2021-11-08 01:40:00.000004,19,3.9808607,6.2268715,5.336431,4.1
2021-11-07 22:30:00.000000,2021-11-08 01:49:59.999999,20,4.1168413,6.2298994,5.336431,4.1
2021-11-07 22:30:00.000000,2021-11-08 02:00:00.000003,21,4.4660053,6.2329025,5.336431,4.38
2021-11-07 22:30:00.000000,2021-11-08 02:09:59.999998,22,4.7106314,6.2358003,5.336431,4.82
2021-11-07 22:30:00.000000,2021-11-08 02:20:00.000002,23,4.569664,6.2385345,5.336431,4.55
2021-11-07 22:30:00.000000,2021-11-08 02:29:59.999997,24,4.002863,6.2410684,5.336431,3.92
2021-11-07 22:30:00.000000,2021-11-08 02:40:00.000001,25,3.6022148,6.2433815,5.336431,3.69
2021-11-07 22:30:00.000000,2021-11-08 02:49:59.999996,26,3.9425573,6.2454653,5.336431,3.92
2021-11-07 22:30:00.000000,2021-11-08 03:00:00.000000,27,4.5903893,6.2473154,5.336431,4.54
2021-11-07 22:30:00.000000,2021-11-08 03:10:00.000004,28,4.802057,6.248941,5.336431,4.94
2021-11-07 22:30:00.000000,2021-11-08 03:19:59.999999,29,4.665316,6.2503524,5.336431,4.45
2021-11-07 22:30:00.000000,2021-11-08 03:30:00.000003,30,4.642435,6.2515655,5.336431,4.82
2021-11-07 22:30:00.000000,2021-11-08 03:39:59.999998,31,4.7615356,6.2525935,5.336431,4.74
2021-11-07 22:30:00.000000,2021-11-08 03:50:00.000002,32,4.8154545,6.2534575,5.336431,4.74
2021-11-07 22:30:00.000000,2021-11-08 03:59:59.999997,33,4.7105103,6.254174,5.336431,4.73
2021-11-07 22:30:00.000000,2021-11-08 04:10:00.000001,34,4.4445715,6.254762,5.336431,4.49
2021-11-07 22:30:00.000000,2021-11-08 04:19:59.999996,35,4.0958495,6.2552376,5.336431,4.09
2021-11-07 22:30:00.000000,2021-11-08 04:30:00.000000,36,3.8035653,6.2556176,5.336431,3.76
2021-11-07 22:40:00.000004,2021-11-07 22:49:59.999999,1,4.9726324,7.1875215,5.039627,4.7
2021-11-07 22:40:00.000004,2021-11-07 23:00:00.000003,2,5.060891,6.9141083,5.039627,5.21
2021-11-07 22:40:00.000004,2021-11-07 23:09:59.999998,3,5.0804315,6.7004595,5.039627,5.12
2021-11-07 22:40:00.000004,2021-11-07 23:20:00.000002,4,5.0732093,6.5252385,5.039627,5.02
2021-11-07 22:40:00.000004,2021-11-07 23:29:59.999997,5,5.1396723,6.3886147,5.039627,5.21
2021-11-07 22:40:00.000004,2021-11-07 23:40:00.000001,6,5.149259,6.285545,5.039627,4.95
2021-11-07 22:40:00.000004,2021-11-07 23:49:59.999996,7,4.986843,6.209773,5.039627,5.18
2021-11-07 22:40:00.000004,2021-11-08 00:00:00.000000,8,4.751768,6.1553683,5.039627,4.78
2021-11-07 22:40:00.000004,2021-11-08 00:10:00.000004,9,4.598986,6.1172743,5.039627,4.48
2021-11-07 22:40:00.000004,2021-11-08 00:19:59.999999,10,4.6896253,6.09141,5.039627,4.62
2021-11-07 22:40:00.000004,2021-11-08 00:30:00.000003,11,5.0601583,6.0745773,5.039627,5.22
2021-11-07 22:40:00.000004,2021-11-08 00:39:59.999998,12,5.317849,6.06432,5.039627,5.37
2021-11-07 22:40:00.000004,2021-11-08 00:50:00.000002,13,5.05959,6.0587883,5.039627,4.86
2021-11-07 22:40:00.000004,2021-11-08 00:59:59.999997,14,4.598581,6.0565963,5.039627,4.65
2021-11-07 22:40:00.000004,2021-11-08 01:10:00.000001,15,4.4515204,6.0567193,5.039627,4.54
2021-11-07 22:40:00.000004,2021-11-08 01:19:59.999996,16,4.4384356,6.0584035,5.039627,4.44
2021-11-07 22:40:00.000004,2021-11-08 01:30:00.000000,17,4.1997337,6.0610967,5.039627,4.07
2021-11-07 22:40:00.000004,2021-11-08 01:40:00.000004,18,3.9808607,6.0643964,5.039627,4.1
2021-11-07 22:40:00.000004,2021-11-08 01:49:59.999999,19,4.1168413,6.0680137,5.039627,4.1
2021-11-07 22:40:00.000004,2021-11-08 02:00:00.000003,20,4.4660053,6.0717354,5.039627,4.38
2021-11-07 22:40:00.000004,2021-11-08 02:09:59.999998,21,4.7106314,6.075416,5.039627,4.82
2021-11-07 22:40:00.000004,2021-11-08 02:20:00.000002,22,4.569664,6.0789504,5.039627,4.55
2021-11-07 22:40:00.000004,2021-11-08 02:29:59.999997,23,4.002863,6.0822697,5.039627,3.92
2021-11-07 22:40:00.000004,2021-11-08 02:40:00.000001,24,3.6022148,6.085331,5.039627,3.69
2021-11-07 22:40:00.000004,2021-11-08 02:49:59.999996,25,3.9425573,6.0881124,5.039627,3.92
2021-11-07 22:40:00.000004,2021-11-08 03:00:00.000000,26,4.5903893,6.0906043,5.039627,4.54
2021-11-07 22:40:00.000004,2021-11-08 03:10:00.000004,27,4.802057,6.092808,5.039627,4.94
2021-11-07 22:40:00.000004,2021-11-08 03:19:59.999999,28,4.665316,6.094735,5.039627,4.45
2021-11-07 22:40:00.000004,2021-11-08 03:30:00.000003,29,4.642435,6.0964007,5.039627,4.82
2021-11-07 22:40:00.000004,2021-11-08 03:39:59.999998,30,4.7615356,6.097825,5.039627,4.74
2021-11-07 22:40:00.000004,2021-11-08 03:50:00.000002,31,4.8154545,6.099029,5.039627,4.74
2021-11-07 22:40:00.000004,2021-11-08 03:59:59.999997,32,4.7105103,6.100034,5.039627,4.73
2021-11-07 22:40:00.000004,2021-11-08 04:10:00.000001,33,4.4445715,6.100868,5.039627,4.49
2021-11-07 22:40:00.000004,2021-11-08 04:19:59.999996,34,4.0958495,6.1015496,5.039627,4.09
2021-11-07 22:40:00.000004,2021-11-08 04:30:00.000000,35,3.8035653,6.102098,5.039627,3.76
2021-11-07 22:40:00.000004,2021-11-08 04:40:00.000004,36,3.6667771,6.1025343,5.039627,3.69
2021-11-07 22:49:59.999999,2021-11-07 23:00:00.000003,1,5.060891,7.1682315,4.9726324,5.21
2021-11-07 22:49:59.999999,2021-11-07 23:09:59.999998,2,5.0804315,6.882073,4.9726324,5.12
2021-11-07 22:49:59.999999,2021-11-07 23:20:00.000002,3,5.0732093,6.6594067,4.9726324,5.02
2021-11-07 22:49:59.999999,2021-11-07 23:29:59.999997,4,5.1396723,6.4780817,4.9726324,5.21
2021-11-07 22:49:59.999999,2021-11-07 23:40:00.000001,5,5.149259,6.33776,4.9726324,4.95
2021-11-07 22:49:59.999999,2021-11-07 23:49:59.999996,6,4.986843,6.232893,4.9726324,5.18
2021-11-07 22:49:59.999999,2021-11-08 00:00:00.000000,7,4.751768,6.156745,4.9726324,4.78
2021-11-07 22:49:59.999999,2021-11-08 00:10:00.000004,8,4.598986,6.1029687,4.9726324,4.48
2021-11-07 22:49:59.999999,2021-11-08 00:19:59.999999,9,4.6896253,6.0661693,4.9726324,4.62
2021-11-07 22:49:59.999999,2021-11-08 00:30:00.000003,10,5.0601583,6.042,4.9726324,5.22
2021-11-07 22:49:59.999999,2021-11-08 00:39:59.999998,11,5.317849,6.0270643,4.9726324,5.37
2021-11-07 22:49:59.999999,2021-11-08 00:50:00.000002,12,5.05959,6.0187645,4.9726324,4.86
2021-11-07 22:49:59.999999,2021-11-08 00:59:59.999997,13,4.598581,6.015149,4.9726324,4.65
2021-11-07 22:49:59.999999,2021-11-08 01:10:00.000001,14,4.4515204,6.0147676,4.9726324,4.54
2021-11-07 22:49:59.999999,2021-11-08 01:19:59.999996,15,4.4384356,6.0165544,4.9726324,4.44
2021-11-07 22:49:59.999999,2021-11-08 01:30:00.000000,16,4.1997337,6.0197344,4.9726324,4.07
2021-11-07 22:49:59.999999,2021-11-08 01:40:00.000004,17,3.9808607,6.023748,4.9726324,4.1
2021-11-07 22:49:59.999999,2021-11-08 01:49:59.999999,18,4.1168413,6.028198,4.9726324,4.1
2021-11-07 22:49:59.999999,2021-11-08 02:00:00.000003,19,4.4660053,6.0327973,4.9726324,4.38
2021-11-07 22:49:59.999999,2021-11-08 02:09:59.999998,20,4.7106314,6.037353,4.9726324,4.82
2021-11-07 22:49:59.999999,2021-11-08 02:20:00.000002,21,4.569664,6.0417295,4.9726324,4.55
2021-11-07 22:49:59.999999,2021-11-08 02:29:59.999997,22,4.002863,6.0458403,4.9726324,3.92
2021-11-07 22:49:59.999999,2021-11-08 02:40:00.000001,23,3.6022148,6.04963,4.9726324,3.69
2021-11-07 22:49:59.999999,2021-11-08 02:49:59.999996,24,3.9425573,6.053074,4.9726324,3.92
2021-11-07 22:49:59.999999,2021-11-08 03:00:00.000000,25,4.5903893,6.056159,4.9726324,4.54
2021-11-07 22:49:59.999999,2021-11-08 03:10:00.000004,26,4.802057,6.05889,4.9726324,4.94
2021-11-07 22:49:59.999999,2021-11-08 03:19:59.999999,27,4.665316,6.0612803,4.9726324,4.45
2021-11-07 22:49:59.999999,2021-11-08 03:30:00.000003,28,4.642435,6.06335,4.9726324,4.82
2021-11-07 22:49:59.999999,2021-11-08 03:39:59.999998,29,4.7615356,6.0651236,4.9726324,4.74
2021-11-07 22:49:59.999999,2021-11-08 03:50:00.000002,30,4.8154545,6.066627,4.9726324,4.74
2021-11-07 22:49:59.999999,2021-11-08 03:59:59.999997,31,4.7105103,6.067888,4.9726324,4.73
2021-11-07 22:49:59.999999,2021-11-08 04:10:00.000001,32,4.4445715,6.0689344,4.9726324,4.49
2021-11-07 22:49:59.999999,2021-11-08 04:19:59.999996,33,4.0958495,6.0697927,4.9726324,4.09
2021-11-07 22:49:59.999999,2021-11-08 04:30:00.000000,34,3.8035653,6.0704875,4.9726324,3.76
2021-11-07 22:49:59.999999,2021-11-08 04:40:00.000004,35,3.6667771,6.071045,4.9726324,3.69
2021-11-07 22:49:59.999999,2021-11-08 04:49:59.999999,36,3.7081416,6.071484,4.9726324,3.7
2021-11-07 23:00:00.000003,2021-11-07 23:09:59.999998,1,5.0804315,7.139324,5.060891,5.12
2021-11-07 23:00:00.000003,2021-11-07 23:20:00.000002,2,5.0732093,6.8599043,5.060891,5.02
2021-11-07 23:00:00.000003,2021-11-07 23:29:59.999997,3,5.1396723,6.643913,5.060891,5.21
2021-11-07 23:00:00.000003,2021-11-07 23:40:00.000001,4,5.149259,6.4690685,5.060891,4.95
2021-11-07 23:00:00.000003,2021-11-07 23:49:59.999996,5,4.986843,6.334955,5.060891,5.18
2021-11-07 23:00:00.000003,2021-11-08 00:00:00.000000,6,4.751768,6.235988,5.060891,4.78
2021-11-07 23:00:00.000003,2021-11-08 00:10:00.000004,7,4.598986,6.1653943,5.060891,4.48
2021-11-07 23:00:00.000003,2021-11-08 00:19:59.999999,8,4.6896253,6.116796,5.060891,4.62
2021-11-07 23:00:00.000003,2021-11-08 00:30:00.000003,9,5.0601583,6.084767,5.060891,5.22
2021-11-07 23:00:00.000003,2021-11-08 00:39:59.999998,10,5.317849,6.0649385,5.060891,5.37
2021-11-07 23:00:00.000003,2021-11-08 00:50:00.000002,11,5.05959,6.053906,5.060891,4.86
2021-11-07 23:00:00.000003,2021-11-08 00:59:59.999997,12,4.598581,6.0490785,5.060891,4.65
2021-11-07 23:00:00.000003,2021-11-08 01:10:00.000001,13,4.4515204,6.048517,5.060891,4.54
2021-11-07 23:00:00.000003,2021-11-08 01:19:59.999996,14,4.4384356,6.050793,5.060891,4.44
2021-11-07 23:00:00.000003,2021-11-08 01:30:00.000000,15,4.1997337,6.054868,5.060891,4.07
2021-11-07 23:00:00.000003,2021-11-08 01:40:00.000004,16,3.9808607,6.060001,5.060891,4.1
2021-11-07 23:00:00.000003,2021-11-08 01:49:59.999999,17,4.1168413,6.0656643,5.060891,4.1
2021-11-07 23:00:00.000003,2021-11-08 02:00:00.000003,18,4.4660053,6.0714917,5.060891,4.38
2021-11-07 23:00:00.000003,2021-11-08 02:09:59.999998,19,4.7106314,6.0772357,5.060891,4.82
2021-11-07 23:00:00.000003,2021-11-08 02:20:00.000002,20,4.569664,6.082728,5.060891,4.55
2021-11-07 23:00:00.000003,2021-11-08 02:29:59.999997,21,4.002863,6.0878663,5.060891,3.92
2021-11-07 23:00:00.000003,2021-11-08 02:40:00.000001,22,3.6022148,6.0925884,5.060891,3.69
2021-11-07 23:00:00.000003,2021-11-08 02:49:59.999996,23,3.9425573,6.0968623,5.060891,3.92
2021-11-07 23:00:00.000003,2021-11-08 03:00:00.000000,24,4.5903893,6.100685,5.060891,4.54
2021-11-07 23:00:00.000003,2021-11-08 03:10:00.000004,25,4.802057,6.104063,5.060891,4.94
2021-11-07 23:00:00.000003,2021-11-08 03:19:59.999999,26,4.665316,6.1070175,5.060891,4.45
2021-11-07 23:00:00.000003,2021-11-08 03:30:00.000003,27,4.642435,6.109572,5.060891,4.82
2021-11-07 23:00:00.000003,2021-11-08 03:39:59.999998,28,4.7615356,6.111761,5.060891,4.74
2021-11-07 23:00:00.000003,2021-11-08 03:50:00.000002,29,4.8154545,6.113617,5.060891,4.74
2021-11-07 23:00:00.000003,2021-11-08 03:59:59.999997,30,4.7105103,6.115176,5.060891,4.73
2021-11-07 23:00:00.000003,2021-11-08 04:10:00.000001,31,4.4445715,6.11647,5.060891,4.49
2021-11-07 23:00:00.000003,2021-11-08 04:19:59.999996,32,4.0958495,6.1175327,5.060891,4.09
2021-11-07 23:00:00.000003,2021-11-08 04:30:00.000000,33,3.8035653,6.1183963,5.060891,3.76
2021-11-07 23:00:00.000003,2021-11-08 04:40:00.000004,34,3.6667771,6.119088,5.060891,3.69
2021-11-07 23:00:00.000003,2021-11-08 04:49:59.999999,35,3.7081416,6.1196356,5.060891,3.7
2021-11-07 23:00:00.000003,2021-11-08 05:00:00.000003,36,3.897382,6.1200614,5.060891,3.94
2021-11-07 23:09:59.999998,2021-11-07 23:20:00.000002,1,5.0732093,7.143081,5.0804315,5.02
2021-11-07 23:09:59.999998,2021-11-07 23:29:59.999997,2,5.1396723,6.8640637,5.0804315,5.21
2021-11-07 23:09:59.999998,2021-11-07 23:40:00.000001,3,5.149259,6.6499853,5.0804315,4.95
2021-11-07 23:09:59.999998,2021-11-07 23:49:59.999996,4,4.986843,6.476853,5.0804315,5.18
2021-11-07 23:09:59.999998,2021-11-08 00:00:00.000000,5,4.751768,6.3441343,5.0804315,4.78
2021-11-07 23:09:59.999998,2021-11-08 00:10:00.000004,6,4.598986,6.2462826,5.0804315,4.48
2021-11-07 23:09:59.999998,2021-11-08 00:19:59.999999,7,4.6896253,6.1765876,5.0804315,4.62
2021-11-07 23:09:59.999998,2021-11-08 00:30:00.000003,8,5.0601583,6.12871,5.0804315,5.22
2021-11-07 23:09:59.999998,2021-11-08 00:39:59.999998,9,5.317849,6.097248,5.0804315,5.37
2021-11-07 23:09:59.999998,2021-11-08 00:50:00.000002,10,5.05959,6.0778503,5.0804315,4.86
2021-11-07 23:09:59.999998,2021-11-08 00:59:59.999997,11,4.598581,6.0671268,5.0804315,4.65
2021-11-07 23:09:59.999998,2021-11-08 01:10:00.000001,12,4.4515204,6.062497,5.0804315,4.54
2021-11-07 23:09:59.999998,2021-11-08 01:19:59.999996,13,4.4384356,6.062036,5.0804315,4.44
2021-11-07 23:09:59.999998,2021-11-08 01:30:00.000000,14,4.1997337,6.0643334,5.0804315,4.07
2021-11-07 23:09:59.999998,2021-11-08 01:40:00.000004,15,3.9808607,6.0683627,5.0804315,4.1
2021-11-07 23:09:59.999998,2021-11-08 01:49:59.999999,16,4.1168413,6.073398,5.0804315,4.1
2021-11-07 23:09:59.999998,2021-11-08 02:00:00.000003,17,4.4660053,6.078926,5.0804315,4.38
2021-11-07 23:09:59.999998,2021-11-08 02:09:59.999998,18,4.7106314,6.084591,5.0804315,4.82
2021-11-07 23:09:59.999998,2021-11-08 02:20:00.000002,19,4.569664,6.0901556,5.0804315,4.55
2021-11-07 23:09:59.999998,2021-11-08 02:29:59.999997,20,4.002863,6.095462,5.0804315,3.92
2021-11-07 23:09:59.999998,2021-11-08 02:40:00.000001,21,3.6022148,6.1004133,5.0804315,3.69
2021-11-07 23:09:59.999998,2021-11-08 02:49:59.999996,22,3.9425573,6.1049523,5.0804315,3.92
2021-11-07 23:09:59.999998,2021-11-08 03:00:00.000000,23,4.5903893,6.1090555,5.0804315,4.54
2021-11-07 23:09:59.999998,2021-11-08 03:10:00.000004,24,4.802057,6.112718,5.0804315,4.94
2021-11-07 23:09:59.999998,2021-11-08 03:19:59.999999,25,4.665316,6.115949,5.0804315,4.45
2021-11-07 23:09:59.999998,2021-11-08 03:30:00.000003,26,4.642435,6.1187716,5.0804315,4.82
2021-11-07 23:09:59.999998,2021-11-08 03:39:59.999998,27,4.7615356,6.121208,5.0804315,4.74
2021-11-07 23:09:59.999998,2021-11-08 03:50:00.000002,28,4.8154545,6.1232944,5.0804315,4.74
2021-11-07 23:09:59.999998,2021-11-08 03:59:59.999997,29,4.7105103,6.125062,5.0804315,4.73
2021-11-07 23:09:59.999998,2021-11-08 04:10:00.000001,30,4.4445715,6.126543,5.0804315,4.49
2021-11-07 23:09:59.999998,2021-11-08 04:19:59.999996,31,4.0958495,6.1277733,5.0804315,4.09
2021-11-07 23:09:59.999998,2021-11-08 04:30:00.000000,32,3.8035653,6.128781,5.0804315,3.76
2021-11-07 23:09:59.999998,2021-11-08 04:40:00.000004,33,3.6667771,6.1295986,5.0804315,3.69
2021-11-07 23:09:59.999998,2021-11-08 04:49:59.999999,34,3.7081416,6.130254,5.0804315,3.7
2021-11-07 23:09:59.999998,2021-11-08 05:00:00.000003,35,3.897382,6.1307697,5.0804315,3.94
2021-11-07 23:09:59.999998,2021-11-08 05:09:59.999998,36,4.1938596,6.1311717,5.0804315,4.15
2021-11-07 23:20:00.000002,2021-11-07 23:29:59.999997,1,5.1396723,7.1215606,5.0732093,5.21
2021-11-07 23:20:00.000002,2021-11-07 23:40:00.000001,2,5.149259,6.820554,5.0732093,4.95
2021-11-07 23:20:00.000002,2021-11-07 23:49:59.999996,3,4.986843,6.5905213,5.0732093,5.18
2021-11-07 23:20:00.000002,2021-11-08 00:00:00.000000,4,4.751768,6.407396,5.0732093,4.78
2021-11-07 23:20:00.000002,2021-11-08 00:10:00.000004,5,4.598986,6.2696624,5.0732093,4.48
2021-11-07 23:20:00.000002,2021-11-08 00:19:59.999999,6,4.6896253,6.1706247,5.0732093,4.62
2021-11-07 23:20:00.000002,2021-11-08 00:30:00.000003,7,5.0601583,6.1025147,5.0732093,5.22
2021-11-07 23:20:00.000002,2021-11-08 00:39:59.999998,8,5.317849,6.0581098,5.0732093,5.37
2021-11-07 23:20:00.000002,2021-11-08 00:50:00.000002,9,5.05959,6.0313196,5.0732093,4.86
2021-11-07 23:20:00.000002,2021-11-08 00:59:59.999997,10,4.598581,6.017269,5.0732093,4.65
2021-11-07 23:20:00.000002,2021-11-08 01:10:00.000001,11,4.4515204,6.012182,5.0732093,4.54
2021-11-07 23:20:00.000002,2021-11-08 01:19:59.999996,12,4.4384356,6.0132017,5.0732093,4.44
2021-11-07 23:20:00.000002,2021-11-08 01:30:00.000000,13,4.1997337,6.0182104,5.0732093,4.07
2021-11-07 23:20:00.000002,2021-11-08 01:40:00.000004,14,3.9808607,6.0256658,5.0732093,4.1
2021-11-07 23:20:00.000002,2021-11-08 01:49:59.999999,15,4.1168413,6.034468,5.0732093,4.1
2021-11-07 23:20:00.000002,2021-11-08 02:00:00.000003,16,4.4660053,6.0438447,5.0732093,4.38
2021-11-07 23:20:00.000002,2021-11-08 02:09:59.999998,17,4.7106314,6.0532703,5.0732093,4.82
2021-11-07 23:20:00.000002,2021-11-08 02:20:00.000002,18,4.569664,6.062392,5.0732093,4.55
2021-11-07 23:20:00.000002,2021-11-08 02:29:59.999997,19,4.002863,6.070993,5.0732093,3.92
2021-11-07 23:20:00.000002,2021-11-08 02:40:00.000001,20,3.6022148,6.078939,5.0732093,3.69
2021-11-07 23:20:00.000002,2021-11-08 02:49:59.999996,21,3.9425573,6.086167,5.0732093,3.92
2021-11-07 23:20:00.000002,2021-11-08 03:00:00.000000,22,4.5903893,6.0926538,5.0732093,4.54
2021-11-07 23:20:00.000002,2021-11-08 03:10:00.000004,23,4.802057,6.09841,5.0732093,4.94
2021-11-07 23:20:00.000002,2021-11-08 03:19:59.999999,24,4.665316,6.103465,5.0732093,4.45
2021-11-07 23:20:00.000002,2021-11-08 03:30:00.000003,25,4.642435,6.1078615,5.0732093,4.82
2021-11-07 23:20:00.000002,2021-11-08 03:39:59.999998,26,4.7615356,6.1116514,5.0732093,4.74
2021-11-07 23:20:00.000002,2021-11-08 03:50:00.000002,27,4.8154545,6.114887,5.0732093,4.74
2021-11-07 23:20:00.000002,2021-11-08 03:59:59.999997,28,4.7105103,6.117627,5.0732093,4.73
2021-11-07 23:20:00.000002,2021-11-08 04:10:00.000001,29,4.4445715,6.1199265,5.0732093,4.49
2021-11-07 23:20:00.000002,2021-11-08 04:19:59.999996,30,4.0958495,6.121835,5.0732093,4.09
2021-11-07 23:20:00.000002,2021-11-08 04:30:00.000000,31,3.8035653,6.1234064,5.0732093,3.76
2021-11-07 23:20:00.000002,2021-11-08 04:40:00.000004,32,3.6667771,6.124686,5.0732093,3.69
2021-11-07 23:20:00.000002,2021-11-08 04:49:59.999999,33,3.7081416,6.1257157,5.0732093,3.7
2021-11-07 23:20:00.000002,2021-11-08 05:00:00.000003,34,3.897382,6.1265335,5.0732093,3.94
2021-11-07 23:20:00.000002,2021-11-08 05:09:59.999998,35,4.1938596,6.127175,5.0732093,4.15
2021-11-07 23:20:00.000002,2021-11-08 05:20:00.000002,36,4.567362,6.12767,5.0732093,4.55
2021-11-07 23:29:59.999997,2021-11-07 23:40:00.000001,1,5.149259,7.068997,5.1396723,4.95
2021-11-07 23:29:59.999997,2021-11-07 23:49:59.999996,2,4.986843,6.784876,5.1396723,5.18
2021-11-07 23:29:59.999997,2021-11-08 00:00:00.000000,3,4.751768,6.5669513,5.1396723,4.78
2021-11-07 23:29:59.999997,2021-11-08 00:10:00.000004,4,4.598986,6.39264,5.1396723,4.48
2021-11-07 23:29:59.999997,2021-11-08 00:19:59.999999,5,4.6896253,6.2615066,5.1396723,4.62
2021-11-07 23:29:59.999997,2021-11-08 00:30:00.000003,6,5.0601583,6.1676373,5.1396723,5.22
2021-11-07 23:29:59.999997,2021-11-08 00:39:59.999998,7,5.317849,6.1037626,5.1396723,5.37
2021-11-07 23:29:59.999997,2021-11-08 00:50:00.000002,8,5.05959,6.0629654,5.1396723,4.86
2021-11-07 23:29:59.999997,2021-11-08 00:59:59.999997,9,4.598581,6.039333,5.1396723,4.65
2021-11-07 23:29:59.999997,2021-11-08 01:10:00.000001,10,4.4515204,6.028089,5.1396723,4.54
2021-11-07 23:29:59.999997,2021-11-08 01:19:59.999996,11,4.4384356,6.0255165,5.1396723,4.44
2021-11-07 23:29:59.999997,2021-11-08 01:30:00.000000,12,4.1997337,6.028792,5.1396723,4.07
2021-11-07 23:29:59.999997,2021-11-08 01:40:00.000004,13,3.9808607,6.035821,5.1396723,4.1
2021-11-07 23:29:59.999997,2021-11-08 01:49:59.999999,14,4.1168413,6.045077,5.1396723,4.1
2021-11-07 23:29:59.999997,2021-11-08 02:00:00.000003,15,4.4660053,6.055473,5.1396723,4.38
2021-11-07 23:29:59.999997,2021-11-08 02:09:59.999998,16,4.7106314,6.066252,5.1396723,4.82
2021-11-07 23:29:59.999997,2021-11-08 02:20:00.000002,17,4.569664,6.0769005,5.1396723,4.55
2021-11-07 23:29:59.999997,2021-11-08 02:29:59.999997,18,4.002863,6.0870824,5.1396723,3.92
2021-11-07 23:29:59.999997,2021-11-08 02:40:00.000001,19,3.6022148,6.096591,5.1396723,3.69
2021-11-07 23:29:59.999997,2021-11-08 02:49:59.999996,20,3.9425573,6.1053114,5.1396723,3.92
2021-11-07 23:29:59.999997,2021-11-08 03:00:00.000000,21,4.5903893,6.1131907,5.1396723,4.54
2021-11-07 23:29:59.999997,2021-11-08 03:10:00.000004,22,4.802057,6.120224,5.1396723,4.94
2021-11-07 23:29:59.999997,2021-11-08 03:19:59.999999,23,4.665316,6.126432,5.1396723,4.45
2021-11-07 23:29:59.999997,2021-11-08 03:30:00.000003,24,4.642435,6.131858,5.1396723,4.82
2021-11-07 23:29:59.999997,2021-11-08 03:39:59.999998,25,4.7615356,6.136555,5.1396723,4.74
2021-11-07 23:29:59.999997,2021-11-08 03:50:00.000002,26,4.8154545,6.140586,5.1396723,4.74
2021-11-07 23:29:59.999997,2021-11-08 03:59:59.999997,27,4.7105103,6.144014,5.1396723,4.73
2021-11-07 23:29:59.999997,2021-11-08 04:10:00.000001,28,4.4445715,6.1469026,5.1396723,4.49
2021-11-07 23:29:59.999997,2021-11-08 04:19:59.999996,29,4.0958495,6.1493154,5.1396723,4.09
2021-11-07 23:29:59.999997,2021-11-08 04:30:00.000000,30,3.8035653,6.1513114,5.1396723,3.76
2021-11-07 23:29:59.999997,2021-11-08 04:40:00.000004,31,3.6667771,6.152946,5.1396723,3.69
2021-11-07 23:29:59.999997,2021-11-08 04:49:59.999999,32,3.7081416,6.1542687,5.1396723,3.7
2021-11-07 23:29:59.999997,2021-11-08 05:00:00.000003,33,3.897382,6.1553288,5.1396723,3.94
2021-11-07 23:29:59.999997,2021-11-08 05:09:59.999998,34,4.1938596,6.156165,5.1396723,4.15
2021-11-07 23:29:59.999997,2021-11-08 05:20:00.000002,35,4.567362,6.156815,5.1396723,4.55
2021-11-07 23:29:59.999997,2021-11-08 05:29:59.999997,36,4.9748874,6.1573124,5.1396723,5.01
2021-11-07 23:40:00.000001,2021-11-07 23:49:59.999996,1,4.986843,7.0405188,5.149259,5.18
2021-11-07 23:40:00.000001,2021-11-08 00:00:00.000000,2,4.751768,6.7606697,5.149259,4.78
2021-11-07 23:40:00.000001,2021-11-08 00:10:00.000004,3,4.598986,6.5467367,5.149259,4.48
2021-11-07 23:40:00.000001,2021-11-08 00:19:59.999999,4,4.6896253,6.3754773,5.149259,4.62
2021-11-07 23:40:00.000001,2021-11-08 00:30:00.000003,5,5.0601583,6.2467866,5.149259,5.22
2021-11-07 23:40:00.000001,2021-11-08 00:39:59.999998,6,5.317849,6.1549954,5.149259,5.37
2021-11-07 23:40:00.000001,2021-11-08 00:50:00.000002,7,5.05959,6.0929813,5.149259,4.86
2021-11-07 23:40:00.000001,2021-11-08 00:59:59.999997,8,4.598581,6.053888,5.149259,4.65
2021-11-07 23:40:00.000001,2021-11-08 01:10:00.000001,9,4.4515204,6.031824,5.149259,4.54
2021-11-07 23:40:00.000001,2021-11-08 01:19:59.999996,10,4.4384356,6.022013,5.149259,4.44
2021-11-07 23:40:00.000001,2021-11-08 01:30:00.000000,11,4.1997337,6.0207324,5.149259,4.07
2021-11-07 23:40:00.000001,2021-11-08 01:40:00.000004,12,3.9808607,6.0251527,5.149259,4.1
2021-11-07 23:40:00.000001,2021-11-08 01:49:59.999999,13,4.1168413,6.033177,5.149259,4.1
2021-11-07 23:40:00.000001,2021-11-08 02:00:00.000003,14,4.4660053,6.043285,5.149259,4.38
2021-11-07 23:40:00.000001,2021-11-08 02:09:59.999998,15,4.7106314,6.0543985,5.149259,4.82
2021-11-07 23:40:00.000001,2021-11-08 02:20:00.000002,16,4.569664,6.0657706,5.149259,4.55
2021-11-07 23:40:00.000001,2021-11-08 02:29:59.999997,17,4.002863,6.076899,5.149259,3.92
2021-11-07 23:40:00.000001,2021-11-08 02:40:00.000001,18,3.6022148,6.087461,5.149259,3.69
2021-11-07 23:40:00.000001,2021-11-08 02:49:59.999996,19,3.9425573,6.0972657,5.149259,3.92
2021-11-07 23:40:00.000001,2021-11-08 03:00:00.000000,20,4.5903893,6.106209,5.149259,4.54
2021-11-07 23:40:00.000001,2021-11-08 03:10:00.000004,21,4.802057,6.114252,5.149259,4.94
2021-11-07 23:40:00.000001,2021-11-08 03:19:59.999999,22,4.665316,6.121399,5.149259,4.45
2021-11-07 23:40:00.000001,2021-11-08 03:30:00.000003,23,4.642435,6.12768,5.149259,4.82
2021-11-07 23:40:00.000001,2021-11-08 03:39:59.999998,24,4.7615356,6.133149,5.149259,4.74
2021-11-07 23:40:00.000001,2021-11-08 03:50:00.000002,25,4.8154545,6.1378655,5.149259,4.74
2021-11-07 23:40:00.000001,2021-11-08 03:59:59.999997,26,4.7105103,6.1418977,5.149259,4.73
2021-11-07 23:40:00.000001,2021-11-08 04:10:00.000001,27,4.4445715,6.1453123,5.149259,4.49
2021-11-07 23:40:00.000001,2021-11-08 04:19:59.999996,28,4.0958495,6.1481805,5.149259,4.09
2021-11-07 23:40:00.000001,2021-11-08 04:30:00.000000,29,3.8035653,6.150566,5.149259,3.76
2021-11-07 23:40:00.000001,2021-11-08 04:40:00.000004,30,3.6667771,6.152531,5.149259,3.69
2021-11-07 23:40:00.000001,2021-11-08 04:49:59.999999,31,3.7081416,6.154133,5.149259,3.7
2021-11-07 23:40:00.000001,2021-11-08 05:00:00.000003,32,3.897382,6.155424,5.149259,3.94
2021-11-07 23:40:00.000001,2021-11-08 05:09:59.999998,33,4.1938596,6.1564517,5.149259,4.15
2021-11-07 23:40:00.000001,2021-11-08 05:20:00.000002,34,4.567362,6.1572595,5.149259,4.55
2021-11-07 23:40:00.000001,2021-11-08 05:29:59.999997,35,4.9748874,6.1578827,5.149259,5.01
2021-11-07 23:40:00.000001,2021-11-08 05:40:00.000001,36,5.40503,6.1583543,5.149259,5.43
2021-11-07 23:49:59.999996,2021-11-08 00:00:00.000000,1,4.751768,7.0281496,4.986843,4.78
2021-11-07 23:49:59.999996,2021-11-08 00:10:00.000004,2,4.598986,6.746632,4.986843,4.48
2021-11-07 23:49:59.999996,2021-11-08 00:19:59.999999,3,4.6896253,6.527386,4.986843,4.62
2021-11-07 23:49:59.999996,2021-11-08 00:30:00.000003,4,5.0601583,6.3488436,4.986843,5.22
2021-11-07 23:49:59.999996,2021-11-08 00:39:59.999998,5,5.317849,6.2121134,4.986843,5.37
2021-11-07 23:49:59.999996,2021-11-08 00:50:00.000002,6,5.05959,6.1123137,4.986843,4.86
2021-11-07 23:49:59.999996,2021-11-08 00:59:59.999997,7,4.598581,6.0427847,4.986843,4.65
2021-11-07 23:49:59.999996,2021-11-08 01:10:00.000001,8,4.4515204,5.996917,4.986843,4.54
2021-11-07 23:49:59.999996,2021-11-08 01:19:59.999996,9,4.4384356,5.968924,4.986843,4.44
2021-11-07 23:49:59.999996,2021-11-08 01:30:00.000000,10,4.1997337,5.9540467,4.986843,4.07
2021-11-07 23:49:59.999996,2021-11-08 01:40:00.000004,11,3.9808607,5.9485207,4.986843,4.1
2021-11-07 23:49:59.999996,2021-11-08 01:49:59.999999,12,4.1168413,5.949449,4.986843,4.1
2021-11-07 23:49:59.999996,2021-11-08 02:00:00.000003,13,4.4660053,5.9546523,4.986843,4.38
2021-11-07 23:49:59.999996,2021-11-08 02:09:59.999998,14,4.7106314,5.962515,4.986843,4.82
2021-11-07 23:49:59.999996,2021-11-08 02:20:00.000002,15,4.569664,5.971874,4.986843,4.55
2021-11-07 23:49:59.999996,2021-11-08 02:29:59.999997,16,4.002863,5.981899,4.986843,3.92
2021-11-07 23:49:59.999996,2021-11-08 02:40:00.000001,17,3.6022148,5.9920144,4.986843,3.69
2021-11-07 23:49:59.999996,2021-11-08 02:49:59.999996,18,3.9425573,6.0018353,4.986843,3.92
2021-11-07 23:49:59.999996,2021-11-08 03:00:00.000000,19,4.5903893,6.0111146,4.986843,4.54
2021-11-07 23:49:59.999996,2021-11-08 03:10:00.000004,20,4.802057,6.0197015,4.986843,4.94
2021-11-07 23:49:59.999996,2021-11-08 03:19:59.999999,21,4.665316,6.027517,4.986843,4.45
2021-11-07 23:49:59.999996,2021-11-08 03:30:00.000003,22,4.642435,6.0345345,4.986843,4.82
2021-11-07 23:49:59.999996,2021-11-08 03:39:59.999998,23,4.7615356,6.0407615,4.986843,4.74
2021-11-07 23:49:59.999996,2021-11-08 03:50:00.000002,24,4.8154545,6.0462275,4.986843,4.74
2021-11-07 23:49:59.999996,2021-11-08 03:59:59.999997,25,4.7105103,6.050979,4.986843,4.73
2021-11-07 23:49:59.999996,2021-11-08 04:10:00.000001,26,4.4445715,6.0550694,4.986843,4.49
2021-11-07 23:49:59.999996,2021-11-08 04:19:59.999996,27,4.0958495,6.058561,4.986843,4.09
2021-11-07 23:49:59.999996,2021-11-08 04:30:00.000000,28,3.8035653,6.061512,4.986843,3.76
2021-11-07 23:49:59.999996,2021-11-08 04:40:00.000004,29,3.6667771,6.0639844,4.986843,3.69
2021-11-07 23:49:59.999996,2021-11-08 04:49:59.999999,30,3.7081416,6.0660343,4.986843,3.7
2021-11-07 23:49:59.999996,2021-11-08 05:00:00.000003,31,3.897382,6.0677195,4.986843,3.94
2021-11-07 23:49:59.999996,2021-11-08 05:09:59.999998,32,4.1938596,6.0690885,4.986843,4.15
2021-11-07 23:49:59.999996,2021-11-08 05:20:00.000002,33,4.567362,6.0701885,4.986843,4.55
2021-11-07 23:49:59.999996,2021-11-08 05:29:59.999997,34,4.9748874,6.0710607,4.986843,5.01
2021-11-07 23:49:59.999996,2021-11-08 05:40:00.000001,35,5.40503,6.071743,4.986843,5.43
2021-11-07 23:49:59.999996,2021-11-08 05:49:59.999996,36,5.8836775,6.072267,4.986843,5.85
2021-11-08 00:00:00.000000,2021-11-08 00:10:00.000004,1,4.598986,7.053511,4.751768,4.48
2021-11-08 00:00:00.000000,2021-11-08 00:19:59.999999,2,4.6896253,6.751105,4.751768,4.62
2021-11-08 00:00:00.000000,2021-11-08 00:30:00.000003,3,5.0601583,6.51264,4.751768,5.22
2021-11-08 00:00:00.000000,2021-11-08 00:39:59.999998,4,5.317849,6.3174233,4.751768,5.37
2021-11-08 00:00:00.000000,2021-11-08 00:50:00.000002,5,5.05959,6.1663237,4.751768,4.86
2021-11-08 00:00:00.000000,2021-11-08 00:59:59.999997,6,4.598581,6.054175,4.751768,4.65
2021-11-08 00:00:00.000000,2021-11-08 01:10:00.000001,7,4.4515204,5.97405,4.751768,4.54
2021-11-08 00:00:00.000000,2021-11-08 01:19:59.999996,8,4.4384356,5.9191146,4.751768,4.44
2021-11-08 00:00:00.000000,2021-11-08 01:30:00.000000,9,4.1997337,5.8833847,4.751768,4.07
2021-11-08 00:00:00.000000,2021-11-08 01:40:00.000004,10,3.9808607,5.861933,4.751768,4.1
2021-11-08 00:00:00.000000,2021-11-08 01:49:59.999999,11,4.1168413,5.8508453,4.751768,4.1
2021-11-08 00:00:00.000000,2021-11-08 02:00:00.000003,12,4.4660053,5.8470874,4.751768,4.38
2021-11-08 00:00:00.000000,2021-11-08 02:09:59.999998,13,4.7106314,5.8483586,4.751768,4.82
2021-11-08 00:00:00.000000,2021-11-08 02:20:00.000002,14,4.569664,5.85294,4.751768,4.55
2021-11-08 00:00:00.000000,2021-11-08 02:29:59.999997,15,4.002863,5.85957,4.751768,3.92
2021-11-08 00:00:00.000000,2021-11-08 02:40:00.000001,16,3.6022148,5.8673344,4.751768,3.69
2021-11-08 00:00:00.000000,2021-11-08 02:49:59.999996,17,3.9425573,5.8755875,4.751768,3.92
2021-11-08 00:00:00.000000,2021-11-08 03:00:00.000000,18,4.5903893,5.88388,4.751768,4.54
2021-11-08 00:00:00.000000,2021-11-08 03:10:00.000004,19,4.802057,5.891908,4.751768,4.94
2021-11-08 00:00:00.000000,2021-11-08 03:19:59.999999,20,4.665316,5.899479,4.751768,4.45
2021-11-08 00:00:00.000000,2021-11-08 03:30:00.000003,21,4.642435,5.906474,4.751768,4.82
2021-11-08 00:00:00.000000,2021-11-08 03:39:59.999998,22,4.7615356,5.912833,4.751768,4.74
2021-11-08 00:00:00.000000,2021-11-08 03:50:00.000002,23,4.8154545,5.918534,4.751768,4.74
2021-11-08 00:00:00.000000,2021-11-08 03:59:59.999997,24,4.7105103,5.923584,4.751768,4.73
2021-11-08 00:00:00.000000,2021-11-08 04:10:00.000001,25,4.4445715,5.92801,4.751768,4.49
2021-11-08 00:00:00.000000,2021-11-08 04:19:59.999996,26,4.0958495,5.9318485,4.751768,4.09
2021-11-08 00:00:00.000000,2021-11-08 04:30:00.000000,27,3.8035653,5.935148,4.751768,3.76
2021-11-08 00:00:00.000000,2021-11-08 04:40:00.000004,28,3.6667771,5.9379554,4.751768,3.69
2021-11-08 00:00:00.000000,2021-11-08 04:49:59.999999,29,3.7081416,5.940323,4.751768,3.7
2021-11-08 00:00:00.000000,2021-11-08 05:00:00.000003,30,3.897382,5.942301,4.751768,3.94
2021-11-08 00:00:00.000000,2021-11-08 05:09:59.999998,31,4.1938596,5.943937,4.751768,4.15
2021-11-08 00:00:00.000000,2021-11-08 05:20:00.000002,32,4.567362,5.945274,4.751768,4.55
2021-11-08 00:00:00.000000,2021-11-08 05:29:59.999997,33,4.9748874,5.9463587,4.751768,5.01
2021-11-08 00:00:00.000000,2021-11-08 05:40:00.000001,34,5.40503,5.9472265,4.751768,5.43
2021-11-08 00:00:00.000000,2021-11-08 05:49:59.999996,35,5.8836775,5.9479103,4.751768,5.85
2021-11-08 00:00:00.000000,2021-11-08 06:00:00.000000,36,6.3422136,5.948444,4.751768,6.27
2021-11-08 00:10:00.000004,2021-11-08 00:19:59.999999,1,4.6896253,7.03967,4.598986,4.62
2021-11-08 00:10:00.000004,2021-11-08 00:30:00.000003,2,5.0601583,6.7203135,4.598986,5.22
2021-11-08 00:10:00.000004,2021-11-08 00:39:59.999998,3,5.317849,6.467351,4.598986,5.37
2021-11-08 00:10:00.000004,2021-11-08 00:50:00.000002,4,5.05959,6.261153,4.598986,4.86
2021-11-08 00:10:00.000004,2021-11-08 00:59:59.999997,5,4.598581,6.1020594,4.598986,4.65
2021-11-08 00:10:00.000004,2021-11-08 01:10:00.000001,6,4.4515204,5.9842095,4.598986,4.54
2021-11-08 00:10:00.000004,2021-11-08 01:19:59.999996,7,4.4384356,5.9000673,4.598986,4.44
2021-11-08 00:10:00.000004,2021-11-08 01:30:00.000000,8,4.1997337,5.8423243,4.598986,4.07
2021-11-08 00:10:00.000004,2021-11-08 01:40:00.000004,9,3.9808607,5.804634,4.598986,4.1
2021-11-08 00:10:00.000004,2021-11-08 01:49:59.999999,10,4.1168413,5.7818084,4.598986,4.1
2021-11-08 00:10:00.000004,2021-11-08 02:00:00.000003,11,4.4660053,5.7697434,4.598986,4.38
2021-11-08 00:10:00.000004,2021-11-08 02:09:59.999998,12,4.7106314,5.765277,4.598986,4.82
2021-11-08 00:10:00.000004,2021-11-08 02:20:00.000002,13,4.569664,5.7660117,4.598986,4.55
2021-11-08 00:10:00.000004,2021-11-08 02:29:59.999997,14,4.002863,5.7701664,4.598986,3.92
2021-11-08 00:10:00.000004,2021-11-08 02:40:00.000001,15,3.6022148,5.7764387,4.598986,3.69
2021-11-08 00:10:00.000004,2021-11-08 02:49:59.999996,16,3.9425573,5.7838893,4.598986,3.92
2021-11-08 00:10:00.000004,2021-11-08 03:00:00.000000,17,4.5903893,5.7918534,4.598986,4.54
2021-11-08 00:10:00.000004,2021-11-08 03:10:00.000004,18,4.802057,5.799873,4.598986,4.94
2021-11-08 00:10:00.000004,2021-11-08 03:19:59.999999,19,4.665316,5.807641,4.598986,4.45
2021-11-08 00:10:00.000004,2021-11-08 03:30:00.000003,20,4.642435,5.814961,4.598986,4.82
2021-11-08 00:10:00.000004,2021-11-08 03:39:59.999998,21,4.7615356,5.8217154,4.598986,4.74
2021-11-08 00:10:00.000004,2021-11-08 03:50:00.000002,22,4.8154545,5.8278446,4.598986,4.74
2021-11-08 00:10:00.000004,2021-11-08 03:59:59.999997,23,4.7105103,5.833329,4.598986,4.73
2021-11-08 00:10:00.000004,2021-11-08 04:10:00.000001,24,4.4445715,5.8381763,4.598986,4.49
2021-11-08 00:10:00.000004,2021-11-08 04:19:59.999996,25,4.0958495,5.8424125,4.598986,4.09
2021-11-08 00:10:00.000004,2021-11-08 04:30:00.000000,26,3.8035653,5.8460784,4.598986,3.76
2021-11-08 00:10:00.000004,2021-11-08 04:40:00.000004,27,3.6667771,5.8492193,4.598986,3.69
2021-11-08 00:10:00.000004,2021-11-08 04:49:59.999999,28,3.7081416,5.851883,4.598986,3.7
2021-11-08 00:10:00.000004,2021-11-08 05:00:00.000003,29,3.897382,5.8541226,4.598986,3.94
2021-11-08 00:10:00.000004,2021-11-08 05:09:59.999998,30,4.1938596,5.8559847,4.598986,4.15
2021-11-08 00:10:00.000004,2021-11-08 05:20:00.000002,31,4.567362,5.8575196,4.598986,4.55
2021-11-08 00:10:00.000004,2021-11-08 05:29:59.999997,32,4.9748874,5.8587694,4.598986,5.01
2021-11-08 00:10:00.000004,2021-11-08 05:40:00.000001,33,5.40503,5.859776,4.598986,5.43
2021-11-08 00:10:00.000004,2021-11-08 05:49:59.999996,34,5.8836775,5.8605766,4.598986,5.85
2021-11-08 00:10:00.000004,2021-11-08 06:00:00.000000,35,6.3422136,5.861205,4.598986,6.27
2021-11-08 00:10:00.000004,2021-11-08 06:10:00.000004,36,6.7456675,5.8616886,4.598986,6.93
2021-11-08 00:19:59.999999,2021-11-08 00:30:00.000003,1,5.0601583,7.055525,4.6896253,5.22
2021-11-08 00:19:59.999999,2021-11-08 00:39:59.999998,2,5.317849,6.727493,4.6896253,5.37
2021-11-08 00:19:59.999999,2021-11-08 00:50:00.000002,3,5.05959,6.4706693,4.6896253,4.86
2021-11-08 00:19:59.999999,2021-11-08 00:59:59.999997,4,4.598581,6.2654223,4.6896253,4.65
2021-11-08 00:19:59.999999,2021-11-08 01:10:00.000001,5,4.4515204,6.1101713,4.6896253,4.54
2021-11-08 00:19:59.999999,2021-11-08 01:19:59.999996,6,4.4384356,5.9976015,4.6896253,4.44
2021-11-08 00:19:59.999999,2021-11-08 01:30:00.000000,7,4.1997337,5.9192085,4.6896253,4.07
2021-11-08 00:19:59.999999,2021-11-08 01:40:00.000004,8,3.9808607,5.867063,4.6896253,4.1
2021-11-08 00:19:59.999999,2021-11-08 01:49:59.999999,9,4.1168413,5.8344636,4.6896253,4.1
2021-11-08 00:19:59.999999,2021-11-08 02:00:00.000003,10,4.4660053,5.8160315,4.6896253,4.38
2021-11-08 00:19:59.999999,2021-11-08 02:09:59.999998,11,4.7106314,5.807592,4.6896253,4.82
2021-11-08 00:19:59.999999,2021-11-08 02:20:00.000002,12,4.569664,5.8059855,4.6896253,4.55
2021-11-08 00:19:59.999999,2021-11-08 02:29:59.999997,13,4.002863,5.808869,4.6896253,3.92
2021-11-08 00:19:59.999999,2021-11-08 02:40:00.000001,14,3.6022148,5.8145404,4.6896253,3.69
2021-11-08 00:19:59.999999,2021-11-08 02:49:59.999996,15,3.9425573,5.8217883,4.6896253,3.92
2021-11-08 00:19:59.999999,2021-11-08 03:00:00.000000,16,4.5903893,5.829768,4.6896253,4.54
2021-11-08 00:19:59.999999,2021-11-08 03:10:00.000004,17,4.802057,5.8379054,4.6896253,4.94
2021-11-08 00:19:59.999999,2021-11-08 03:19:59.999999,18,4.665316,5.8458266,4.6896253,4.45
2021-11-08 00:19:59.999999,2021-11-08 03:30:00.000003,19,4.642435,5.8532953,4.6896253,4.82
2021-11-08 00:19:59.999999,2021-11-08 03:39:59.999998,20,4.7615356,5.860177,4.6896253,4.74
2021-11-08 00:19:59.999999,2021-11-08 03:50:00.000002,21,4.8154545,5.866405,4.6896253,4.74
2021-11-08 00:19:59.999999,2021-11-08 03:59:59.999997,22,4.7105103,5.8719606,4.6896253,4.73
2021-11-08 00:19:59.999999,2021-11-08 04:10:00.000001,23,4.4445715,5.876854,4.6896253,4.49
2021-11-08 00:19:59.999999,2021-11-08 04:19:59.999996,24,4.0958495,5.8811197,4.6896253,4.09
2021-11-08 00:19:59.999999,2021-11-08 04:30:00.000000,25,3.8035653,5.8847976,4.6896253,3.76
2021-11-08 00:19:59.999999,2021-11-08 04:40:00.000004,26,3.6667771,5.887941,4.6896253,3.69
2021-11-08 00:19:59.999999,2021-11-08 04:49:59.999999,27,3.7081416,5.8906,4.6896253,3.7
2021-11-08 00:19:59.999999,2021-11-08 05:00:00.000003,28,3.897382,5.8928304,4.6896253,3.94
2021-11-08 00:19:59.999999,2021-11-08 05:09:59.999998,29,4.1938596,5.8946815,4.6896253,4.15
2021-11-08 00:19:59.999999,2021-11-08 05:20:00.000002,30,4.567362,5.8962026,4.6896253,4.55
2021-11-08 00:19:59.999999,2021-11-08 05:29:59.999997,31,4.9748874,5.897441,4.6896253,5.01
2021-11-08 00:19:59.999999,2021-11-08 05:40:00.000001,32,5.40503,5.898435,4.6896253,5.43
2021-11-08 00:19:59.999999,2021-11-08 05:49:59.999996,33,5.8836775,5.8992243,4.6896253,5.85
2021-11-08 00:19:59.999999,2021-11-08 06:00:00.000000,34,6.3422136,5.899841,4.6896253,6.27
2021-11-08 00:19:59.999999,2021-11-08 06:10:00.000004,35,6.7456675,5.9003143,4.6896253,6.93
2021-11-08 00:19:59.999999,2021-11-08 06:19:59.999999,36,7.3213,5.9006696,4.6896253,7.12
2021-11-08 00:30:00.000003,2021-11-08 00:39:59.999998,1,5.317849,7.03976,5.0601583,5.37
2021-11-08 00:30:00.000003,2021-11-08 00:50:00.000002,2,5.05959,6.7281637,5.0601583,4.86
2021-11-08 00:30:00.000003,2021-11-08 00:59:59.999997,3,4.598581,6.490548,5.0601583,4.65
2021-11-08 00:30:00.000003,2021-11-08 01:10:00.000001,4,4.4515204,6.305676,5.0601583,4.54
2021-11-08 00:30:00.000003,2021-11-08 01:19:59.999996,5,4.4384356,6.170671,5.0601583,4.44
2021-11-08 00:30:00.000003,2021-11-08 01:30:00.000000,6,4.1997337,6.0772967,5.0601583,4.07
2021-11-08 00:30:00.000003,2021-11-08 01:40:00.000004,7,3.9808607,6.016482,5.0601583,4.1
2021-11-08 00:30:00.000003,2021-11-08 01:49:59.999999,8,4.1168413,5.9800134,5.0601583,4.1
2021-11-08 00:30:00.000003,2021-11-08 02:00:00.000003,9,4.4660053,5.961087,5.0601583,4.38
2021-11-08 00:30:00.000003,2021-11-08 02:09:59.999998,10,4.7106314,5.9543524,5.0601583,4.82
2021-11-08 00:30:00.000003,2021-11-08 02:20:00.000002,11,4.569664,5.9557495,5.0601583,4.55
2021-11-08 00:30:00.000003,2021-11-08 02:29:59.999997,12,4.002863,5.962281,5.0601583,3.92
2021-11-08 00:30:00.000003,2021-11-08 02:40:00.000001,13,3.6022148,5.971792,5.0601583,3.69
2021-11-08 00:30:00.000003,2021-11-08 02:49:59.999996,14,3.9425573,5.982776,5.0601583,3.92
2021-11-08 00:30:00.000003,2021-11-08 03:00:00.000000,15,4.5903893,5.994215,5.0601583,4.54
2021-11-08 00:30:00.000003,2021-11-08 03:10:00.000004,16,4.802057,6.005445,5.0601583,4.94
2021-11-08 00:30:00.000003,2021-11-08 03:19:59.999999,17,4.665316,6.0160537,5.0601583,4.45
2021-11-08 00:30:00.000003,2021-11-08 03:30:00.000003,18,4.642435,6.0258136,5.0601583,4.82
2021-11-08 00:30:00.000003,2021-11-08 03:39:59.999998,19,4.7615356,6.034616,5.0601583,4.74
2021-11-08 00:30:00.000003,2021-11-08 03:50:00.000002,20,4.8154545,6.042429,5.0601583,4.74
2021-11-08 00:30:00.000003,2021-11-08 03:59:59.999997,21,4.7105103,6.0492787,5.0601583,4.73
2021-11-08 00:30:00.000003,2021-11-08 04:10:00.000001,22,4.4445715,6.055218,5.0601583,4.49
2021-11-08 00:30:00.000003,2021-11-08 04:19:59.999996,23,4.0958495,6.0603185,5.0601583,4.09
2021-11-08 00:30:00.000003,2021-11-08 04:30:00.000000,24,3.8035653,6.0646563,5.0601583,3.76
2021-11-08 00:30:00.000003,2021-11-08 04:40:00.000004,25,3.6667771,6.068319,5.0601583,3.69
2021-11-08 00:30:00.000003,2021-11-08 04:49:59.999999,26,3.7081416,6.0713797,5.0601583,3.7
2021-11-08 00:30:00.000003,2021-11-08 05:00:00.000003,27,3.897382,6.073917,5.0601583,3.94
2021-11-08 00:30:00.000003,2021-11-08 05:09:59.999998,28,4.1938596,6.0760016,5.0601583,4.15
2021-11-08 00:30:00.000003,2021-11-08 05:20:00.000002,29,4.567362,6.0776963,5.0601583,4.55
2021-11-08 00:30:00.000003,2021-11-08 05:29:59.999997,30,4.9748874,6.079058,5.0601583,5.01
2021-11-08 00:30:00.000003,2021-11-08 05:40:00.000001,31,5.40503,6.0801406,5.0601583,5.43
2021-11-08 00:30:00.000003,2021-11-08 05:49:59.999996,32,5.8836775,6.0809875,5.0601583,5.85
2021-11-08 00:30:00.000003,2021-11-08 06:00:00.000000,33,6.3422136,6.0816402,5.0601583,6.27
2021-11-08 00:30:00.000003,2021-11-08 06:10:00.000004,34,6.7456675,6.0821314,5.0601583,6.93
2021-11-08 00:30:00.000003,2021-11-08 06:19:59.999999,35,7.3213,6.082493,5.0601583,7.12
2021-11-08 00:30:00.000003,2021-11-08 06:30:00.000003,36,8.152194,6.082749,5.0601583,8.26
2021-11-08 00:39:59.999998,2021-11-08 00:50:00.000002,1,5.05959,7.0522113,5.317849,4.86
2021-11-08 00:39:59.999998,2021-11-08 00:59:59.999997,2,4.598581,6.751337,5.317849,4.65
2021-11-08 00:39:59.999998,2021-11-08 01:10:00.000001,3,4.4515204,6.526222,5.317849,4.54
2021-11-08 00:39:59.999998,2021-11-08 01:19:59.999996,4,4.4384356,6.3545856,5.317849,4.44
2021-11-08 00:39:59.999998,2021-11-08 01:30:00.000000,5,4.1997337,6.2326455,5.317849,4.07
2021-11-08 00:39:59.999998,2021-11-08 01:40:00.000004,6,3.9808607,6.151458,5.317849,4.1
2021-11-08 00:39:59.999998,2021-11-08 01:49:59.999999,7,4.1168413,6.101542,5.317849,4.1
2021-11-08 00:39:59.999998,2021-11-08 02:00:00.000003,8,4.4660053,6.0745077,5.317849,4.38
2021-11-08 00:39:59.999998,2021-11-08 02:09:59.999998,9,4.7106314,6.0635333,5.317849,4.82
2021-11-08 00:39:59.999998,2021-11-08 02:20:00.000002,10,4.569664,6.063344,5.317849,4.55
2021-11-08 00:39:59.999998,2021-11-08 02:29:59.999997,11,4.002863,6.070012,5.317849,3.92
2021-11-08 00:39:59.999998,2021-11-08 02:40:00.000001,12,3.6022148,6.080696,5.317849,3.69
2021-11-08 00:39:59.999998,2021-11-08 02:49:59.999996,13,3.9425573,6.093406,5.317849,3.92
2021-11-08 00:39:59.999998,2021-11-08 03:00:00.000000,14,4.5903893,6.106794,5.317849,4.54
2021-11-08 00:39:59.999998,2021-11-08 03:10:00.000004,15,4.802057,6.1199865,5.317849,4.94
2021-11-08 00:39:59.999998,2021-11-08 03:19:59.999999,16,4.665316,6.132452,5.317849,4.45
2021-11-08 00:39:59.999998,2021-11-08 03:30:00.000003,17,4.642435,6.1438904,5.317849,4.82
2021-11-08 00:39:59.999998,2021-11-08 03:39:59.999998,18,4.7615356,6.154168,5.317849,4.74
2021-11-08 00:39:59.999998,2021-11-08 03:50:00.000002,19,4.8154545,6.1632514,5.317849,4.74
2021-11-08 00:39:59.999998,2021-11-08 03:59:59.999997,20,4.7105103,6.171178,5.317849,4.73
2021-11-08 00:39:59.999998,2021-11-08 04:10:00.000001,21,4.4445715,6.178017,5.317849,4.49
2021-11-08 00:39:59.999998,2021-11-08 04:19:59.999996,22,4.0958495,6.183866,5.317849,4.09
2021-11-08 00:39:59.999998,2021-11-08 04:30:00.000000,23,3.8035653,6.188823,5.317849,3.76
2021-11-08 00:39:59.999998,2021-11-08 04:40:00.000004,24,3.6667771,6.1929913,5.317849,3.69
2021-11-08 00:39:59.999998,2021-11-08 04:49:59.999999,25,3.7081416,6.196467,5.317849,3.7
2021-11-08 00:39:59.999998,2021-11-08 05:00:00.000003,26,3.897382,6.199342,5.317849,3.94
2021-11-08 00:39:59.999998,2021-11-08 05:09:59.999998,27,4.1938596,6.2016993,5.317849,4.15
2021-11-08 00:39:59.999998,2021-11-08 05:20:00.000002,28,4.567362,6.203615,5.317849,4.55
2021-11-08 00:39:59.999998,2021-11-08 05:29:59.999997,29,4.9748874,6.205154,5.317849,5.01
2021-11-08 00:39:59.999998,2021-11-08 05:40:00.000001,30,5.40503,6.206378,5.317849,5.43
2021-11-08 00:39:59.999998,2021-11-08 05:49:59.999996,31,5.8836775,6.207336,5.317849,5.85
2021-11-08 00:39:59.999998,2021-11-08 06:00:00.000000,32,6.3422136,6.208075,5.317849,6.27
2021-11-08 00:39:59.999998,2021-11-08 06:10:00.000004,33,6.7456675,6.2086325,5.317849,6.93
2021-11-08 00:39:59.999998,2021-11-08 06:19:59.999999,34,7.3213,6.2090435,5.317849,7.12
2021-11-08 00:39:59.999998,2021-11-08 06:30:00.000003,35,8.152194,6.2093368,5.317849,8.26
2021-11-08 00:39:59.999998,2021-11-08 06:39:59.999998,36,8.774045,6.209535,5.317849,8.8
2021-11-08 00:50:00.000002,2021-11-08 00:59:59.999997,1,4.598581,7.0236344,5.05959,4.65
2021-11-08 00:50:00.000002,2021-11-08 01:10:00.000001,2,4.4515204,6.703997,5.05959,4.54
2021-11-08 00:50:00.000002,2021-11-08 01:19:59.999996,3,4.4384356,6.46158,5.05959,4.44
2021-11-08 00:50:00.000002,2021-11-08 01:30:00.000000,4,4.1997337,6.275485,5.05959,4.07
2021-11-08 00:50:00.000002,2021-11-08 01:40:00.000004,5,3.9808607,6.141814,5.05959,4.1
2021-11-08 00:50:00.000002,2021-11-08 01:49:59.999999,6,4.1168413,6.0511928,5.05959,4.1
2021-11-08 00:50:00.000002,2021-11-08 02:00:00.000003,7,4.4660053,5.9937077,5.05959,4.38
2021-11-08 00:50:00.000002,2021-11-08 02:09:59.999998,8,4.7106314,5.9605923,5.05959,4.82
2021-11-08 00:50:00.000002,2021-11-08 02:20:00.000002,9,4.569664,5.9447117,5.05959,4.55
2021-11-08 00:50:00.000002,2021-11-08 02:29:59.999997,10,4.002863,5.9405518,5.05959,3.92
2021-11-08 00:50:00.000002,2021-11-08 02:40:00.000001,11,3.6022148,5.943982,5.05959,3.69
2021-11-08 00:50:00.000002,2021-11-08 02:49:59.999996,12,3.9425573,5.9520135,5.05959,3.92
2021-11-08 00:50:00.000002,2021-11-08 03:00:00.000000,13,4.5903893,5.962533,5.05959,4.54
2021-11-08 00:50:00.000002,2021-11-08 03:10:00.000004,14,4.802057,5.9741054,5.05959,4.94
2021-11-08 00:50:00.000002,2021-11-08 03:19:59.999999,15,4.665316,5.985784,5.05959,4.45
2021-11-08 00:50:00.000002,2021-11-08 03:30:00.000003,16,4.642435,5.9969807,5.05959,4.82
2021-11-08 00:50:00.000002,2021-11-08 03:39:59.999998,17,4.7615356,6.0073543,5.05959,4.74
2021-11-08 00:50:00.000002,2021-11-08 03:50:00.000002,18,4.8154545,6.016736,5.05959,4.74
2021-11-08 00:50:00.000002,2021-11-08 03:59:59.999997,19,4.7105103,6.025066,5.05959,4.73
2021-11-08 00:50:00.000002,2021-11-08 04:10:00.000001,20,4.4445715,6.0323586,5.05959,4.49
2021-11-08 00:50:00.000002,2021-11-08 04:19:59.999996,21,4.0958495,6.0386677,5.05959,4.09
2021-11-08 00:50:00.000002,2021-11-08 04:30:00.000000,22,3.8035653,6.0440707,5.05959,3.76
2021-11-08 00:50:00.000002,2021-11-08 04:40:00.000004,23,3.6667771,6.048657,5.05959,3.69
2021-11-08 00:50:00.000002,2021-11-08 04:49:59.999999,24,3.7081416,6.052518,5.05959,3.7
2021-11-08 00:50:00.000002,2021-11-08 05:00:00.000003,25,3.897382,6.055739,5.05959,3.94
2021-11-08 00:50:00.000002,2021-11-08 05:09:59.999998,26,4.1938596,6.058406,5.05959,4.15
2021-11-08 00:50:00.000002,2021-11-08 05:20:00.000002,27,4.567362,6.060595,5.05959,4.55
2021-11-08 00:50:00.000002,2021-11-08 05:29:59.999997,28,4.9748874,6.0623727,5.05959,5.01
2021-11-08 00:50:00.000002,2021-11-08 05:40:00.000001,29,5.40503,6.0638037,5.05959,5.43
2021-11-08 00:50:00.000002,2021-11-08 05:49:59.999996,30,5.8836775,6.0649395,5.05959,5.85
2021-11-08 00:50:00.000002,2021-11-08 06:00:00.000000,31,6.3422136,6.0658307,5.05959,6.27
2021-11-08 00:50:00.000002,2021-11-08 06:10:00.000004,32,6.7456675,6.0665164,5.05959,6.93
2021-11-08 00:50:00.000002,2021-11-08 06:19:59.999999,33,7.3213,6.0670342,5.05959,7.12
2021-11-08 00:50:00.000002,2021-11-08 06:30:00.000003,34,8.152194,6.0674167,5.05959,8.26
2021-11-08 00:50:00.000002,2021-11-08 06:39:59.999998,35,8.774045,6.0676875,5.05959,8.8
2021-11-08 00:50:00.000002,2021-11-08 06:50:00.000002,36,8.67862,6.06787,5.05959,8.66
2021-11-08 00:59:59.999997,2021-11-08 01:10:00.000001,1,4.4515204,6.9849677,4.598581,4.54
2021-11-08 00:59:59.999997,2021-11-08 01:19:59.999996,2,4.4384356,6.6289144,4.598581,4.44
2021-11-08 00:59:59.999997,2021-11-08 01:30:00.000000,3,4.1997337,6.351804,4.598581,4.07
2021-11-08 00:59:59.999997,2021-11-08 01:40:00.000004,4,3.9808607,6.13576,4.598581,4.1
2021-11-08 00:59:59.999997,2021-11-08 01:49:59.999999,5,4.1168413,5.9772387,4.598581,4.1
2021-11-08 00:59:59.999997,2021-11-08 02:00:00.000003,6,4.4660053,5.866488,4.598581,4.38
2021-11-08 00:59:59.999997,2021-11-08 02:09:59.999998,7,4.7106314,5.792991,4.598581,4.82
2021-11-08 00:59:59.999997,2021-11-08 02:20:00.000002,8,4.569664,5.747343,4.598581,4.55
2021-11-08 00:59:59.999997,2021-11-08 02:29:59.999997,9,4.002863,5.7218156,4.598581,3.92
2021-11-08 00:59:59.999997,2021-11-08 02:40:00.000001,10,3.6022148,5.7103577,4.598581,3.69
2021-11-08 00:59:59.999997,2021-11-08 02:49:59.999996,11,3.9425573,5.708379,4.598581,3.92
2021-11-08 00:59:59.999997,2021-11-08 03:00:00.000000,12,4.5903893,5.712497,4.598581,4.54
2021-11-08 00:59:59.999997,2021-11-08 03:10:00.000004,13,4.802057,5.7202735,4.598581,4.94
2021-11-08 00:59:59.999997,2021-11-08 03:19:59.999999,14,4.665316,5.730003,4.598581,4.45
2021-11-08 00:59:59.999997,2021-11-08 03:30:00.000003,15,4.642435,5.740519,4.598581,4.82
2021-11-08 00:59:59.999997,2021-11-08 03:39:59.999998,16,4.7615356,5.751059,4.598581,4.74
2021-11-08 00:59:59.999997,2021-11-08 03:50:00.000002,17,4.8154545,5.7611446,4.598581,4.74
2021-11-08 00:59:59.999997,2021-11-08 03:59:59.999997,18,4.7105103,5.7704983,4.598581,4.73
2021-11-08 00:59:59.999997,2021-11-08 04:10:00.000001,19,4.4445715,5.7789783,4.598581,4.49
2021-11-08 00:59:59.999997,2021-11-08 04:19:59.999996,20,4.0958495,5.786534,4.598581,4.09
2021-11-08 00:59:59.999997,2021-11-08 04:30:00.000000,21,3.8035653,5.793174,4.598581,3.76
2021-11-08 00:59:59.999997,2021-11-08 04:40:00.000004,22,3.6667771,5.798943,4.598581,3.69
2021-11-08 00:59:59.999997,2021-11-08 04:49:59.999999,23,3.7081416,5.8039036,4.598581,3.7
2021-11-08 00:59:59.999997,2021-11-08 05:00:00.000003,24,3.897382,5.808131,4.598581,3.94
2021-11-08 00:59:59.999997,2021-11-08 05:09:59.999998,25,4.1938596,5.8117037,4.598581,4.15
2021-11-08 00:59:59.999997,2021-11-08 05:20:00.000002,26,4.567362,5.8146963,4.598581,4.55
2021-11-08 00:59:59.999997,2021-11-08 05:29:59.999997,27,4.9748874,5.8171816,4.598581,5.01
2021-11-08 00:59:59.999997,2021-11-08 05:40:00.000001,28,5.40503,5.8192277,4.598581,5.43
2021-11-08 00:59:59.999997,2021-11-08 05:49:59.999996,29,5.8836775,5.820896,4.598581,5.85
2021-11-08 00:59:59.999997,2021-11-08 06:00:00.000000,30,6.3422136,5.8222427,4.598581,6.27
2021-11-08 00:59:59.999997,2021-11-08 06:10:00.000004,31,6.7456675,5.8233166,4.598581,6.93
2021-11-08 00:59:59.999997,2021-11-08 06:19:59.999999,32,7.3213,5.824161,4.598581,7.12
2021-11-08 00:59:59.999997,2021-11-08 06:30:00.000003,33,8.152194,5.824816,4.598581,8.26
2021-11-08 00:59:59.999997,2021-11-08 06:39:59.999998,34,8.774045,5.8253145,4.598581,8.8
2021-11-08 00:59:59.999997,2021-11-08 06:50:00.000002,35,8.67862,5.825685,4.598581,8.66
2021-11-08 00:59:59.999997,2021-11-08 06:59:59.999997,36,7.822494,5.8259516,4.598581,7.68
2021-11-08 01:10:00.000001,2021-11-08 01:19:59.999996,1,4.4384356,6.9431267,4.4515204,4.44
2021-11-08 01:10:00.000001,2021-11-08 01:30:00.000000,2,4.1997337,6.5757523,4.4515204,4.07
2021-11-08 01:10:00.000001,2021-11-08 01:40:00.000004,3,3.9808607,6.2887535,4.4515204,4.1
2021-11-08 01:10:00.000001,2021-11-08 01:49:59.999999,4,4.1168413,6.0646772,4.4515204,4.1
2021-11-08 01:10:00.000001,2021-11-08 02:00:00.000003,5,4.4660053,5.900028,4.4515204,4.38
2021-11-08 01:10:00.000001,2021-11-08 02:09:59.999998,6,4.7106314,5.7848167,4.4515204,4.82
2021-11-08 01:10:00.000001,2021-11-08 02:20:00.000002,7,4.569664,5.708211,4.4515204,4.55
2021-11-08 01:10:00.000001,2021-11-08 02:29:59.999997,8,4.002863,5.660512,4.4515204,3.92
2021-11-08 01:10:00.000001,2021-11-08 02:40:00.000001,9,3.6022148,5.633736,4.4515204,3.69
2021-11-08 01:10:00.000001,2021-11-08 02:49:59.999996,10,3.9425573,5.621621,4.4515204,3.92
2021-11-08 01:10:00.000001,2021-11-08 03:00:00.000000,11,4.5903893,5.619416,4.4515204,4.54
2021-11-08 01:10:00.000001,2021-11-08 03:10:00.000004,12,4.802057,5.623606,4.4515204,4.94
2021-11-08 01:10:00.000001,2021-11-08 03:19:59.999999,13,4.665316,5.6316566,4.4515204,4.45
2021-11-08 01:10:00.000001,2021-11-08 03:30:00.000003,14,4.642435,5.641785,4.4515204,4.82
2021-11-08 01:10:00.000001,2021-11-08 03:39:59.999998,15,4.7615356,5.6527715,4.4515204,4.74
2021-11-08 01:10:00.000001,2021-11-08 03:50:00.000002,16,4.8154545,5.6638117,4.4515204,4.74
2021-11-08 01:10:00.000001,2021-11-08 03:59:59.999997,17,4.7105103,5.674398,4.4515204,4.73
2021-11-08 01:10:00.000001,2021-11-08 04:10:00.000001,18,4.4445715,5.6842313,4.4515204,4.49
2021-11-08 01:10:00.000001,2021-11-08 04:19:59.999996,19,4.0958495,5.69316,4.4515204,4.09
2021-11-08 01:10:00.000001,2021-11-08 04:30:00.000000,20,3.8035653,5.7011237,4.4515204,3.76
2021-11-08 01:10:00.000001,2021-11-08 04:40:00.000004,21,3.6667771,5.7081285,4.4515204,3.69
2021-11-08 01:10:00.000001,2021-11-08 04:49:59.999999,22,3.7081416,5.714216,4.4515204,3.7
2021-11-08 01:10:00.000001,2021-11-08 05:00:00.000003,23,3.897382,5.7194543,4.4515204,3.94
2021-11-08 01:10:00.000001,2021-11-08 05:09:59.999998,24,4.1938596,5.723917,4.4515204,4.15
2021-11-08 01:10:00.000001,2021-11-08 05:20:00.000002,25,4.567362,5.7276864,4.4515204,4.55
2021-11-08 01:10:00.000001,2021-11-08 05:29:59.999997,26,4.9748874,5.730842,4.4515204,5.01
2021-11-08 01:10:00.000001,2021-11-08 05:40:00.000001,27,5.40503,5.733462,4.4515204,5.43
2021-11-08 01:10:00.000001,2021-11-08 05:49:59.999996,28,5.8836775,5.735615,4.4515204,5.85
2021-11-08 01:10:00.000001,2021-11-08 06:00:00.000000,29,6.3422136,5.7373676,4.4515204,6.27
2021-11-08 01:10:00.000001,2021-11-08 06:10:00.000004,30,6.7456675,5.738781,4.4515204,6.93
2021-11-08 01:10:00.000001,2021-11-08 06:19:59.999999,31,7.3213,5.7399054,4.4515204,7.12
2021-11-08 01:10:00.000001,2021-11-08 06:30:00.000003,32,8.152194,5.7407875,4.4515204,8.26
2021-11-08 01:10:00.000001,2021-11-08 06:39:59.999998,33,8.774045,5.7414694,4.4515204,8.8
2021-11-08 01:10:00.000001,2021-11-08 06:50:00.000002,34,8.67862,5.741986,4.4515204,8.66
2021-11-08 01:10:00.000001,2021-11-08 06:59:59.999997,35,7.822494,5.7423673,4.4515204,7.68
2021-11-08 01:10:00.000001,2021-11-08 07:10:00.000001,36,6.575915,5.7426414,4.4515204,6.69
2021-11-08 01:19:59.999996,2021-11-08 01:30:00.000000,1,4.1997337,6.889827,4.4384356,4.07
2021-11-08 01:19:59.999996,2021-11-08 01:40:00.000004,2,3.9808607,6.514611,4.4384356,4.1
2021-11-08 01:19:59.999996,2021-11-08 01:49:59.999999,3,4.1168413,6.222053,4.4384356,4.1
2021-11-08 01:19:59.999996,2021-11-08 02:00:00.000003,4,4.4660053,5.995837,4.4384356,4.38
2021-11-08 01:19:59.999996,2021-11-08 02:09:59.999998,5,4.7106314,5.8318596,4.4384356,4.82
2021-11-08 01:19:59.999996,2021-11-08 02:20:00.000002,6,4.569664,5.7193117,4.4384356,4.55
2021-11-08 01:19:59.999996,2021-11-08 02:29:59.999997,7,4.002863,5.6466184,4.4384356,3.92
2021-11-08 01:19:59.999996,2021-11-08 02:40:00.000001,8,3.6022148,5.6034827,4.4384356,3.69
2021-11-08 01:19:59.999996,2021-11-08 02:49:59.999996,9,3.9425573,5.581496,4.4384356,3.92
2021-11-08 01:19:59.999996,2021-11-08 03:00:00.000000,10,4.5903893,5.574098,4.4384356,4.54
2021-11-08 01:19:59.999996,2021-11-08 03:10:00.000004,11,4.802057,5.5763564,4.4384356,4.94
2021-11-08 01:19:59.999996,2021-11-08 03:19:59.999999,12,4.665316,5.5846486,4.4384356,4.45
2021-11-08 01:19:59.999996,2021-11-08 03:30:00.000003,13,4.642435,5.5963864,4.4384356,4.82
2021-11-08 01:19:59.999996,2021-11-08 03:39:59.999998,14,4.7615356,5.6097755,4.4384356,4.74
2021-11-08 01:19:59.999996,2021-11-08 03:50:00.000002,15,4.8154545,5.6236043,4.4384356,4.74
2021-11-08 01:19:59.999996,2021-11-08 03:59:59.999997,16,4.7105103,5.637096,4.4384356,4.73
2021-11-08 01:19:59.999996,2021-11-08 04:10:00.000001,17,4.4445715,5.6497726,4.4384356,4.49
2021-11-08 01:19:59.999996,2021-11-08 04:19:59.999996,18,4.0958495,5.661373,4.4384356,4.09
2021-11-08 01:19:59.999996,2021-11-08 04:30:00.000000,19,3.8035653,5.671782,4.4384356,3.76
2021-11-08 01:19:59.999996,2021-11-08 04:40:00.000004,20,3.6667771,5.6809773,4.4384356,3.69
2021-11-08 01:19:59.999996,2021-11-08 04:49:59.999999,21,3.7081416,5.6889963,4.4384356,3.7
2021-11-08 01:19:59.999996,2021-11-08 05:00:00.000003,22,3.897382,5.6959143,4.4384356,3.94
2021-11-08 01:19:59.999996,2021-11-08 05:09:59.999998,23,4.1938596,5.701825,4.4384356,4.15
2021-11-08 01:19:59.999996,2021-11-08 05:20:00.000002,24,4.567362,5.7068276,4.4384356,4.55
2021-11-08 01:19:59.999996,2021-11-08 05:29:59.999997,25,4.9748874,5.7110276,4.4384356,5.01
2021-11-08 01:19:59.999996,2021-11-08 05:40:00.000001,26,5.40503,5.714522,4.4384356,5.43
2021-11-08 01:19:59.999996,2021-11-08 05:49:59.999996,27,5.8836775,5.7174034,4.4384356,5.85
2021-11-08 01:19:59.999996,2021-11-08 06:00:00.000000,28,6.3422136,5.7197585,4.4384356,6.27
2021-11-08 01:19:59.999996,2021-11-08 06:10:00.000004,29,6.7456675,5.7216635,4.4384356,6.93
2021-11-08 01:19:59.999996,2021-11-08 06:19:59.999999,30,7.3213,5.7231865,4.4384356,7.12
2021-11-08 01:19:59.999996,2021-11-08 06:30:00.000003,31,8.152194,5.7243896,4.4384356,8.26
2021-11-08 01:19:59.999996,2021-11-08 06:39:59.999998,32,8.774045,5.7253256,4.4384356,8.8
2021-11-08 01:19:59.999996,2021-11-08 06:50:00.000002,33,8.67862,5.726042,4.4384356,8.66
2021-11-08 01:19:59.999996,2021-11-08 06:59:59.999997,34,7.822494,5.7265778,4.4384356,7.68
2021-11-08 01:19:59.999996,2021-11-08 07:10:00.000001,35,6.575915,5.7269673,4.4384356,6.69
2021-11-08 01:19:59.999996,2021-11-08 07:19:59.999996,36,5.630471,5.7272415,4.4384356,5.86
2021-11-08 01:30:00.000000,2021-11-08 01:40:00.000004,1,3.9808607,6.8060923,4.1997337,4.1
2021-11-08 01:30:00.000000,2021-11-08 01:49:59.999999,2,4.1168413,6.4193316,4.1997337,4.1
2021-11-08 01:30:00.000000,2021-11-08 02:00:00.000003,3,4.4660053,6.116044,4.1997337,4.38
2021-11-08 01:30:00.000000,2021-11-08 02:09:59.999998,4,4.7106314,5.880837,4.1997337,4.82
2021-11-08 01:30:00.000000,2021-11-08 02:20:00.000002,5,4.569664,5.709866,4.1997337,4.55
2021-11-08 01:30:00.000000,2021-11-08 02:29:59.999997,6,4.002863,5.5921774,4.1997337,3.92
2021-11-08 01:30:00.000000,2021-11-08 02:40:00.000001,7,3.6022148,5.515898,4.1997337,3.69
2021-11-08 01:30:00.000000,2021-11-08 02:49:59.999996,8,3.9425573,5.470413,4.1997337,3.92
2021-11-08 01:30:00.000000,2021-11-08 03:00:00.000000,9,4.5903893,5.4470053,4.1997337,4.54
2021-11-08 01:30:00.000000,2021-11-08 03:10:00.000004,10,4.802057,5.4388657,4.1997337,4.94
2021-11-08 01:30:00.000000,2021-11-08 03:19:59.999999,11,4.665316,5.4408526,4.1997337,4.45
2021-11-08 01:30:00.000000,2021-11-08 03:30:00.000003,12,4.642435,5.449188,4.1997337,4.82
2021-11-08 01:30:00.000000,2021-11-08 03:39:59.999998,13,4.7615356,5.461167,4.1997337,4.74
2021-11-08 01:30:00.000000,2021-11-08 03:50:00.000002,14,4.8154545,5.474908,4.1997337,4.74
2021-11-08 01:30:00.000000,2021-11-08 03:59:59.999997,15,4.7105103,5.4891415,4.1997337,4.73
2021-11-08 01:30:00.000000,2021-11-08 04:10:00.000001,16,4.4445715,5.503045,4.1997337,4.49
2021-11-08 01:30:00.000000,2021-11-08 04:19:59.999996,17,4.0958495,5.516121,4.1997337,4.09
2021-11-08 01:30:00.000000,2021-11-08 04:30:00.000000,18,3.8035653,5.528087,4.1997337,3.76
2021-11-08 01:30:00.000000,2021-11-08 04:40:00.000004,19,3.6667771,5.5388193,4.1997337,3.69
2021-11-08 01:30:00.000000,2021-11-08 04:49:59.999999,20,3.7081416,5.548293,4.1997337,3.7
2021-11-08 01:30:00.000000,2021-11-08 05:00:00.000003,21,3.897382,5.556546,4.1997337,3.94
2021-11-08 01:30:00.000000,2021-11-08 05:09:59.999998,22,4.1938596,5.5636544,4.1997337,4.15
2021-11-08 01:30:00.000000,2021-11-08 05:20:00.000002,23,4.567362,5.569716,4.1997337,4.55
2021-11-08 01:30:00.000000,2021-11-08 05:29:59.999997,24,4.9748874,5.5748353,4.1997337,5.01
2021-11-08 01:30:00.000000,2021-11-08 05:40:00.000001,25,5.40503,5.5791206,4.1997337,5.43
2021-11-08 01:30:00.000000,2021-11-08 05:49:59.999996,26,5.8836775,5.5826755,4.1997337,5.85
2021-11-08 01:30:00.000000,2021-11-08 06:00:00.000000,27,6.3422136,5.5855966,4.1997337,6.27
2021-11-08 01:30:00.000000,2021-11-08 06:10:00.000004,28,6.7456675,5.587973,4.1997337,6.93
2021-11-08 01:30:00.000000,2021-11-08 06:19:59.999999,29,7.3213,5.589886,4.1997337,7.12
2021-11-08 01:30:00.000000,2021-11-08 06:30:00.000003,30,8.152194,5.5914073,4.1997337,8.26
2021-11-08 01:30:00.000000,2021-11-08 06:39:59.999998,31,8.774045,5.592601,4.1997337,8.8
2021-11-08 01:30:00.000000,2021-11-08 06:50:00.000002,32,8.67862,5.5935216,4.1997337,8.66
2021-11-08 01:30:00.000000,2021-11-08 06:59:59.999997,33,7.822494,5.594219,4.1997337,7.68
2021-11-08 01:30:00.000000,2021-11-08 07:10:00.000001,34,6.575915,5.594734,4.1997337,6.69
2021-11-08 01:30:00.000000,2021-11-08 07:19:59.999996,35,5.630471,5.5951023,4.1997337,5.86
2021-11-08 01:30:00.000000,2021-11-08 07:30:00.000000,36,5.476381,5.595354,4.1997337,5.03
2021-11-08 01:40:00.000004,2021-11-08 01:49:59.999999,1,4.1168413,6.7495513,3.9808607,4.1
2021-11-08 01:40:00.000004,2021-11-08 02:00:00.000003,2,4.4660053,6.34368,3.9808607,4.38
2021-11-08 01:40:00.000004,2021-11-08 02:09:59.999998,3,4.7106314,6.022831,3.9808607,4.82
2021-11-08 01:40:00.000004,2021-11-08 02:20:00.000002,4,4.569664,5.773995,3.9808607,4.55
2021-11-08 01:40:00.000004,2021-11-08 02:29:59.999997,5,4.002863,5.59309,3.9808607,3.92
2021-11-08 01:40:00.000004,2021-11-08 02:40:00.000001,6,3.6022148,5.468593,3.9808607,3.69
2021-11-08 01:40:00.000004,2021-11-08 02:49:59.999996,7,3.9425573,5.3879905,3.9808607,3.92
2021-11-08 01:40:00.000004,2021-11-08 03:00:00.000000,8,4.5903893,5.340071,3.9808607,4.54
2021-11-08 01:40:00.000004,2021-11-08 03:10:00.000004,9,4.802057,5.315616,3.9808607,4.94
2021-11-08 01:40:00.000004,2021-11-08 03:19:59.999999,10,4.665316,5.3074107,3.9808607,4.45
2021-11-08 01:40:00.000004,2021-11-08 03:30:00.000003,11,4.642435,5.309995,3.9808607,4.82
2021-11-08 01:40:00.000004,2021-11-08 03:39:59.999998,12,4.7615356,5.319348,3.9808607,4.74
2021-11-08 01:40:00.000004,2021-11-08 03:50:00.000002,13,4.8154545,5.332585,3.9808607,4.74
2021-11-08 01:40:00.000004,2021-11-08 03:59:59.999997,14,4.7105103,5.347695,3.9808607,4.73
2021-11-08 01:40:00.000004,2021-11-08 04:10:00.000001,15,4.4445715,5.3633137,3.9808607,4.49
2021-11-08 01:40:00.000004,2021-11-08 04:19:59.999996,16,4.0958495,5.378562,3.9808607,4.09
2021-11-08 01:40:00.000004,2021-11-08 04:30:00.000000,17,3.8035653,5.392896,3.9808607,3.76
2021-11-08 01:40:00.000004,2021-11-08 04:40:00.000004,18,3.6667771,5.4060163,3.9808607,3.69
2021-11-08 01:40:00.000004,2021-11-08 04:49:59.999999,19,3.7081416,5.4177847,3.9808607,3.7
2021-11-08 01:40:00.000004,2021-11-08 05:00:00.000003,20,3.897382,5.4281745,3.9808607,3.94
2021-11-08 01:40:00.000004,2021-11-08 05:09:59.999998,21,4.1938596,5.4372253,3.9808607,4.15
2021-11-08 01:40:00.000004,2021-11-08 05:20:00.000002,22,4.567362,5.4450226,3.9808607,4.55
2021-11-08 01:40:00.000004,2021-11-08 05:29:59.999997,23,4.9748874,5.4516716,3.9808607,5.01
2021-11-08 01:40:00.000004,2021-11-08 05:40:00.000001,24,5.40503,5.4572864,3.9808607,5.43
2021-11-08 01:40:00.000004,2021-11-08 05:49:59.999996,25,5.8836775,5.4619875,3.9808607,5.85
2021-11-08 01:40:00.000004,2021-11-08 06:00:00.000000,26,6.3422136,5.465885,3.9808607,6.27
2021-11-08 01:40:00.000004,2021-11-08 06:10:00.000004,27,6.7456675,5.46909,3.9808607,6.93
2021-11-08 01:40:00.000004,2021-11-08 06:19:59.999999,28,7.3213,5.4716973,3.9808607,7.12
2021-11-08 01:40:00.000004,2021-11-08 06:30:00.000003,29,8.152194,5.4737973,3.9808607,8.26
2021-11-08 01:40:00.000004,2021-11-08 06:39:59.999998,30,8.774045,5.475467,3.9808607,8.8
2021-11-08 01:40:00.000004,2021-11-08 06:50:00.000002,31,8.67862,5.476779,3.9808607,8.66
2021-11-08 01:40:00.000004,2021-11-08 06:59:59.999997,32,7.822494,5.4777937,3.9808607,7.68
2021-11-08 01:40:00.000004,2021-11-08 07:10:00.000001,33,6.575915,5.478563,3.9808607,6.69
2021-11-08 01:40:00.000004,2021-11-08 07:19:59.999996,34,5.630471,5.4791336,3.9808607,5.86
2021-11-08 01:40:00.000004,2021-11-08 07:30:00.000000,35,5.476381,5.4795446,3.9808607,5.03
2021-11-08 01:40:00.000004,2021-11-08 07:40:00.000004,36,5.726587,5.479827,3.9808607,5.98
2021-11-08 01:49:59.999999,2021-11-08 02:00:00.000003,1,4.4660053,6.704897,4.1168413,4.38
2021-11-08 01:49:59.999999,2021-11-08 02:09:59.999998,2,4.7106314,6.29453,4.1168413,4.82
2021-11-08 01:49:59.999999,2021-11-08 02:20:00.000002,3,4.569664,5.976565,4.1168413,4.55
2021-11-08 01:49:59.999999,2021-11-08 02:29:59.999997,4,4.002863,5.736085,4.1168413,3.92
2021-11-08 01:49:59.999999,2021-11-08 02:40:00.000001,5,3.6022148,5.5665874,4.1168413,3.69
2021-11-08 01:49:59.999999,2021-11-08 02:49:59.999996,6,3.9425573,5.4547296,4.1168413,3.92
2021-11-08 01:49:59.999999,2021-11-08 03:00:00.000000,7,4.5903893,5.386778,4.1168413,4.54
2021-11-08 01:49:59.999999,2021-11-08 03:10:00.000004,8,4.802057,5.3507547,4.1168413,4.94
2021-11-08 01:49:59.999999,2021-11-08 03:19:59.999999,9,4.665316,5.3370137,4.1168413,4.45
2021-11-08 01:49:59.999999,2021-11-08 03:30:00.000003,10,4.642435,5.3381395,4.1168413,4.82
2021-11-08 01:49:59.999999,2021-11-08 03:39:59.999998,11,4.7615356,5.3486276,4.1168413,4.74
2021-11-08 01:49:59.999999,2021-11-08 03:50:00.000002,12,4.8154545,5.364516,4.1168413,4.74
2021-11-08 01:49:59.999999,2021-11-08 03:59:59.999997,13,4.7105103,5.383039,4.1168413,4.73
2021-11-08 01:49:59.999999,2021-11-08 04:10:00.000001,14,4.4445715,5.4023247,4.1168413,4.49
2021-11-08 01:49:59.999999,2021-11-08 04:19:59.999996,15,4.0958495,5.421173,4.1168413,4.09
2021-11-08 01:49:59.999999,2021-11-08 04:30:00.000000,16,3.8035653,5.4388523,4.1168413,3.76
2021-11-08 01:49:59.999999,2021-11-08 04:40:00.000004,17,3.6667771,5.4549656,4.1168413,3.69
2021-11-08 01:49:59.999999,2021-11-08 04:49:59.999999,18,3.7081416,5.4693365,4.1168413,3.7
2021-11-08 01:49:59.999999,2021-11-08 05:00:00.000003,19,3.897382,5.481942,4.1168413,3.94
2021-11-08 01:49:59.999999,2021-11-08 05:09:59.999998,20,4.1938596,5.4928465,4.1168413,4.15
2021-11-08 01:49:59.999999,2021-11-08 05:20:00.000002,21,4.567362,5.5021706,4.1168413,4.55
2021-11-08 01:49:59.999999,2021-11-08 05:29:59.999997,22,4.9748874,5.510063,4.1168413,5.01
2021-11-08 01:49:59.999999,2021-11-08 05:40:00.000001,23,5.40503,5.516677,4.1168413,5.43
2021-11-08 01:49:59.999999,2021-11-08 05:49:59.999996,24,5.8836775,5.5221705,4.1168413,5.85
2021-11-08 01:49:59.999999,2021-11-08 06:00:00.000000,25,6.3422136,5.526692,4.1168413,6.27
2021-11-08 01:49:59.999999,2021-11-08 06:10:00.000004,26,6.7456675,5.530379,4.1168413,6.93
2021-11-08 01:49:59.999999,2021-11-08 06:19:59.999999,27,7.3213,5.533356,4.1168413,7.12
2021-11-08 01:49:59.999999,2021-11-08 06:30:00.000003,28,8.152194,5.5357323,4.1168413,8.26
2021-11-08 01:49:59.999999,2021-11-08 06:39:59.999998,29,8.774045,5.5376077,4.1168413,8.8
2021-11-08 01:49:59.999999,2021-11-08 06:50:00.000002,30,8.67862,5.539066,4.1168413,8.66
2021-11-08 01:49:59.999999,2021-11-08 06:59:59.999997,31,7.822494,5.54018,4.1168413,7.68
2021-11-08 01:49:59.999999,2021-11-08 07:10:00.000001,32,6.575915,5.541015,4.1168413,6.69
2021-11-08 01:49:59.999999,2021-11-08 07:19:59.999996,33,5.630471,5.5416236,4.1168413,5.86
2021-11-08 01:49:59.999999,2021-11-08 07:30:00.000000,34,5.476381,5.542052,4.1168413,5.03
2021-11-08 01:49:59.999999,2021-11-08 07:40:00.000004,35,5.726587,5.542335,4.1168413,5.98
2021-11-08 01:49:59.999999,2021-11-08 07:49:59.999999,36,5.6972523,5.5425096,4.1168413,5.74
2021-11-08 02:00:00.000003,2021-11-08 02:09:59.999998,1,4.7106314,6.717905,4.4660053,4.82
2021-11-08 02:00:00.000003,2021-11-08 02:20:00.000002,2,4.569664,6.3122864,4.4660053,4.55
2021-11-08 02:00:00.000003,2021-11-08 02:29:59.999997,3,4.002863,6.0054674,4.4660053,3.92
2021-11-08 02:00:00.000003,2021-11-08 02:40:00.000001,4,3.6022148,5.780804,4.4660053,3.69
2021-11-08 02:00:00.000003,2021-11-08 02:49:59.999996,5,3.9425573,5.629187,4.4660053,3.92
2021-11-08 02:00:00.000003,2021-11-08 03:00:00.000000,6,4.5903893,5.535406,4.4660053,4.54
2021-11-08 02:00:00.000003,2021-11-08 03:10:00.000004,7,4.802057,5.4845448,4.4660053,4.94
2021-11-08 02:00:00.000003,2021-11-08 03:19:59.999999,8,4.665316,5.4639616,4.4660053,4.45
2021-11-08 02:00:00.000003,2021-11-08 03:30:00.000003,9,4.642435,5.463698,4.4660053,4.82
2021-11-08 02:00:00.000003,2021-11-08 03:39:59.999998,10,4.7615356,5.4762626,4.4660053,4.74
2021-11-08 02:00:00.000003,2021-11-08 03:50:00.000002,11,4.8154545,5.496226,4.4660053,4.74
2021-11-08 02:00:00.000003,2021-11-08 03:59:59.999997,12,4.7105103,5.5197873,4.4660053,4.73
2021-11-08 02:00:00.000003,2021-11-08 04:10:00.000001,13,4.4445715,5.5443854,4.4660053,4.49
2021-11-08 02:00:00.000003,2021-11-08 04:19:59.999996,14,4.0958495,5.568376,4.4660053,4.09
2021-11-08 02:00:00.000003,2021-11-08 04:30:00.000000,15,3.8035653,5.590776,4.4660053,3.76
2021-11-08 02:00:00.000003,2021-11-08 04:40:00.000004,16,3.6667771,5.611057,4.4660053,3.69
2021-11-08 02:00:00.000003,2021-11-08 04:49:59.999999,17,3.7081416,5.629008,4.4660053,3.7
2021-11-08 02:00:00.000003,2021-11-08 05:00:00.000003,18,3.897382,5.644617,4.4660053,3.94
2021-11-08 02:00:00.000003,2021-11-08 05:09:59.999998,19,4.1938596,5.6579924,4.4660053,4.15
2021-11-08 02:00:00.000003,2021-11-08 05:20:00.000002,20,4.567362,5.6693163,4.4660053,4.55
2021-11-08 02:00:00.000003,2021-11-08 05:29:59.999997,21,4.9748874,5.6787996,4.4660053,5.01
2021-11-08 02:00:00.000003,2021-11-08 05:40:00.000001,22,5.40503,5.686665,4.4660053,5.43
2021-11-08 02:00:00.000003,2021-11-08 05:49:59.999996,23,5.8836775,5.693126,4.4660053,5.85
2021-11-08 02:00:00.000003,2021-11-08 06:00:00.000000,24,6.3422136,5.6983857,4.4660053,6.27
2021-11-08 02:00:00.000003,2021-11-08 06:10:00.000004,25,6.7456675,5.7026258,4.4660053,6.93
2021-11-08 02:00:00.000003,2021-11-08 06:19:59.999999,26,7.3213,5.7060094,4.4660053,7.12
2021-11-08 02:00:00.000003,2021-11-08 06:30:00.000003,27,8.152194,5.708678,4.4660053,8.26
2021-11-08 02:00:00.000003,2021-11-08 06:39:59.999998,28,8.774045,5.710756,4.4660053,8.8
2021-11-08 02:00:00.000003,2021-11-08 06:50:00.000002,29,8.67862,5.712349,4.4660053,8.66
2021-11-08 02:00:00.000003,2021-11-08 06:59:59.999997,30,7.822494,5.713546,4.4660053,7.68
2021-11-08 02:00:00.000003,2021-11-08 07:10:00.000001,31,6.575915,5.714424,4.4660053,6.69
2021-11-08 02:00:00.000003,2021-11-08 07:19:59.999996,32,5.630471,5.715049,4.4660053,5.86
2021-11-08 02:00:00.000003,2021-11-08 07:30:00.000000,33,5.476381,5.7154713,4.4660053,5.03
2021-11-08 02:00:00.000003,2021-11-08 07:40:00.000004,34,5.726587,5.715735,4.4660053,5.98
2021-11-08 02:00:00.000003,2021-11-08 07:49:59.999999,35,5.6972523,5.71588,4.4660053,5.74
2021-11-08 02:00:00.000003,2021-11-08 08:00:00.000003,36,5.4046597,5.7159324,4.4660053,5.28
2021-11-08 02:09:59.999998,2021-11-08 02:20:00.000002,1,4.569664,6.6782565,4.7106314,4.55
2021-11-08 02:09:59.999998,2021-11-08 02:29:59.999997,2,4.002863,6.311016,4.7106314,3.92
2021-11-08 02:09:59.999998,2021-11-08 02:40:00.000001,3,3.6022148,6.035725,4.7106314,3.69
2021-11-08 02:09:59.999998,2021-11-08 02:49:59.999996,4,3.9425573,5.835323,4.7106314,3.92
2021-11-08 02:09:59.999998,2021-11-08 03:00:00.000000,5,4.5903893,5.702041,4.7106314,4.54
2021-11-08 02:09:59.999998,2021-11-08 03:10:00.000004,6,4.802057,5.6219916,4.7106314,4.94
2021-11-08 02:09:59.999998,2021-11-08 03:19:59.999999,7,4.665316,5.581348,4.7106314,4.45
2021-11-08 02:09:59.999998,2021-11-08 03:30:00.000003,8,4.642435,5.5683064,4.7106314,4.82
2021-11-08 02:09:59.999998,2021-11-08 03:39:59.999998,9,4.7615356,5.5735464,4.7106314,4.74
2021-11-08 02:09:59.999998,2021-11-08 03:50:00.000002,10,4.8154545,5.5900655,4.7106314,4.74
2021-11-08 02:09:59.999998,2021-11-08 03:59:59.999997,11,4.7105103,5.612807,4.7106314,4.73
2021-11-08 02:09:59.999998,2021-11-08 04:10:00.000001,12,4.4445715,5.6382527,4.7106314,4.49
2021-11-08 02:09:59.999998,2021-11-08 04:19:59.999996,13,4.0958495,5.6640663,4.7106314,4.09
2021-11-08 02:09:59.999998,2021-11-08 04:30:00.000000,14,3.8035653,5.688776,4.7106314,3.76
2021-11-08 02:09:59.999998,2021-11-08 04:40:00.000004,15,3.6667771,5.711529,4.7106314,3.69
2021-11-08 02:09:59.999998,2021-11-08 04:49:59.999999,16,3.7081416,5.7319064,4.7106314,3.7
2021-11-08 02:09:59.999998,2021-11-08 05:00:00.000003,17,3.897382,5.7497706,4.7106314,3.94
2021-11-08 02:09:59.999998,2021-11-08 05:09:59.999998,18,4.1938596,5.765172,4.7106314,4.15
2021-11-08 02:09:59.999998,2021-11-08 05:20:00.000002,19,4.567362,5.778265,4.7106314,4.55
2021-11-08 02:09:59.999998,2021-11-08 05:29:59.999997,20,4.9748874,5.789262,4.7106314,5.01
2021-11-08 02:09:59.999998,2021-11-08 05:40:00.000001,21,5.40503,5.7984,4.7106314,5.43
2021-11-08 02:09:59.999998,2021-11-08 05:49:59.999996,22,5.8836775,5.8059187,4.7106314,5.85
2021-11-08 02:09:59.999998,2021-11-08 06:00:00.000000,23,6.3422136,5.812044,4.7106314,6.27
2021-11-08 02:09:59.999998,2021-11-08 06:10:00.000004,24,6.7456675,5.8169837,4.7106314,6.93
2021-11-08 02:09:59.999998,2021-11-08 06:19:59.999999,25,7.3213,5.8209276,4.7106314,7.12
2021-11-08 02:09:59.999998,2021-11-08 06:30:00.000003,26,8.152194,5.8240385,4.7106314,8.26
2021-11-08 02:09:59.999998,2021-11-08 06:39:59.999998,27,8.774045,5.8264604,4.7106314,8.8
2021-11-08 02:09:59.999998,2021-11-08 06:50:00.000002,28,8.67862,5.8283167,4.7106314,8.66
2021-11-08 02:09:59.999998,2021-11-08 06:59:59.999997,29,7.822494,5.829712,4.7106314,7.68
2021-11-08 02:09:59.999998,2021-11-08 07:10:00.000001,30,6.575915,5.8307347,4.7106314,6.69
2021-11-08 02:09:59.999998,2021-11-08 07:19:59.999996,31,5.630471,5.8314605,4.7106314,5.86
2021-11-08 02:09:59.999998,2021-11-08 07:30:00.000000,32,5.476381,5.831951,4.7106314,5.03
2021-11-08 02:09:59.999998,2021-11-08 07:40:00.000004,33,5.726587,5.8322573,4.7106314,5.98
2021-11-08 02:09:59.999998,2021-11-08 07:49:59.999999,34,5.6972523,5.8324223,4.7106314,5.74
2021-11-08 02:09:59.999998,2021-11-08 08:00:00.000003,35,5.4046597,5.8324804,4.7106314,5.28
2021-11-08 02:09:59.999998,2021-11-08 08:09:59.999998,36,5.2472086,5.8324604,4.7106314,5.23
2021-11-08 02:20:00.000002,2021-11-08 02:29:59.999997,1,4.002863,6.677187,4.569664,3.92
2021-11-08 02:20:00.000002,2021-11-08 02:40:00.000001,2,3.6022148,6.3050065,4.569664,3.69
2021-11-08 02:20:00.000002,2021-11-08 02:49:59.999996,3,3.9425573,6.023486,4.569664,3.92
2021-11-08 02:20:00.000002,2021-11-08 03:00:00.000000,4,4.5903893,5.815694,4.569664,4.54
2021-11-08 02:20:00.000002,2021-11-08 03:10:00.000004,5,4.802057,5.6746645,4.569664,4.94
2021-11-08 02:20:00.000002,2021-11-08 03:19:59.999999,6,4.665316,5.5870533,4.569664,4.45
2021-11-08 02:20:00.000002,2021-11-08 03:30:00.000003,7,4.642435,5.539364,4.569664,4.82
2021-11-08 02:20:00.000002,2021-11-08 03:39:59.999998,8,4.7615356,5.5199714,4.569664,4.74
2021-11-08 02:20:00.000002,2021-11-08 03:50:00.000002,9,4.8154545,5.5196314,4.569664,4.74
2021-11-08 02:20:00.000002,2021-11-08 03:59:59.999997,10,4.7105103,5.531346,4.569664,4.73
2021-11-08 02:20:00.000002,2021-11-08 04:10:00.000001,11,4.4445715,5.5500226,4.569664,4.49
2021-11-08 02:20:00.000002,2021-11-08 04:19:59.999996,12,4.0958495,5.572091,4.569664,4.09
2021-11-08 02:20:00.000002,2021-11-08 04:30:00.000000,13,3.8035653,5.595138,4.569664,3.76
2021-11-08 02:20:00.000002,2021-11-08 04:40:00.000004,14,3.6667771,5.6176195,4.569664,3.69
2021-11-08 02:20:00.000002,2021-11-08 04:49:59.999999,15,3.7081416,5.638608,4.569664,3.7
2021-11-08 02:20:00.000002,2021-11-08 05:00:00.000003,16,3.897382,5.6576104,4.569664,3.94
2021-11-08 02:20:00.000002,2021-11-08 05:09:59.999998,17,4.1938596,5.674427,4.569664,4.15
2021-11-08 02:20:00.000002,2021-11-08 05:20:00.000002,18,4.567362,5.6890464,4.569664,4.55
2021-11-08 02:20:00.000002,2021-11-08 05:29:59.999997,19,4.9748874,5.701574,4.569664,5.01
2021-11-08 02:20:00.000002,2021-11-08 05:40:00.000001,20,5.40503,5.7121778,4.569664,5.43
2021-11-08 02:20:00.000002,2021-11-08 05:49:59.999996,21,5.8836775,5.7210574,4.569664,5.85
2021-11-08 02:20:00.000002,2021-11-08 06:00:00.000000,22,6.3422136,5.7284207,4.569664,6.27
2021-11-08 02:20:00.000002,2021-11-08 06:10:00.000004,23,6.7456675,5.7344685,4.569664,6.93
2021-11-08 02:20:00.000002,2021-11-08 06:19:59.999999,24,7.3213,5.73939,4.569664,7.12
2021-11-08 02:20:00.000002,2021-11-08 06:30:00.000003,25,8.152194,5.7433543,4.569664,8.26
2021-11-08 02:20:00.000002,2021-11-08 06:39:59.999998,26,8.774045,5.7465158,4.569664,8.8
2021-11-08 02:20:00.000002,2021-11-08 06:50:00.000002,27,8.67862,5.7490053,4.569664,8.66
2021-11-08 02:20:00.000002,2021-11-08 06:59:59.999997,28,7.822494,5.7509384,4.569664,7.68
2021-11-08 02:20:00.000002,2021-11-08 07:10:00.000001,29,6.575915,5.7524166,4.569664,6.69
2021-11-08 02:20:00.000002,2021-11-08 07:19:59.999996,30,5.630471,5.753522,4.569664,5.86
2021-11-08 02:20:00.000002,2021-11-08 07:30:00.000000,31,5.476381,5.7543283,4.569664,5.03
2021-11-08 02:20:00.000002,2021-11-08 07:40:00.000004,32,5.726587,5.754893,4.569664,5.98
2021-11-08 02:20:00.000002,2021-11-08 07:49:59.999999,33,5.6972523,5.7552686,4.569664,5.74
2021-11-08 02:20:00.000002,2021-11-08 08:00:00.000003,34,5.4046597,5.755497,4.569664,5.28
2021-11-08 02:20:00.000002,2021-11-08 08:09:59.999998,35,5.2472086,5.7556114,4.569664,5.23
2021-11-08 02:20:00.000002,2021-11-08 08:20:00.000002,36,5.2921705,5.7556415,4.569664,5.5
2021-11-08 02:29:59.999997,2021-11-08 02:40:00.000001,1,3.6022148,6.622237,4.002863,3.69
2021-11-08 02:29:59.999997,2021-11-08 02:49:59.999996,2,3.9425573,6.2276816,4.002863,3.92
2021-11-08 02:29:59.999997,2021-11-08 03:00:00.000000,3,4.5903893,5.918602,4.002863,4.54
2021-11-08 02:29:59.999997,2021-11-08 03:10:00.000004,4,4.802057,5.6817827,4.002863,4.94
2021-11-08 02:29:59.999997,2021-11-08 03:19:59.999999,5,4.665316,5.512726,4.002863,4.45
2021-11-08 02:29:59.999997,2021-11-08 03:30:00.000003,6,4.642435,5.3995123,4.002863,4.82
2021-11-08 02:29:59.999997,2021-11-08 03:39:59.999998,7,4.7615356,5.329297,4.002863,4.74
2021-11-08 02:29:59.999997,2021-11-08 03:50:00.000002,8,4.8154545,5.2906365,4.002863,4.74
2021-11-08 02:29:59.999997,2021-11-08 03:59:59.999997,9,4.7105103,5.274185,4.002863,4.73
2021-11-08 02:29:59.999997,2021-11-08 04:10:00.000001,10,4.4445715,5.2727,4.002863,4.49
2021-11-08 02:29:59.999997,2021-11-08 04:19:59.999996,11,4.0958495,5.28077,4.002863,4.09
2021-11-08 02:29:59.999997,2021-11-08 04:30:00.000000,12,3.8035653,5.2944765,4.002863,3.76
2021-11-08 02:29:59.999997,2021-11-08 04:40:00.000004,13,3.6667771,5.311073,4.002863,3.69
2021-11-08 02:29:59.999997,2021-11-08 04:49:59.999999,14,3.7081416,5.3286867,4.002863,3.7
2021-11-08 02:29:59.999997,2021-11-08 05:00:00.000003,15,3.897382,5.346106,4.002863,3.94
2021-11-08 02:29:59.999997,2021-11-08 05:09:59.999998,16,4.1938596,5.362583,4.002863,4.15
2021-11-08 02:29:59.999997,2021-11-08 05:20:00.000002,17,4.567362,5.3776984,4.002863,4.55
2021-11-08 02:29:59.999997,2021-11-08 05:29:59.999997,18,4.9748874,5.3912535,4.002863,5.01
2021-11-08 02:29:59.999997,2021-11-08 05:40:00.000001,19,5.40503,5.4032016,4.002863,5.43
2021-11-08 02:29:59.999997,2021-11-08 05:49:59.999996,20,5.8836775,5.4135833,4.002863,5.85
2021-11-08 02:29:59.999997,2021-11-08 06:00:00.000000,21,6.3422136,5.422501,4.002863,6.27
2021-11-08 02:29:59.999997,2021-11-08 06:10:00.000004,22,6.7456675,5.43008,4.002863,6.93
2021-11-08 02:29:59.999997,2021-11-08 06:19:59.999999,23,7.3213,5.4364605,4.002863,7.12
2021-11-08 02:29:59.999997,2021-11-08 06:30:00.000003,24,8.152194,5.441784,4.002863,8.26
2021-11-08 02:29:59.999997,2021-11-08 06:39:59.999998,25,8.774045,5.4461846,4.002863,8.8
2021-11-08 02:29:59.999997,2021-11-08 06:50:00.000002,26,8.67862,5.449792,4.002863,8.66
2021-11-08 02:29:59.999997,2021-11-08 06:59:59.999997,27,7.822494,5.4527164,4.002863,7.68
2021-11-08 02:29:59.999997,2021-11-08 07:10:00.000001,28,6.575915,5.455065,4.002863,6.69
2021-11-08 02:29:59.999997,2021-11-08 07:19:59.999996,29,5.630471,5.456928,4.002863,5.86
2021-11-08 02:29:59.999997,2021-11-08 07:30:00.000000,30,5.476381,5.4583855,4.002863,5.03
2021-11-08 02:29:59.999997,2021-11-08 07:40:00.000004,31,5.726587,5.459508,4.002863,5.98
2021-11-08 02:29:59.999997,2021-11-08 07:49:59.999999,32,5.6972523,5.4603553,4.002863,5.74
2021-11-08 02:29:59.999997,2021-11-08 08:00:00.000003,33,5.4046597,5.460978,4.002863,5.28
2021-11-08 02:29:59.999997,2021-11-08 08:09:59.999998,34,5.2472086,5.4614215,4.002863,5.23
2021-11-08 02:29:59.999997,2021-11-08 08:20:00.000002,35,5.2921705,5.461724,4.002863,5.5
2021-11-08 02:29:59.999997,2021-11-08 08:29:59.999997,36,5.4522543,5.461913,4.002863,5.36
2021-11-08 02:40:00.000001,2021-11-08 02:49:59.999996,1,3.9425573,6.5660524,3.6022148,3.92
2021-11-08 02:40:00.000001,2021-11-08 03:00:00.000000,2,4.5903893,6.1533394,3.6022148,4.54
2021-11-08 02:40:00.000001,2021-11-08 03:10:00.000004,3,4.802057,5.822992,3.6022148,4.94
2021-11-08 02:40:00.000001,2021-11-08 03:19:59.999999,4,4.665316,5.5652666,3.6022148,4.45
2021-11-08 02:40:00.000001,2021-11-08 03:30:00.000003,5,4.642435,5.3770256,3.6022148,4.82
2021-11-08 02:40:00.000001,2021-11-08 03:39:59.999998,6,4.7615356,5.247036,3.6022148,4.74
2021-11-08 02:40:00.000001,2021-11-08 03:50:00.000002,7,4.8154545,5.1626725,3.6022148,4.74
2021-11-08 02:40:00.000001,2021-11-08 03:59:59.999997,8,4.7105103,5.112415,3.6022148,4.73
2021-11-08 02:40:00.000001,2021-11-08 04:10:00.000001,9,4.4445715,5.086697,3.6022148,4.49
2021-11-08 02:40:00.000001,2021-11-08 04:19:59.999996,10,4.0958495,5.0779853,3.6022148,4.09
2021-11-08 02:40:00.000001,2021-11-08 04:30:00.000000,11,3.8035653,5.08056,3.6022148,3.76
2021-11-08 02:40:00.000001,2021-11-08 04:40:00.000004,12,3.6667771,5.090207,3.6022148,3.69
2021-11-08 02:40:00.000001,2021-11-08 04:49:59.999999,13,3.7081416,5.103902,3.6022148,3.7
2021-11-08 02:40:00.000001,2021-11-08 05:00:00.000003,14,3.897382,5.1195364,3.6022148,3.94
2021-11-08 02:40:00.000001,2021-11-08 05:09:59.999998,15,4.1938596,5.1356907,3.6022148,4.15
2021-11-08 02:40:00.000001,2021-11-08 05:20:00.000002,16,4.567362,5.1514425,3.6022148,4.55
2021-11-08 02:40:00.000001,2021-11-08 05:29:59.999997,17,4.9748874,5.1662326,3.6022148,5.01
2021-11-08 02:40:00.000001,2021-11-08 05:40:00.000001,18,5.40503,5.179751,3.6022148,5.43
2021-11-08 02:40:00.000001,2021-11-08 05:49:59.999996,19,5.8836775,5.191858,3.6022148,5.85
2021-11-08 02:40:00.000001,2021-11-08 06:00:00.000000,20,6.3422136,5.202529,3.6022148,6.27
2021-11-08 02:40:00.000001,2021-11-08 06:10:00.000004,21,6.7456675,5.2118106,3.6022148,6.93
2021-11-08 02:40:00.000001,2021-11-08 06:19:59.999999,22,7.3213,5.219791,3.6022148,7.12
2021-11-08 02:40:00.000001,2021-11-08 06:30:00.000003,23,8.152194,5.2265825,3.6022148,8.26
2021-11-08 02:40:00.000001,2021-11-08 06:39:59.999998,24,8.774045,5.2323074,3.6022148,8.8
2021-11-08 02:40:00.000001,2021-11-08 06:50:00.000002,25,8.67862,5.237088,3.6022148,8.66
2021-11-08 02:40:00.000001,2021-11-08 06:59:59.999997,26,7.822494,5.241043,3.6022148,7.68
2021-11-08 02:40:00.000001,2021-11-08 07:10:00.000001,27,6.575915,5.244286,3.6022148,6.69
2021-11-08 02:40:00.000001,2021-11-08 07:19:59.999996,28,5.630471,5.2469163,3.6022148,5.86
2021-11-08 02:40:00.000001,2021-11-08 07:30:00.000000,29,5.476381,5.2490273,3.6022148,5.03
2021-11-08 02:40:00.000001,2021-11-08 07:40:00.000004,30,5.726587,5.2507005,3.6022148,5.98
2021-11-08 02:40:00.000001,2021-11-08 07:49:59.999999,31,5.6972523,5.252007,3.6022148,5.74
2021-11-08 02:40:00.000001,2021-11-08 08:00:00.000003,32,5.4046597,5.253012,3.6022148,5.28
2021-11-08 02:40:00.000001,2021-11-08 08:09:59.999998,33,5.2472086,5.2537704,3.6022148,5.23
2021-11-08 02:40:00.000001,2021-11-08 08:20:00.000002,34,5.2921705,5.2543273,3.6022148,5.5
2021-11-08 02:40:00.000001,2021-11-08 08:29:59.999997,35,5.4522543,5.2547216,3.6022148,5.36
2021-11-08 02:40:00.000001,2021-11-08 08:40:00.000001,36,5.7863703,5.254989,3.6022148,5.43
2021-11-08 02:49:59.999996,2021-11-08 03:00:00.000000,1,4.5903893,6.5177956,3.9425573,4.54
2021-11-08 02:49:59.999996,2021-11-08 03:10:00.000004,2,4.802057,6.140547,3.9425573,4.94
2021-11-08 02:49:59.999996,2021-11-08 03:19:59.999999,3,4.665316,5.841551,3.9425573,4.45
2021-11-08 02:49:59.999996,2021-11-08 03:30:00.000003,4,4.642435,5.610871,3.9425573,4.82
2021-11-08 02:49:59.999996,2021-11-08 03:39:59.999998,5,4.7615356,5.4455533,3.9425573,4.74
2021-11-08 02:49:59.999996,2021-11-08 03:50:00.000002,6,4.8154545,5.33484,3.9425573,4.74
2021-11-08 02:49:59.999996,2021-11-08 03:59:59.999997,7,4.7105103,5.26659,3.9425573,4.73
2021-11-08 02:49:59.999996,2021-11-08 04:10:00.000001,8,4.4445715,5.2297273,3.9425573,4.49
2021-11-08 02:49:59.999996,2021-11-08 04:19:59.999996,9,4.0958495,5.2150683,3.9425573,4.09
2021-11-08 02:49:59.999996,2021-11-08 04:30:00.000000,10,3.8035653,5.215411,3.9425573,3.76
2021-11-08 02:49:59.999996,2021-11-08 04:40:00.000004,11,3.6667771,5.2253284,3.9425573,3.69
2021-11-08 02:49:59.999996,2021-11-08 04:49:59.999999,12,3.7081416,5.240865,3.9425573,3.7
2021-11-08 02:49:59.999996,2021-11-08 05:00:00.000003,13,3.897382,5.2592244,3.9425573,3.94
2021-11-08 02:49:59.999996,2021-11-08 05:09:59.999998,14,4.1938596,5.278502,3.9425573,4.15
2021-11-08 02:49:59.999996,2021-11-08 05:20:00.000002,15,4.567362,5.297451,3.9425573,4.55
2021-11-08 02:49:59.999996,2021-11-08 05:29:59.999997,16,4.9748874,5.315305,3.9425573,5.01
2021-11-08 02:49:59.999996,2021-11-08 05:40:00.000001,17,5.40503,5.331637,3.9425573,5.43
2021-11-08 02:49:59.999996,2021-11-08 05:49:59.999996,18,5.8836775,5.346248,3.9425573,5.85
2021-11-08 02:49:59.999996,2021-11-08 06:00:00.000000,19,6.3422136,5.359095,3.9425573,6.27
2021-11-08 02:49:59.999996,2021-11-08 06:10:00.000004,20,6.7456675,5.37023,3.9425573,6.93
2021-11-08 02:49:59.999996,2021-11-08 06:19:59.999999,21,7.3213,5.379766,3.9425573,7.12
2021-11-08 02:49:59.999996,2021-11-08 06:30:00.000003,22,8.152194,5.3878446,3.9425573,8.26
2021-11-08 02:49:59.999996,2021-11-08 06:39:59.999998,23,8.774045,5.3946195,3.9425573,8.8
2021-11-08 02:49:59.999996,2021-11-08 06:50:00.000002,24,8.67862,5.4002495,3.9425573,8.66
2021-11-08 02:49:59.999996,2021-11-08 06:59:59.999997,25,7.822494,5.4048815,3.9425573,7.68
2021-11-08 02:49:59.999996,2021-11-08 07:10:00.000001,26,6.575915,5.4086556,3.9425573,6.69
2021-11-08 02:49:59.999996,2021-11-08 07:19:59.999996,27,5.630471,5.411698,3.9425573,5.86
2021-11-08 02:49:59.999996,2021-11-08 07:30:00.000000,28,5.476381,5.4141235,3.9425573,5.03
2021-11-08 02:49:59.999996,2021-11-08 07:40:00.000004,29,5.726587,5.4160314,3.9425573,5.98
2021-11-08 02:49:59.999996,2021-11-08 07:49:59.999999,30,5.6972523,5.41751,3.9425573,5.74
2021-11-08 02:49:59.999996,2021-11-08 08:00:00.000003,31,5.4046597,5.4186354,3.9425573,5.28
2021-11-08 02:49:59.999996,2021-11-08 08:09:59.999998,32,5.2472086,5.419474,3.9425573,5.23
2021-11-08 02:49:59.999996,2021-11-08 08:20:00.000002,33,5.2921705,5.42008,3.9425573,5.5
2021-11-08 02:49:59.999996,2021-11-08 08:29:59.999997,34,5.4522543,5.4205017,3.9425573,5.36
2021-11-08 02:49:59.999996,2021-11-08 08:40:00.000001,35,5.7863703,5.4207764,3.9425573,5.43
2021-11-08 02:49:59.999996,2021-11-08 08:49:59.999996,36,6.285106,5.4209385,3.9425573,6.72
2021-11-08 03:00:00.000000,2021-11-08 03:10:00.000004,1,4.802057,6.6119466,4.5903893,4.94
2021-11-08 03:00:00.000000,2021-11-08 03:19:59.999999,2,4.665316,6.256757,4.5903893,4.45
2021-11-08 03:00:00.000000,2021-11-08 03:30:00.000003,3,4.642435,5.987464,4.5903893,4.82
2021-11-08 03:00:00.000000,2021-11-08 03:39:59.999998,4,4.7615356,5.788759,4.5903893,4.74
2021-11-08 03:00:00.000000,2021-11-08 03:50:00.000002,5,4.8154545,5.6544065,4.5903893,4.74
2021-11-08 03:00:00.000000,2021-11-08 03:59:59.999997,6,4.7105103,5.5717983,4.5903893,4.73
2021-11-08 03:00:00.000000,2021-11-08 04:10:00.000001,7,4.4445715,5.52794,4.5903893,4.49
2021-11-08 03:00:00.000000,2021-11-08 04:19:59.999996,8,4.0958495,5.511519,4.5903893,4.09
2021-11-08 03:00:00.000000,2021-11-08 04:30:00.000000,9,3.8035653,5.513488,4.5903893,3.76
2021-11-08 03:00:00.000000,2021-11-08 04:40:00.000004,10,3.6667771,5.5269747,4.5903893,3.69
2021-11-08 03:00:00.000000,2021-11-08 04:49:59.999999,11,3.7081416,5.5469837,4.5903893,3.7
2021-11-08 03:00:00.000000,2021-11-08 05:00:00.000003,12,3.897382,5.570013,4.5903893,3.94
2021-11-08 03:00:00.000000,2021-11-08 05:09:59.999998,13,4.1938596,5.5937157,4.5903893,4.15
2021-11-08 03:00:00.000000,2021-11-08 05:20:00.000002,14,4.567362,5.616601,4.5903893,4.55
2021-11-08 03:00:00.000000,2021-11-08 05:29:59.999997,15,4.9748874,5.6377883,4.5903893,5.01
2021-11-08 03:00:00.000000,2021-11-08 05:40:00.000001,16,5.40503,5.6568336,4.5903893,5.43
2021-11-08 03:00:00.000000,2021-11-08 05:49:59.999996,17,5.8836775,5.673571,4.5903893,5.85
2021-11-08 03:00:00.000000,2021-11-08 06:00:00.000000,18,6.3422136,5.688026,4.5903893,6.27
2021-11-08 03:00:00.000000,2021-11-08 06:10:00.000004,19,6.7456675,5.7003284,4.5903893,6.93
2021-11-08 03:00:00.000000,2021-11-08 06:19:59.999999,20,7.3213,5.7106695,4.5903893,7.12
2021-11-08 03:00:00.000000,2021-11-08 06:30:00.000003,21,8.152194,5.7192698,4.5903893,8.26
2021-11-08 03:00:00.000000,2021-11-08 06:39:59.999998,22,8.774045,5.7263474,4.5903893,8.8
2021-11-08 03:00:00.000000,2021-11-08 06:50:00.000002,23,8.67862,5.732116,4.5903893,8.66
2021-11-08 03:00:00.000000,2021-11-08 06:59:59.999997,24,7.822494,5.736773,4.5903893,7.68
2021-11-08 03:00:00.000000,2021-11-08 07:10:00.000001,25,6.575915,5.7404914,4.5903893,6.69
2021-11-08 03:00:00.000000,2021-11-08 07:19:59.999996,26,5.630471,5.7434278,4.5903893,5.86
2021-11-08 03:00:00.000000,2021-11-08 07:30:00.000000,27,5.476381,5.7457175,4.5903893,5.03
2021-11-08 03:00:00.000000,2021-11-08 07:40:00.000004,28,5.726587,5.7474766,4.5903893,5.98
2021-11-08 03:00:00.000000,2021-11-08 07:49:59.999999,29,5.6972523,5.7488008,4.5903893,5.74
2021-11-08 03:00:00.000000,2021-11-08 08:00:00.000003,30,5.4046597,5.749776,4.5903893,5.28
2021-11-08 03:00:00.000000,2021-11-08 08:09:59.999998,31,5.2472086,5.750472,4.5903893,5.23
2021-11-08 03:00:00.000000,2021-11-08 08:20:00.000002,32,5.2921705,5.7509475,4.5903893,5.5
2021-11-08 03:00:00.000000,2021-11-08 08:29:59.999997,33,5.4522543,5.751249,4.5903893,5.36
2021-11-08 03:00:00.000000,2021-11-08 08:40:00.000001,34,5.7863703,5.7514176,4.5903893,5.43
2021-11-08 03:00:00.000000,2021-11-08 08:49:59.999996,35,6.285106,5.751485,4.5903893,6.72
2021-11-08 03:00:00.000000,2021-11-08 09:00:00.000000,36,6.759585,5.7514787,4.5903893,6.92
2021-11-08 03:10:00.000004,2021-11-08 03:19:59.999999,1,4.665316,6.61545,4.802057,4.45
2021-11-08 03:10:00.000004,2021-11-08 03:30:00.000003,2,4.642435,6.281653,4.802057,4.82
2021-11-08 03:10:00.000004,2021-11-08 03:39:59.999998,3,4.7615356,6.029183,4.802057,4.74
2021-11-08 03:10:00.000004,2021-11-08 03:50:00.000002,4,4.8154545,5.8441095,4.802057,4.74
2021-11-08 03:10:00.000004,2021-11-08 03:59:59.999997,5,4.7105103,5.7206798,4.802057,4.73
2021-11-08 03:10:00.000004,2021-11-08 04:10:00.000001,6,4.4445715,5.6467385,4.802057,4.49
2021-11-08 03:10:00.000004,2021-11-08 04:19:59.999996,7,4.0958495,5.6096916,4.802057,4.09
2021-11-08 03:10:00.000004,2021-11-08 04:30:00.000000,8,3.8035653,5.5985756,4.802057,3.76
2021-11-08 03:10:00.000004,2021-11-08 04:40:00.000004,9,3.6667771,5.6046343,4.802057,3.69
2021-11-08 03:10:00.000004,2021-11-08 04:49:59.999999,10,3.7081416,5.6212454,4.802057,3.7
2021-11-08 03:10:00.000004,2021-11-08 05:00:00.000003,11,3.897382,5.6436105,4.802057,3.94
2021-11-08 03:10:00.000004,2021-11-08 05:09:59.999998,12,4.1938596,5.668394,4.802057,4.15
2021-11-08 03:10:00.000004,2021-11-08 05:20:00.000002,13,4.567362,5.6933856,4.802057,4.55
2021-11-08 03:10:00.000004,2021-11-08 05:29:59.999997,14,4.9748874,5.7171974,4.802057,5.01
2021-11-08 03:10:00.000004,2021-11-08 05:40:00.000001,15,5.40503,5.7390404,4.802057,5.43
2021-11-08 03:10:00.000004,2021-11-08 05:49:59.999996,16,5.8836775,5.758533,4.802057,5.85
2021-11-08 03:10:00.000004,2021-11-08 06:00:00.000000,17,6.3422136,5.7755666,4.802057,6.27
2021-11-08 03:10:00.000004,2021-11-08 06:10:00.000004,18,6.7456675,5.7902036,4.802057,6.93
2021-11-08 03:10:00.000004,2021-11-08 06:19:59.999999,19,7.3213,5.8026085,4.802057,7.12
2021-11-08 03:10:00.000004,2021-11-08 06:30:00.000003,20,8.152194,5.8129983,4.802057,8.26
2021-11-08 03:10:00.000004,2021-11-08 06:39:59.999998,21,8.774045,5.8216057,4.802057,8.8
2021-11-08 03:10:00.000004,2021-11-08 06:50:00.000002,22,8.67862,5.828669,4.802057,8.66
2021-11-08 03:10:00.000004,2021-11-08 06:59:59.999997,23,7.822494,5.8344073,4.802057,7.68
2021-11-08 03:10:00.000004,2021-11-08 07:10:00.000001,24,6.575915,5.839026,4.802057,6.69
2021-11-08 03:10:00.000004,2021-11-08 07:19:59.999996,25,5.630471,5.842703,4.802057,5.86
2021-11-08 03:10:00.000004,2021-11-08 07:30:00.000000,26,5.476381,5.8455997,4.802057,5.03
2021-11-08 03:10:00.000004,2021-11-08 07:40:00.000004,27,5.726587,5.8478518,4.802057,5.98
2021-11-08 03:10:00.000004,2021-11-08 07:49:59.999999,28,5.6972523,5.8495736,4.802057,5.74
2021-11-08 03:10:00.000004,2021-11-08 08:00:00.000003,29,5.4046597,5.850868,4.802057,5.28
2021-11-08 03:10:00.000004,2021-11-08 08:09:59.999998,30,5.2472086,5.851818,4.802057,5.23
2021-11-08 03:10:00.000004,2021-11-08 08:20:00.000002,31,5.2921705,5.8524914,4.802057,5.5
2021-11-08 03:10:00.000004,2021-11-08 08:29:59.999997,32,5.4522543,5.8529477,4.802057,5.36
2021-11-08 03:10:00.000004,2021-11-08 08:40:00.000001,33,5.7863703,5.8532343,4.802057,5.43
2021-11-08 03:10:00.000004,2021-11-08 08:49:59.999996,34,6.285106,5.853391,4.802057,6.72
2021-11-08 03:10:00.000004,2021-11-08 09:00:00.000000,35,6.759585,5.85345,4.802057,6.92
2021-11-08 03:10:00.000004,2021-11-08 09:10:00.000004,36,7.0209956,5.853436,4.802057,6.47
2021-11-08 03:19:59.999999,2021-11-08 03:30:00.000003,1,4.642435,6.569503,4.665316,4.82
2021-11-08 03:19:59.999999,2021-11-08 03:39:59.999998,2,4.7615356,6.2461123,4.665316,4.74
2021-11-08 03:19:59.999999,2021-11-08 03:50:00.000002,3,4.8154545,5.998838,4.665316,4.74
2021-11-08 03:19:59.999999,2021-11-08 03:59:59.999997,4,4.7105103,5.814761,4.665316,4.73
2021-11-08 03:19:59.999999,2021-11-08 04:10:00.000001,5,4.4445715,5.6895604,4.665316,4.49
2021-11-08 03:19:59.999999,2021-11-08 04:19:59.999996,6,4.0958495,5.6122003,4.665316,4.09
2021-11-08 03:19:59.999999,2021-11-08 04:30:00.000000,7,3.8035653,5.570875,4.665316,3.76
2021-11-08 03:19:59.999999,2021-11-08 04:40:00.000004,8,3.6667771,5.5551467,4.665316,3.69
2021-11-08 03:19:59.999999,2021-11-08 04:49:59.999999,9,3.7081416,5.556591,4.665316,3.7
2021-11-08 03:19:59.999999,2021-11-08 05:00:00.000003,10,3.897382,5.568787,4.665316,3.94
2021-11-08 03:19:59.999999,2021-11-08 05:09:59.999998,11,4.1938596,5.587054,4.665316,4.15
2021-11-08 03:19:59.999999,2021-11-08 05:20:00.000002,12,4.567362,5.6081123,4.665316,4.55
2021-11-08 03:19:59.999999,2021-11-08 05:29:59.999997,13,4.9748874,5.6297717,4.665316,5.01
2021-11-08 03:19:59.999999,2021-11-08 05:40:00.000001,14,5.40503,5.650643,4.665316,5.43
2021-11-08 03:19:59.999999,2021-11-08 05:49:59.999996,15,5.8836775,5.6699195,4.665316,5.85
2021-11-08 03:19:59.999999,2021-11-08 06:00:00.000000,16,6.3422136,5.6871924,4.665316,6.27
2021-11-08 03:19:59.999999,2021-11-08 06:10:00.000004,17,6.7456675,5.702324,4.665316,6.93
2021-11-08 03:19:59.999999,2021-11-08 06:19:59.999999,18,7.3213,5.7153425,4.665316,7.12
2021-11-08 03:19:59.999999,2021-11-08 06:30:00.000003,19,8.152194,5.7263823,4.665316,8.26
2021-11-08 03:19:59.999999,2021-11-08 06:39:59.999998,20,8.774045,5.7356253,4.665316,8.8
2021-11-08 03:19:59.999999,2021-11-08 06:50:00.000002,21,8.67862,5.74328,4.665316,8.66
2021-11-08 03:19:59.999999,2021-11-08 06:59:59.999997,22,7.822494,5.7495537,4.665316,7.68
2021-11-08 03:19:59.999999,2021-11-08 07:10:00.000001,23,6.575915,5.7546444,4.665316,6.69
2021-11-08 03:19:59.999999,2021-11-08 07:19:59.999996,24,5.630471,5.7587333,4.665316,5.86
2021-11-08 03:19:59.999999,2021-11-08 07:30:00.000000,25,5.476381,5.7619834,4.665316,5.03
2021-11-08 03:19:59.999999,2021-11-08 07:40:00.000004,26,5.726587,5.7645345,4.665316,5.98
2021-11-08 03:19:59.999999,2021-11-08 07:49:59.999999,27,5.6972523,5.766509,4.665316,5.74
2021-11-08 03:19:59.999999,2021-11-08 08:00:00.000003,28,5.4046597,5.768015,4.665316,5.28
2021-11-08 03:19:59.999999,2021-11-08 08:09:59.999998,29,5.2472086,5.769138,4.665316,5.23
2021-11-08 03:19:59.999999,2021-11-08 08:20:00.000002,30,5.2921705,5.7699547,4.665316,5.5
2021-11-08 03:19:59.999999,2021-11-08 08:29:59.999997,31,5.4522543,5.770526,4.665316,5.36
2021-11-08 03:19:59.999999,2021-11-08 08:40:00.000001,32,5.7863703,5.7709055,4.665316,5.43
2021-11-08 03:19:59.999999,2021-11-08 08:49:59.999996,33,6.285106,5.7711363,4.665316,6.72
2021-11-08 03:19:59.999999,2021-11-08 09:00:00.000000,34,6.759585,5.771252,4.665316,6.92
2021-11-08 03:19:59.999999,2021-11-08 09:10:00.000004,35,7.0209956,5.771282,4.665316,6.47
2021-11-08 03:19:59.999999,2021-11-08 09:19:59.999999,36,6.9446,5.771249,4.665316,7.13
2021-11-08 03:30:00.000003,2021-11-08 03:39:59.999998,1,4.7615356,6.5739064,4.642435,4.74
2021-11-08 03:30:00.000003,2021-11-08 03:50:00.000002,2,4.8154545,6.2475305,4.642435,4.74
2021-11-08 03:30:00.000003,2021-11-08 03:59:59.999997,3,4.7105103,5.9981613,4.642435,4.73
2021-11-08 03:30:00.000003,2021-11-08 04:10:00.000001,4,4.4445715,5.8120847,4.642435,4.49
2021-11-08 03:30:00.000003,2021-11-08 04:19:59.999996,5,4.0958495,5.6850467,4.642435,4.09
2021-11-08 03:30:00.000003,2021-11-08 04:30:00.000000,6,3.8035653,5.605987,4.642435,3.76
2021-11-08 03:30:00.000003,2021-11-08 04:40:00.000004,7,3.6667771,5.563074,4.642435,3.69
2021-11-08 03:30:00.000003,2021-11-08 04:49:59.999999,8,3.7081416,5.5458503,4.642435,3.7
2021-11-08 03:30:00.000003,2021-11-08 05:00:00.000003,9,3.897382,5.545886,4.642435,3.94
2021-11-08 03:30:00.000003,2021-11-08 05:09:59.999998,10,4.1938596,5.5567627,4.642435,4.15
2021-11-08 03:30:00.000003,2021-11-08 05:20:00.000002,11,4.567362,5.5738053,4.642435,4.55
2021-11-08 03:30:00.000003,2021-11-08 05:29:59.999997,12,4.9748874,5.5937448,4.642435,5.01
2021-11-08 03:30:00.000003,2021-11-08 05:40:00.000001,13,5.40503,5.6143904,4.642435,5.43
2021-11-08 03:30:00.000003,2021-11-08 05:49:59.999996,14,5.8836775,5.634362,4.642435,5.85
2021-11-08 03:30:00.000003,2021-11-08 06:00:00.000000,15,6.3422136,5.6528506,4.642435,6.27
2021-11-08 03:30:00.000003,2021-11-08 06:10:00.000004,16,6.7456675,5.669445,4.642435,6.93
2021-11-08 03:30:00.000003,2021-11-08 06:19:59.999999,17,7.3213,5.684002,4.642435,7.12
2021-11-08 03:30:00.000003,2021-11-08 06:30:00.000003,18,8.152194,5.6965427,4.642435,8.26
2021-11-08 03:30:00.000003,2021-11-08 06:39:59.999998,19,8.774045,5.7071896,4.642435,8.8
2021-11-08 03:30:00.000003,2021-11-08 06:50:00.000002,20,8.67862,5.716121,4.642435,8.66
2021-11-08 03:30:00.000003,2021-11-08 06:59:59.999997,21,7.822494,5.7235312,4.642435,7.68
2021-11-08 03:30:00.000003,2021-11-08 07:10:00.000001,22,6.575915,5.7296195,4.642435,6.69
2021-11-08 03:30:00.000003,2021-11-08 07:19:59.999996,23,5.630471,5.734574,4.642435,5.86
2021-11-08 03:30:00.000003,2021-11-08 07:30:00.000000,24,5.476381,5.738568,4.642435,5.03
2021-11-08 03:30:00.000003,2021-11-08 07:40:00.000004,25,5.726587,5.741756,4.642435,5.98
2021-11-08 03:30:00.000003,2021-11-08 07:49:59.999999,26,5.6972523,5.7442718,4.642435,5.74
2021-11-08 03:30:00.000003,2021-11-08 08:00:00.000003,27,5.4046597,5.746233,4.642435,5.28
2021-11-08 03:30:00.000003,2021-11-08 08:09:59.999998,28,5.2472086,5.7477393,4.642435,5.23
2021-11-08 03:30:00.000003,2021-11-08 08:20:00.000002,29,5.2921705,5.7488747,4.642435,5.5
2021-11-08 03:30:00.000003,2021-11-08 08:29:59.999997,30,5.4522543,5.749713,4.642435,5.36
2021-11-08 03:30:00.000003,2021-11-08 08:40:00.000001,31,5.7863703,5.75031,4.642435,5.43
2021-11-08 03:30:00.000003,2021-11-08 08:49:59.999996,32,6.285106,5.750718,4.642435,6.72
2021-11-08 03:30:00.000003,2021-11-08 09:00:00.000000,33,6.759585,5.750978,4.642435,6.92
2021-11-08 03:30:00.000003,2021-11-08 09:10:00.000004,34,7.0209956,5.7511234,4.642435,6.47
2021-11-08 03:30:00.000003,2021-11-08 09:19:59.999999,35,6.9446,5.751182,4.642435,7.13
2021-11-08 03:30:00.000003,2021-11-08 09:30:00.000003,36,6.5964007,5.751177,4.642435,6.76
2021-11-08 03:39:59.999998,2021-11-08 03:50:00.000002,1,4.8154545,6.5566835,4.7615356,4.74
2021-11-08 03:39:59.999998,2021-11-08 03:59:59.999997,2,4.7105103,6.229993,4.7615356,4.73
2021-11-08 03:39:59.999998,2021-11-08 04:10:00.000001,3,4.4445715,5.983513,4.7615356,4.49
2021-11-08 03:39:59.999998,2021-11-08 04:19:59.999996,4,4.0958495,5.8028593,4.7615356,4.09
2021-11-08 03:39:59.999998,2021-11-08 04:30:00.000000,5,3.8035653,5.6826763,4.7615356,3.76
2021-11-08 03:39:59.999998,2021-11-08 04:40:00.000004,6,3.6667771,5.611006,4.7615356,3.69
2021-11-08 03:39:59.999998,2021-11-08 04:49:59.999999,7,3.7081416,5.5753894,4.7615356,3.7
2021-11-08 03:39:59.999998,2021-11-08 05:00:00.000003,8,3.897382,5.5649943,4.7615356,3.94
2021-11-08 03:39:59.999998,2021-11-08 05:09:59.999998,9,4.1938596,5.571184,4.7615356,4.15
2021-11-08 03:39:59.999998,2021-11-08 05:20:00.000002,10,4.567362,5.587461,4.7615356,4.55
2021-11-08 03:39:59.999998,2021-11-08 05:29:59.999997,11,4.9748874,5.609145,4.7615356,5.01
2021-11-08 03:39:59.999998,2021-11-08 05:40:00.000001,12,5.40503,5.633009,4.7615356,5.43
2021-11-08 03:39:59.999998,2021-11-08 05:49:59.999996,13,5.8836775,5.6569333,4.7615356,5.85
2021-11-08 03:39:59.999998,2021-11-08 06:00:00.000000,14,6.3422136,5.6796093,4.7615356,6.27
2021-11-08 03:39:59.999998,2021-11-08 06:10:00.000004,15,6.7456675,5.7003083,4.7615356,6.93
2021-11-08 03:39:59.999998,2021-11-08 06:19:59.999999,16,7.3213,5.718694,4.7615356,7.12
2021-11-08 03:39:59.999998,2021-11-08 06:30:00.000003,17,8.152194,5.7346907,4.7615356,8.26
2021-11-08 03:39:59.999998,2021-11-08 06:39:59.999998,18,8.774045,5.7483826,4.7615356,8.8
2021-11-08 03:39:59.999998,2021-11-08 06:50:00.000002,19,8.67862,5.759943,4.7615356,8.66
2021-11-08 03:39:59.999998,2021-11-08 06:59:59.999997,20,7.822494,5.7695932,4.7615356,7.68
2021-11-08 03:39:59.999998,2021-11-08 07:10:00.000001,21,6.575915,5.7775655,4.7615356,6.69
2021-11-08 03:39:59.999998,2021-11-08 07:19:59.999996,22,5.630471,5.7840915,4.7615356,5.86
2021-11-08 03:39:59.999998,2021-11-08 07:30:00.000000,23,5.476381,5.7893825,4.7615356,5.03
2021-11-08 03:39:59.999998,2021-11-08 07:40:00.000004,24,5.726587,5.793635,4.7615356,5.98
2021-11-08 03:39:59.999998,2021-11-08 07:49:59.999999,25,5.6972523,5.797017,4.7615356,5.74
2021-11-08 03:39:59.999998,2021-11-08 08:00:00.000003,26,5.4046597,5.799679,4.7615356,5.28
2021-11-08 03:39:59.999998,2021-11-08 08:09:59.999998,27,5.2472086,5.801746,4.7615356,5.23
2021-11-08 03:39:59.999998,2021-11-08 08:20:00.000002,28,5.2921705,5.8033285,4.7615356,5.5
2021-11-08 03:39:59.999998,2021-11-08 08:29:59.999997,29,5.4522543,5.804518,4.7615356,5.36
2021-11-08 03:39:59.999998,2021-11-08 08:40:00.000001,30,5.7863703,5.8053913,4.7615356,5.43
2021-11-08 03:39:59.999998,2021-11-08 08:49:59.999996,31,6.285106,5.806012,4.7615356,6.72
2021-11-08 03:39:59.999998,2021-11-08 09:00:00.000000,32,6.759585,5.806433,4.7615356,6.92
2021-11-08 03:39:59.999998,2021-11-08 09:10:00.000004,33,7.0209956,5.8066955,4.7615356,6.47
2021-11-08 03:39:59.999998,2021-11-08 09:19:59.999999,34,6.9446,5.806842,4.7615356,7.13
2021-11-08 03:39:59.999998,2021-11-08 09:30:00.000003,35,6.5964007,5.8068953,4.7615356,6.76
2021-11-08 03:39:59.999998,2021-11-08 09:39:59.999998,36,6.3950276,5.806882,4.7615356,6.47
2021-11-08 03:50:00.000002,2021-11-08 03:59:59.999997,1,4.7105103,6.6098614,4.8154545,4.73
2021-11-08 03:50:00.000002,2021-11-08 04:10:00.000001,2,4.4445715,6.2729163,4.8154545,4.49
2021-11-08 03:50:00.000002,2021-11-08 04:19:59.999996,3,4.0958495,6.0211606,4.8154545,4.09
2021-11-08 03:50:00.000002,2021-11-08 04:30:00.000000,4,3.8035653,5.8389306,4.8154545,3.76
2021-11-08 03:50:00.000002,2021-11-08 04:40:00.000004,5,3.6667771,5.7191195,4.8154545,3.69
2021-11-08 03:50:00.000002,2021-11-08 04:49:59.999999,6,3.7081416,5.6485868,4.8154545,3.7
2021-11-08 03:50:00.000002,2021-11-08 05:00:00.000003,7,3.897382,5.614172,4.8154545,3.94
2021-11-08 03:50:00.000002,2021-11-08 05:09:59.999998,8,4.1938596,5.6046705,4.8154545,4.15
2021-11-08 03:50:00.000002,2021-11-08 05:20:00.000002,9,4.567362,5.6112947,4.8154545,4.55
2021-11-08 03:50:00.000002,2021-11-08 05:29:59.999997,10,4.9748874,5.627523,4.8154545,5.01
2021-11-08 03:50:00.000002,2021-11-08 05:40:00.000001,11,5.40503,5.648725,4.8154545,5.43
2021-11-08 03:50:00.000002,2021-11-08 05:49:59.999996,12,5.8836775,5.671751,4.8154545,5.85
2021-11-08 03:50:00.000002,2021-11-08 06:00:00.000000,13,6.3422136,5.6945744,4.8154545,6.27
2021-11-08 03:50:00.000002,2021-11-08 06:10:00.000004,14,6.7456675,5.715974,4.8154545,6.93
2021-11-08 03:50:00.000002,2021-11-08 06:19:59.999999,15,7.3213,5.7353015,4.8154545,7.12
2021-11-08 03:50:00.000002,2021-11-08 06:30:00.000003,16,8.152194,5.7522864,4.8154545,8.26
2021-11-08 03:50:00.000002,2021-11-08 06:39:59.999998,17,8.774045,5.766903,4.8154545,8.8
2021-11-08 03:50:00.000002,2021-11-08 06:50:00.000002,18,8.67862,5.7792754,4.8154545,8.66
2021-11-08 03:50:00.000002,2021-11-08 06:59:59.999997,19,7.822494,5.7896056,4.8154545,7.68
2021-11-08 03:50:00.000002,2021-11-08 07:10:00.000001,20,6.575915,5.79813,4.8154545,6.69
2021-11-08 03:50:00.000002,2021-11-08 07:19:59.999996,21,5.630471,5.80509,4.8154545,5.86
2021-11-08 03:50:00.000002,2021-11-08 07:30:00.000000,22,5.476381,5.8107185,4.8154545,5.03
2021-11-08 03:50:00.000002,2021-11-08 07:40:00.000004,23,5.726587,5.8152266,4.8154545,5.98
2021-11-08 03:50:00.000002,2021-11-08 07:49:59.999999,24,5.6972523,5.818803,4.8154545,5.74
2021-11-08 03:50:00.000002,2021-11-08 08:00:00.000003,25,5.4046597,5.821609,4.8154545,5.28
2021-11-08 03:50:00.000002,2021-11-08 08:09:59.999998,26,5.2472086,5.8237863,4.8154545,5.23
2021-11-08 03:50:00.000002,2021-11-08 08:20:00.000002,27,5.2921705,5.8254514,4.8154545,5.5
2021-11-08 03:50:00.000002,2021-11-08 08:29:59.999997,28,5.4522543,5.8267035,4.8154545,5.36
2021-11-08 03:50:00.000002,2021-11-08 08:40:00.000001,29,5.7863703,5.8276243,4.8154545,5.43
2021-11-08 03:50:00.000002,2021-11-08 08:49:59.999996,30,6.285106,5.8282814,4.8154545,6.72
2021-11-08 03:50:00.000002,2021-11-08 09:00:00.000000,31,6.759585,5.8287315,4.8154545,6.92
2021-11-08 03:50:00.000002,2021-11-08 09:10:00.000004,32,7.0209956,5.829018,4.8154545,6.47
2021-11-08 03:50:00.000002,2021-11-08 09:19:59.999999,33,6.9446,5.8291802,4.8154545,7.13
2021-11-08 03:50:00.000002,2021-11-08 09:30:00.000003,34,6.5964007,5.8292484,4.8154545,6.76
2021-11-08 03:50:00.000002,2021-11-08 09:39:59.999998,35,6.3950276,5.8292475,4.8154545,6.47
2021-11-08 03:50:00.000002,2021-11-08 09:50:00.000002,36,6.687765,5.829196,4.8154545,6.36
2021-11-08 03:59:59.999997,2021-11-08 04:10:00.000001,1,4.4445715,6.597401,4.7105103,4.49
2021-11-08 03:59:59.999997,2021-11-08 04:19:59.999996,2,4.0958495,6.264565,4.7105103,4.09
2021-11-08 03:59:59.999997,2021-11-08 04:30:00.000000,3,3.8035653,6.0131583,4.7105103,3.76
2021-11-08 03:59:59.999997,2021-11-08 04:40:00.000004,4,3.6667771,5.828709,4.7105103,3.69
2021-11-08 03:59:59.999997,2021-11-08 04:49:59.999999,5,3.7081416,5.7050247,4.7105103,3.7
2021-11-08 03:59:59.999997,2021-11-08 05:00:00.000003,6,3.897382,5.6297107,4.7105103,3.94
2021-11-08 03:59:59.999997,2021-11-08 05:09:59.999998,7,4.1938596,5.5901365,4.7105103,4.15
2021-11-08 03:59:59.999997,2021-11-08 05:20:00.000002,8,4.567362,5.575453,4.7105103,4.55
2021-11-08 03:59:59.999997,2021-11-08 05:29:59.999997,9,4.9748874,5.577106,4.7105103,5.01
2021-11-08 03:59:59.999997,2021-11-08 05:40:00.000001,10,5.40503,5.588715,4.7105103,5.43
2021-11-08 03:59:59.999997,2021-11-08 05:49:59.999996,11,5.8836775,5.6057205,4.7105103,5.85
2021-11-08 03:59:59.999997,2021-11-08 06:00:00.000000,12,6.3422136,5.6250105,4.7105103,6.27
2021-11-08 03:59:59.999997,2021-11-08 06:10:00.000004,13,6.7456675,5.6445556,4.7105103,6.93
2021-11-08 03:59:59.999997,2021-11-08 06:19:59.999999,14,7.3213,5.663123,4.7105103,7.12
2021-11-08 03:59:59.999997,2021-11-08 06:30:00.000003,15,8.152194,5.680028,4.7105103,8.26
2021-11-08 03:59:59.999997,2021-11-08 06:39:59.999998,16,8.774045,5.694967,4.7105103,8.8
2021-11-08 03:59:59.999997,2021-11-08 06:50:00.000002,17,8.67862,5.7078743,4.7105103,8.66
2021-11-08 03:59:59.999997,2021-11-08 06:59:59.999997,18,7.822494,5.718831,4.7105103,7.68
2021-11-08 03:59:59.999997,2021-11-08 07:10:00.000001,19,6.575915,5.7279997,4.7105103,6.69
2021-11-08 03:59:59.999997,2021-11-08 07:19:59.999996,20,5.630471,5.7355814,4.7105103,5.86
2021-11-08 03:59:59.999997,2021-11-08 07:30:00.000000,21,5.476381,5.7417846,4.7105103,5.03
2021-11-08 03:59:59.999997,2021-11-08 07:40:00.000004,22,5.726587,5.7468104,4.7105103,5.98
2021-11-08 03:59:59.999997,2021-11-08 07:49:59.999999,23,5.6972523,5.7508445,4.7105103,5.74
2021-11-08 03:59:59.999997,2021-11-08 08:00:00.000003,24,5.4046597,5.754053,4.7105103,5.28
2021-11-08 03:59:59.999997,2021-11-08 08:09:59.999998,25,5.2472086,5.7565775,4.7105103,5.23
2021-11-08 03:59:59.999997,2021-11-08 08:20:00.000002,26,5.2921705,5.7585425,4.7105103,5.5
2021-11-08 03:59:59.999997,2021-11-08 08:29:59.999997,27,5.4522543,5.76005,4.7105103,5.36
2021-11-08 03:59:59.999997,2021-11-08 08:40:00.000001,28,5.7863703,5.7611895,4.7105103,5.43
2021-11-08 03:59:59.999997,2021-11-08 08:49:59.999996,29,6.285106,5.762031,4.7105103,6.72
2021-11-08 03:59:59.999997,2021-11-08 09:00:00.000000,30,6.759585,5.7626348,4.7105103,6.92
2021-11-08 03:59:59.999997,2021-11-08 09:10:00.000004,31,7.0209956,5.763052,4.7105103,6.47
2021-11-08 03:59:59.999997,2021-11-08 09:19:59.999999,32,6.9446,5.763322,4.7105103,7.13
2021-11-08 03:59:59.999997,2021-11-08 09:30:00.000003,33,6.5964007,5.7634788,4.7105103,6.76
2021-11-08 03:59:59.999997,2021-11-08 09:39:59.999998,34,6.3950276,5.76355,4.7105103,6.47
2021-11-08 03:59:59.999997,2021-11-08 09:50:00.000002,35,6.687765,5.763554,4.7105103,6.36
2021-11-08 03:59:59.999997,2021-11-08 09:59:59.999997,36,7.264212,5.7635136,4.7105103,7.42
2021-11-08 04:10:00.000001,2021-11-08 04:19:59.999996,1,4.0958495,6.5608606,4.4445715,4.09
2021-11-08 04:10:00.000001,2021-11-08 04:30:00.000000,2,3.8035653,6.2259893,4.4445715,3.76
2021-11-08 04:10:00.000001,2021-11-08 04:40:00.000004,3,3.6667771,5.968218,4.4445715,3.69
2021-11-08 04:10:00.000001,2021-11-08 04:49:59.999999,4,3.7081416,5.774487,4.4445715,3.7
2021-11-08 04:10:00.000001,2021-11-08 05:00:00.000003,5,3.897382,5.6401067,4.4445715,3.94
2021-11-08 04:10:00.000001,2021-11-08 05:09:59.999998,6,4.1938596,5.553783,4.4445715,4.15
2021-11-08 04:10:00.000001,2021-11-08 05:20:00.000002,7,4.567362,5.5035915,4.4445715,4.55
2021-11-08 04:10:00.000001,2021-11-08 05:29:59.999997,8,4.9748874,5.479099,4.4445715,5.01
2021-11-08 04:10:00.000001,2021-11-08 05:40:00.000001,9,5.40503,5.4719534,4.4445715,5.43
2021-11-08 04:10:00.000001,2021-11-08 05:49:59.999996,10,5.8836775,5.4758453,4.4445715,5.85
2021-11-08 04:10:00.000001,2021-11-08 06:00:00.000000,11,6.3422136,5.486204,4.4445715,6.27
2021-11-08 04:10:00.000001,2021-11-08 06:10:00.000004,12,6.7456675,5.4998527,4.4445715,6.93
2021-11-08 04:10:00.000001,2021-11-08 06:19:59.999999,13,7.3213,5.514672,4.4445715,7.12
2021-11-08 04:10:00.000001,2021-11-08 06:30:00.000003,14,8.152194,5.5293236,4.4445715,8.26
2021-11-08 04:10:00.000001,2021-11-08 06:39:59.999998,15,8.774045,5.543021,4.4445715,8.8
2021-11-08 04:10:00.000001,2021-11-08 06:50:00.000002,16,8.67862,5.555357,4.4445715,8.66
2021-11-08 04:10:00.000001,2021-11-08 06:59:59.999997,17,7.822494,5.566173,4.4445715,7.68
2021-11-08 04:10:00.000001,2021-11-08 07:10:00.000001,18,6.575915,5.5754666,4.4445715,6.69
2021-11-08 04:10:00.000001,2021-11-08 07:19:59.999996,19,5.630471,5.583326,4.4445715,5.86
2021-11-08 04:10:00.000001,2021-11-08 07:30:00.000000,20,5.476381,5.5898876,4.4445715,5.03
2021-11-08 04:10:00.000001,2021-11-08 07:40:00.000004,21,5.726587,5.595305,4.4445715,5.98
2021-11-08 04:10:00.000001,2021-11-08 07:49:59.999999,22,5.6972523,5.5997334,4.4445715,5.74
2021-11-08 04:10:00.000001,2021-11-08 08:00:00.000003,23,5.4046597,5.60332,4.4445715,5.28
2021-11-08 04:10:00.000001,2021-11-08 08:09:59.999998,24,5.2472086,5.606198,4.4445715,5.23
2021-11-08 04:10:00.000001,2021-11-08 08:20:00.000002,25,5.2921705,5.6084857,4.4445715,5.5
2021-11-08 04:10:00.000001,2021-11-08 08:29:59.999997,26,5.4522543,5.6102834,4.4445715,5.36
2021-11-08 04:10:00.000001,2021-11-08 08:40:00.000001,27,5.7863703,5.6116796,4.4445715,5.43
2021-11-08 04:10:00.000001,2021-11-08 08:49:59.999996,28,6.285106,5.6127462,4.4445715,6.72
2021-11-08 04:10:00.000001,2021-11-08 09:00:00.000000,29,6.759585,5.613547,4.4445715,6.92
2021-11-08 04:10:00.000001,2021-11-08 09:10:00.000004,30,7.0209956,5.6141324,4.4445715,6.47
2021-11-08 04:10:00.000001,2021-11-08 09:19:59.999999,31,6.9446,5.6145463,4.4445715,7.13
2021-11-08 04:10:00.000001,2021-11-08 09:30:00.000003,32,6.5964007,5.614824,4.4445715,6.76
2021-11-08 04:10:00.000001,2021-11-08 09:39:59.999998,33,6.3950276,5.614997,4.4445715,6.47
2021-11-08 04:10:00.000001,2021-11-08 09:50:00.000002,34,6.687765,5.615087,4.4445715,6.36
2021-11-08 04:10:00.000001,2021-11-08 09:59:59.999997,35,7.264212,5.615114,4.4445715,7.42
2021-11-08 04:10:00.000001,2021-11-08 10:10:00.000001,36,7.7105985,5.615095,4.4445715,7.76
2021-11-08 04:19:59.999996,2021-11-08 04:30:00.000000,1,3.8035653,6.536718,4.0958495,3.76
2021-11-08 04:19:59.999996,2021-11-08 04:40:00.000004,2,3.6667771,6.176398,4.0958495,3.69
2021-11-08 04:19:59.999996,2021-11-08 04:49:59.999999,3,3.7081416,5.8953342,4.0958495,3.7
2021-11-08 04:19:59.999996,2021-11-08 05:00:00.000003,4,3.897382,5.681777,4.0958495,3.94
2021-11-08 04:19:59.999996,2021-11-08 05:09:59.999998,5,4.1938596,5.5308146,4.0958495,4.15
2021-11-08 04:19:59.999996,2021-11-08 05:20:00.000002,6,4.567362,5.4307294,4.0958495,4.55
2021-11-08 04:19:59.999996,2021-11-08 05:29:59.999997,7,4.9748874,5.3691525,4.0958495,5.01
2021-11-08 04:19:59.999996,2021-11-08 05:40:00.000001,8,5.40503,5.335251,4.0958495,5.43
2021-11-08 04:19:59.999996,2021-11-08 05:49:59.999996,9,5.8836775,5.320333,4.0958495,5.85
2021-11-08 04:19:59.999996,2021-11-08 06:00:00.000000,10,6.3422136,5.317808,4.0958495,6.27
2021-11-08 04:19:59.999996,2021-11-08 06:10:00.000004,11,6.7456675,5.322876,4.0958495,6.93
2021-11-08 04:19:59.999996,2021-11-08 06:19:59.999999,12,7.3213,5.3321667,4.0958495,7.12
2021-11-08 04:19:59.999996,2021-11-08 06:30:00.000003,13,8.152194,5.3434067,4.0958495,8.26
2021-11-08 04:19:59.999996,2021-11-08 06:39:59.999998,14,8.774045,5.355128,4.0958495,8.8
2021-11-08 04:19:59.999996,2021-11-08 06:50:00.000002,15,8.67862,5.366436,4.0958495,8.66
2021-11-08 04:19:59.999996,2021-11-08 06:59:59.999997,16,7.822494,5.376832,4.0958495,7.68
2021-11-08 04:19:59.999996,2021-11-08 07:10:00.000001,17,6.575915,5.386082,4.0958495,6.69
2021-11-08 04:19:59.999996,2021-11-08 07:19:59.999996,18,5.630471,5.394121,4.0958495,5.86
2021-11-08 04:19:59.999996,2021-11-08 07:30:00.000000,19,5.476381,5.4009824,4.0958495,5.03
2021-11-08 04:19:59.999996,2021-11-08 07:40:00.000004,20,5.726587,5.406756,4.0958495,5.98
2021-11-08 04:19:59.999996,2021-11-08 07:49:59.999999,21,5.6972523,5.411557,4.0958495,5.74
2021-11-08 04:19:59.999996,2021-11-08 08:00:00.000003,22,5.4046597,5.4155107,4.0958495,5.28
2021-11-08 04:19:59.999996,2021-11-08 08:09:59.999998,23,5.2472086,5.4187365,4.0958495,5.23
2021-11-08 04:19:59.999996,2021-11-08 08:20:00.000002,24,5.2921705,5.4213448,4.0958495,5.5
2021-11-08 04:19:59.999996,2021-11-08 08:29:59.999997,25,5.4522543,5.423436,4.0958495,5.36
2021-11-08 04:19:59.999996,2021-11-08 08:40:00.000001,26,5.7863703,5.425094,4.0958495,5.43
2021-11-08 04:19:59.999996,2021-11-08 08:49:59.999996,27,6.285106,5.426396,4.0958495,6.72
2021-11-08 04:19:59.999996,2021-11-08 09:00:00.000000,28,6.759585,5.427403,4.0958495,6.92
2021-11-08 04:19:59.999996,2021-11-08 09:10:00.000004,29,7.0209956,5.4281693,4.0958495,6.47
2021-11-08 04:19:59.999996,2021-11-08 09:19:59.999999,30,6.9446,5.4287405,4.0958495,7.13
2021-11-08 04:19:59.999996,2021-11-08 09:30:00.000003,31,6.5964007,5.429155,4.0958495,6.76
2021-11-08 04:19:59.999996,2021-11-08 09:39:59.999998,32,6.3950276,5.4294434,4.0958495,6.47
2021-11-08 04:19:59.999996,2021-11-08 09:50:00.000002,33,6.687765,5.429631,4.0958495,6.36
2021-11-08 04:19:59.999996,2021-11-08 09:59:59.999997,34,7.264212,5.4297433,4.0958495,7.42
2021-11-08 04:19:59.999996,2021-11-08 10:10:00.000001,35,7.7105985,5.429794,4.0958495,7.76
2021-11-08 04:19:59.999996,2021-11-08 10:19:59.999996,36,7.896879,5.429801,4.0958495,7.91
2021-11-08 04:30:00.000000,2021-11-08 04:40:00.000004,1,3.6667771,6.5007095,3.8035653,3.69
2021-11-08 04:30:00.000000,2021-11-08 04:49:59.999999,2,3.7081416,6.121127,3.8035653,3.7
2021-11-08 04:30:00.000000,2021-11-08 05:00:00.000003,3,3.897382,5.824425,3.8035653,3.94
2021-11-08 04:30:00.000000,2021-11-08 05:09:59.999998,4,4.1938596,5.5983796,3.8035653,4.15
2021-11-08 04:30:00.000000,2021-11-08 05:20:00.000002,5,4.567362,5.4373617,3.8035653,4.55
2021-11-08 04:30:00.000000,2021-11-08 05:29:59.999997,6,4.9748874,5.3290434,3.8035653,5.01
2021-11-08 04:30:00.000000,2021-11-08 05:40:00.000001,7,5.40503,5.260599,3.8035653,5.43
2021-11-08 04:30:00.000000,2021-11-08 05:49:59.999996,8,5.8836775,5.2208705,3.8035653,5.85
2021-11-08 04:30:00.000000,2021-11-08 06:00:00.000000,9,6.3422136,5.2009373,3.8035653,6.27
2021-11-08 04:30:00.000000,2021-11-08 06:10:00.000004,10,6.7456675,5.194044,3.8035653,6.93
2021-11-08 04:30:00.000000,2021-11-08 06:19:59.999999,11,7.3213,5.1952763,3.8035653,7.12
2021-11-08 04:30:00.000000,2021-11-08 06:30:00.000003,12,8.152194,5.201183,3.8035653,8.26
2021-11-08 04:30:00.000000,2021-11-08 06:39:59.999998,13,8.774045,5.2094307,3.8035653,8.8
2021-11-08 04:30:00.000000,2021-11-08 06:50:00.000002,14,8.67862,5.218504,3.8035653,8.66
2021-11-08 04:30:00.000000,2021-11-08 06:59:59.999997,15,7.822494,5.227475,3.8035653,7.68
2021-11-08 04:30:00.000000,2021-11-08 07:10:00.000001,16,6.575915,5.235815,3.8035653,6.69
2021-11-08 04:30:00.000000,2021-11-08 07:19:59.999996,17,5.630471,5.243266,3.8035653,5.86
2021-11-08 04:30:00.000000,2021-11-08 07:30:00.000000,18,5.476381,5.2497354,3.8035653,5.03
2021-11-08 04:30:00.000000,2021-11-08 07:40:00.000004,19,5.726587,5.255235,3.8035653,5.98
2021-11-08 04:30:00.000000,2021-11-08 07:49:59.999999,20,5.6972523,5.259837,3.8035653,5.74
2021-11-08 04:30:00.000000,2021-11-08 08:00:00.000003,21,5.4046597,5.263635,3.8035653,5.28
2021-11-08 04:30:00.000000,2021-11-08 08:09:59.999998,22,5.2472086,5.2667365,3.8035653,5.23
2021-11-08 04:30:00.000000,2021-11-08 08:20:00.000002,23,5.2921705,5.2692432,3.8035653,5.5
2021-11-08 04:30:00.000000,2021-11-08 08:29:59.999997,24,5.4522543,5.2712483,3.8035653,5.36
2021-11-08 04:30:00.000000,2021-11-08 08:40:00.000001,25,5.7863703,5.272836,3.8035653,5.43
2021-11-08 04:30:00.000000,2021-11-08 08:49:59.999996,26,6.285106,5.2740803,3.8035653,6.72
2021-11-08 04:30:00.000000,2021-11-08 09:00:00.000000,27,6.759585,5.2750425,3.8035653,6.92
2021-11-08 04:30:00.000000,2021-11-08 09:10:00.000004,28,7.0209956,5.2757745,3.8035653,6.47
2021-11-08 04:30:00.000000,2021-11-08 09:19:59.999999,29,6.9446,5.276321,3.8035653,7.13
2021-11-08 04:30:00.000000,2021-11-08 09:30:00.000003,30,6.5964007,5.2767167,3.8035653,6.76
2021-11-08 04:30:00.000000,2021-11-08 09:39:59.999998,31,6.3950276,5.276993,3.8035653,6.47
2021-11-08 04:30:00.000000,2021-11-08 09:50:00.000002,32,6.687765,5.277175,3.8035653,6.36
2021-11-08 04:30:00.000000,2021-11-08 09:59:59.999997,33,7.264212,5.277282,3.8035653,7.42
2021-11-08 04:30:00.000000,2021-11-08 10:10:00.000001,34,7.7105985,5.277333,3.8035653,7.76
2021-11-08 04:30:00.000000,2021-11-08 10:19:59.999996,35,7.896879,5.27734,3.8035653,7.91
2021-11-08 04:30:00.000000,2021-11-08 10:30:00.000000,36,7.9476724,5.277316,3.8035653,7.81
2021-11-08 04:40:00.000004,2021-11-08 04:49:59.999999,1,3.7081416,6.453872,3.6667771,3.7
2021-11-08 04:40:00.000004,2021-11-08 05:00:00.000003,2,3.897382,6.063545,3.6667771,3.94
2021-11-08 04:40:00.000004,2021-11-08 05:09:59.999998,3,4.1938596,5.758553,3.6667771,4.15
2021-11-08 04:40:00.000004,2021-11-08 05:20:00.000002,4,4.567362,5.5268536,3.6667771,4.55
2021-11-08 04:40:00.000004,2021-11-08 05:29:59.999997,5,4.9748874,5.3623114,3.6667771,5.01
2021-11-08 04:40:00.000004,2021-11-08 05:40:00.000001,6,5.40503,5.252048,3.6667771,5.43
2021-11-08 04:40:00.000004,2021-11-08 05:49:59.999996,7,5.8836775,5.1827545,3.6667771,5.85
2021-11-08 04:40:00.000004,2021-11-08 06:00:00.000000,8,6.3422136,5.1428914,3.6667771,6.27
2021-11-08 04:40:00.000004,2021-11-08 06:10:00.000004,9,6.7456675,5.123254,3.6667771,6.93
2021-11-08 04:40:00.000004,2021-11-08 06:19:59.999999,10,7.3213,5.1168923,3.6667771,7.12
2021-11-08 04:40:00.000004,2021-11-08 06:30:00.000003,11,8.152194,5.1187587,3.6667771,8.26
2021-11-08 04:40:00.000004,2021-11-08 06:39:59.999998,12,8.774045,5.1253157,3.6667771,8.8
2021-11-08 04:40:00.000004,2021-11-08 06:50:00.000002,13,8.67862,5.134178,3.6667771,8.66
2021-11-08 04:40:00.000004,2021-11-08 06:59:59.999997,14,7.822494,5.1438046,3.6667771,7.68
2021-11-08 04:40:00.000004,2021-11-08 07:10:00.000001,15,6.575915,5.15325,3.6667771,6.69
2021-11-08 04:40:00.000004,2021-11-08 07:19:59.999996,16,5.630471,5.161987,3.6667771,5.86
2021-11-08 04:40:00.000004,2021-11-08 07:30:00.000000,17,5.476381,5.1697564,3.6667771,5.03
2021-11-08 04:40:00.000004,2021-11-08 07:40:00.000004,18,5.726587,5.176477,3.6667771,5.98
2021-11-08 04:40:00.000004,2021-11-08 07:49:59.999999,19,5.6972523,5.1821704,3.6667771,5.74
2021-11-08 04:40:00.000004,2021-11-08 08:00:00.000003,20,5.4046597,5.1869135,3.6667771,5.28
2021-11-08 04:40:00.000004,2021-11-08 08:09:59.999998,21,5.2472086,5.190813,3.6667771,5.23
2021-11-08 04:40:00.000004,2021-11-08 08:20:00.000002,22,5.2921705,5.1939826,3.6667771,5.5
2021-11-08 04:40:00.000004,2021-11-08 08:29:59.999997,23,5.4522543,5.196531,3.6667771,5.36
2021-11-08 04:40:00.000004,2021-11-08 08:40:00.000001,24,5.7863703,5.198559,3.6667771,5.43
2021-11-08 04:40:00.000004,2021-11-08 08:49:59.999996,25,6.285106,5.2001557,3.6667771,6.72
2021-11-08 04:40:00.000004,2021-11-08 09:00:00.000000,26,6.759585,5.2013984,3.6667771,6.92
2021-11-08 04:40:00.000004,2021-11-08 09:10:00.000004,27,7.0209956,5.2023516,3.6667771,6.47
2021-11-08 04:40:00.000004,2021-11-08 09:19:59.999999,28,6.9446,5.203072,3.6667771,7.13
2021-11-08 04:40:00.000004,2021-11-08 09:30:00.000003,29,6.5964007,5.2036023,3.6667771,6.76
2021-11-08 04:40:00.000004,2021-11-08 09:39:59.999998,30,6.3950276,5.2039824,3.6667771,6.47
2021-11-08 04:40:00.000004,2021-11-08 09:50:00.000002,31,6.687765,5.204243,3.6667771,6.36
2021-11-08 04:40:00.000004,2021-11-08 09:59:59.999997,32,7.264212,5.2044096,3.6667771,7.42
2021-11-08 04:40:00.000004,2021-11-08 10:10:00.000001,33,7.7105985,5.2045026,3.6667771,7.76
2021-11-08 04:40:00.000004,2021-11-08 10:19:59.999996,34,7.896879,5.2045407,3.6667771,7.91
2021-11-08 04:40:00.000004,2021-11-08 10:30:00.000000,35,7.9476724,5.204536,3.6667771,7.81
2021-11-08 04:40:00.000004,2021-11-08 10:40:00.000004,36,8.133185,5.204503,3.6667771,8.29
2021-11-08 04:49:59.999999,2021-11-08 05:00:00.000003,1,3.897382,6.4342337,3.7081416,3.94
2021-11-08 04:49:59.999999,2021-11-08 05:09:59.999998,2,4.1938596,6.0402083,3.7081416,4.15
2021-11-08 04:49:59.999999,2021-11-08 05:20:00.000002,3,4.567362,5.7366333,3.7081416,4.55
2021-11-08 04:49:59.999999,2021-11-08 05:29:59.999997,4,4.9748874,5.5094833,3.7081416,5.01
2021-11-08 04:49:59.999999,2021-11-08 05:40:00.000001,5,5.40503,5.3509574,3.7081416,5.43
2021-11-08 04:49:59.999999,2021-11-08 05:49:59.999996,6,5.8836775,5.2470675,3.7081416,5.85
2021-11-08 04:49:59.999999,2021-11-08 06:00:00.000000,7,6.3422136,5.1838317,3.7081416,6.27
2021-11-08 04:49:59.999999,2021-11-08 06:10:00.000004,8,6.7456675,5.1493416,3.7081416,6.93
2021-11-08 04:49:59.999999,2021-11-08 06:19:59.999999,9,7.3213,5.1342373,3.7081416,7.12
2021-11-08 04:49:59.999999,2021-11-08 06:30:00.000003,10,8.152194,5.1315317,3.7081416,8.26
2021-11-08 04:49:59.999999,2021-11-08 06:39:59.999998,11,8.774045,5.1362247,3.7081416,8.8
2021-11-08 04:49:59.999999,2021-11-08 06:50:00.000002,12,8.67862,5.144866,3.7081416,8.66
2021-11-08 04:49:59.999999,2021-11-08 06:59:59.999997,13,7.822494,5.1551776,3.7081416,7.68
2021-11-08 04:49:59.999999,2021-11-08 07:10:00.000001,14,6.575915,5.165728,3.7081416,6.69
2021-11-08 04:49:59.999999,2021-11-08 07:19:59.999996,15,5.630471,5.1756787,3.7081416,5.86
2021-11-08 04:49:59.999999,2021-11-08 07:30:00.000000,16,5.476381,5.184597,3.7081416,5.03
2021-11-08 04:49:59.999999,2021-11-08 07:40:00.000004,17,5.726587,5.192306,3.7081416,5.98
2021-11-08 04:49:59.999999,2021-11-08 07:49:59.999999,18,5.6972523,5.1987925,3.7081416,5.74
2021-11-08 04:49:59.999999,2021-11-08 08:00:00.000003,19,5.4046597,5.204136,3.7081416,5.28
2021-11-08 04:49:59.999999,2021-11-08 08:09:59.999998,20,5.2472086,5.208459,3.7081416,5.23
2021-11-08 04:49:59.999999,2021-11-08 08:20:00.000002,21,5.2921705,5.2119007,3.7081416,5.5
2021-11-08 04:49:59.999999,2021-11-08 08:29:59.999997,22,5.4522543,5.214601,3.7081416,5.36
2021-11-08 04:49:59.999999,2021-11-08 08:40:00.000001,23,5.7863703,5.2166905,3.7081416,5.43
2021-11-08 04:49:59.999999,2021-11-08 08:49:59.999996,24,6.285106,5.2182794,3.7081416,6.72
2021-11-08 04:49:59.999999,2021-11-08 09:00:00.000000,25,6.759585,5.219468,3.7081416,6.92
2021-11-08 04:49:59.999999,2021-11-08 09:10:00.000004,26,7.0209956,5.2203374,3.7081416,6.47
2021-11-08 04:49:59.999999,2021-11-08 09:19:59.999999,27,6.9446,5.220955,3.7081416,7.13
2021-11-08 04:49:59.999999,2021-11-08 09:30:00.000003,28,6.5964007,5.2213764,3.7081416,6.76
2021-11-08 04:49:59.999999,2021-11-08 09:39:59.999998,29,6.3950276,5.2216454,3.7081416,6.47
2021-11-08 04:49:59.999999,2021-11-08 09:50:00.000002,30,6.687765,5.221798,3.7081416,6.36
2021-11-08 04:49:59.999999,2021-11-08 09:59:59.999997,31,7.264212,5.2218633,3.7081416,7.42
2021-11-08 04:49:59.999999,2021-11-08 10:10:00.000001,32,7.7105985,5.2218633,3.7081416,7.76
2021-11-08 04:49:59.999999,2021-11-08 10:19:59.999996,33,7.896879,5.2218165,3.7081416,7.91
2021-11-08 04:49:59.999999,2021-11-08 10:30:00.000000,34,7.9476724,5.2217355,3.7081416,7.81
2021-11-08 04:49:59.999999,2021-11-08 10:40:00.000004,35,8.133185,5.221635,3.7081416,8.29
2021-11-08 04:49:59.999999,2021-11-08 10:49:59.999999,36,8.623754,5.2215214,3.7081416,8.5
2021-11-08 05:00:00.000003,2021-11-08 05:09:59.999998,1,4.1938596,6.4241214,3.897382,4.15
2021-11-08 05:00:00.000003,2021-11-08 05:20:00.000002,2,4.567362,6.0351996,3.897382,4.55
2021-11-08 05:00:00.000003,2021-11-08 05:29:59.999997,3,4.9748874,5.740494,3.897382,5.01
2021-11-08 05:00:00.000003,2021-11-08 05:40:00.000001,4,5.40503,5.5244904,3.897382,5.43
2021-11-08 05:00:00.000003,2021-11-08 05:49:59.999996,5,5.8836775,5.377779,3.897382,5.85
2021-11-08 05:00:00.000003,2021-11-08 06:00:00.000000,6,6.3422136,5.2853293,3.897382,6.27
2021-11-08 05:00:00.000003,2021-11-08 06:10:00.000004,7,6.7456675,5.2325587,3.897382,6.93
2021-11-08 05:00:00.000003,2021-11-08 06:19:59.999999,8,7.3213,5.2072506,3.897382,7.12
2021-11-08 05:00:00.000003,2021-11-08 06:30:00.000003,9,8.152194,5.1999454,3.897382,8.26
2021-11-08 05:00:00.000003,2021-11-08 06:39:59.999998,10,8.774045,5.203687,3.897382,8.8
2021-11-08 05:00:00.000003,2021-11-08 06:50:00.000002,11,8.67862,5.2135763,3.897382,8.66
2021-11-08 05:00:00.000003,2021-11-08 06:59:59.999997,12,7.822494,5.2263103,3.897382,7.68
2021-11-08 05:00:00.000003,2021-11-08 07:10:00.000001,13,6.575915,5.2397633,3.897382,6.69
2021-11-08 05:00:00.000003,2021-11-08 07:19:59.999996,14,5.630471,5.25266,3.897382,5.86
2021-11-08 05:00:00.000003,2021-11-08 07:30:00.000000,15,5.476381,5.264308,3.897382,5.03
2021-11-08 05:00:00.000003,2021-11-08 07:40:00.000004,16,5.726587,5.274402,3.897382,5.98
2021-11-08 05:00:00.000003,2021-11-08 07:49:59.999999,17,5.6972523,5.28288,3.897382,5.74
2021-11-08 05:00:00.000003,2021-11-08 08:00:00.000003,18,5.4046597,5.2898207,3.897382,5.28
2021-11-08 05:00:00.000003,2021-11-08 08:09:59.999998,19,5.2472086,5.295383,3.897382,5.23
2021-11-08 05:00:00.000003,2021-11-08 08:20:00.000002,20,5.2921705,5.299752,3.897382,5.5
2021-11-08 05:00:00.000003,2021-11-08 08:29:59.999997,21,5.4522543,5.3031197,3.897382,5.36
2021-11-08 05:00:00.000003,2021-11-08 08:40:00.000001,22,5.7863703,5.3056645,3.897382,5.43
2021-11-08 05:00:00.000003,2021-11-08 08:49:59.999996,23,6.285106,5.307546,3.897382,6.72
2021-11-08 05:00:00.000003,2021-11-08 09:00:00.000000,24,6.759585,5.308901,3.897382,6.92
2021-11-08 05:00:00.000003,2021-11-08 09:10:00.000004,25,7.0209956,5.3098435,3.897382,6.47
2021-11-08 05:00:00.000003,2021-11-08 09:19:59.999999,26,6.9446,5.3104687,3.897382,7.13
2021-11-08 05:00:00.000003,2021-11-08 09:30:00.000003,27,6.5964007,5.3108506,3.897382,6.76
2021-11-08 05:00:00.000003,2021-11-08 09:39:59.999998,28,6.3950276,5.311052,3.897382,6.47
2021-11-08 05:00:00.000003,2021-11-08 09:50:00.000002,29,6.687765,5.3111176,3.897382,6.36
2021-11-08 05:00:00.000003,2021-11-08 09:59:59.999997,30,7.264212,5.3110876,3.897382,7.42
2021-11-08 05:00:00.000003,2021-11-08 10:10:00.000001,31,7.7105985,5.31099,3.897382,7.76
2021-11-08 05:00:00.000003,2021-11-08 10:19:59.999996,32,7.896879,5.3108463,3.897382,7.91
2021-11-08 05:00:00.000003,2021-11-08 10:30:00.000000,33,7.9476724,5.3106737,3.897382,7.81
2021-11-08 05:00:00.000003,2021-11-08 10:40:00.000004,34,8.133185,5.310486,3.897382,8.29
2021-11-08 05:00:00.000003,2021-11-08 10:49:59.999999,35,8.623754,5.310292,3.897382,8.5
2021-11-08 05:00:00.000003,2021-11-08 11:00:00.000003,36,9.183878,5.3100986,3.897382,9.27
2021-11-08 05:09:59.999998,2021-11-08 05:20:00.000002,1,4.567362,6.4113135,4.1938596,4.55
2021-11-08 05:09:59.999998,2021-11-08 05:29:59.999997,2,4.9748874,6.0500546,4.1938596,5.01
2021-11-08 05:09:59.999998,2021-11-08 05:40:00.000001,3,5.40503,5.782645,4.1938596,5.43
2021-11-08 05:09:59.999998,2021-11-08 05:49:59.999996,4,5.8836775,5.591682,4.1938596,5.85
2021-11-08 05:09:59.999998,2021-11-08 06:00:00.000000,5,6.3422136,5.4667387,4.1938596,6.27
2021-11-08 05:09:59.999998,2021-11-08 06:10:00.000004,6,6.7456675,5.392459,4.1938596,6.93
2021-11-08 05:09:59.999998,2021-11-08 06:19:59.999999,7,7.3213,5.3543324,4.1938596,7.12
2021-11-08 05:09:59.999998,2021-11-08 06:30:00.000003,8,8.152194,5.34044,4.1938596,8.26
2021-11-08 05:09:59.999998,2021-11-08 06:39:59.999998,9,8.774045,5.341726,4.1938596,8.8
2021-11-08 05:09:59.999998,2021-11-08 06:50:00.000002,10,8.67862,5.351666,4.1938596,8.66
2021-11-08 05:09:59.999998,2021-11-08 06:59:59.999997,11,7.822494,5.365789,4.1938596,7.68
2021-11-08 05:09:59.999998,2021-11-08 07:10:00.000001,12,6.575915,5.3811846,4.1938596,6.69
2021-11-08 05:09:59.999998,2021-11-08 07:19:59.999996,13,5.630471,5.3960795,4.1938596,5.86
2021-11-08 05:09:59.999998,2021-11-08 07:30:00.000000,14,5.476381,5.409495,4.1938596,5.03
2021-11-08 05:09:59.999998,2021-11-08 07:40:00.000004,15,5.726587,5.4209895,4.1938596,5.98
2021-11-08 05:09:59.999998,2021-11-08 07:49:59.999999,16,5.6972523,5.4304576,4.1938596,5.74
2021-11-08 05:09:59.999998,2021-11-08 08:00:00.000003,17,5.4046597,5.4379997,4.1938596,5.28
2021-11-08 05:09:59.999998,2021-11-08 08:09:59.999998,18,5.2472086,5.443824,4.1938596,5.23
2021-11-08 05:09:59.999998,2021-11-08 08:20:00.000002,19,5.2921705,5.448178,4.1938596,5.5
2021-11-08 05:09:59.999998,2021-11-08 08:29:59.999997,20,5.4522543,5.4513187,4.1938596,5.36
2021-11-08 05:09:59.999998,2021-11-08 08:40:00.000001,21,5.7863703,5.4534883,4.1938596,5.43
2021-11-08 05:09:59.999998,2021-11-08 08:49:59.999996,22,6.285106,5.4548965,4.1938596,6.72
2021-11-08 05:09:59.999998,2021-11-08 09:00:00.000000,23,6.759585,5.4557257,4.1938596,6.92
2021-11-08 05:09:59.999998,2021-11-08 09:10:00.000004,24,7.0209956,5.456124,4.1938596,6.47
2021-11-08 05:09:59.999998,2021-11-08 09:19:59.999999,25,6.9446,5.4562078,4.1938596,7.13
2021-11-08 05:09:59.999998,2021-11-08 09:30:00.000003,26,6.5964007,5.4560714,4.1938596,6.76
2021-11-08 05:09:59.999998,2021-11-08 09:39:59.999998,27,6.3950276,5.45579,4.1938596,6.47
2021-11-08 05:09:59.999998,2021-11-08 09:50:00.000002,28,6.687765,5.455415,4.1938596,6.36
2021-11-08 05:09:59.999998,2021-11-08 09:59:59.999997,29,7.264212,5.454987,4.1938596,7.42
2021-11-08 05:09:59.999998,2021-11-08 10:10:00.000001,30,7.7105985,5.454536,4.1938596,7.76
2021-11-08 05:09:59.999998,2021-11-08 10:19:59.999996,31,7.896879,5.4540834,4.1938596,7.91
2021-11-08 05:09:59.999998,2021-11-08 10:30:00.000000,32,7.9476724,5.4536414,4.1938596,7.81
2021-11-08 05:09:59.999998,2021-11-08 10:40:00.000004,33,8.133185,5.4532228,4.1938596,8.29
2021-11-08 05:09:59.999998,2021-11-08 10:49:59.999999,34,8.623754,5.4528317,4.1938596,8.5
2021-11-08 05:09:59.999998,2021-11-08 11:00:00.000003,35,9.183878,5.452471,4.1938596,9.27
2021-11-08 05:09:59.999998,2021-11-08 11:09:59.999998,36,9.478398,5.452143,4.1938596,9.41
2021-11-08 05:20:00.000002,2021-11-08 05:29:59.999997,1,4.9748874,6.4493895,4.567362,5.01
2021-11-08 05:20:00.000002,2021-11-08 05:40:00.000001,2,5.40503,6.1213164,4.567362,5.43
2021-11-08 05:20:00.000002,2021-11-08 05:49:59.999996,3,5.8836775,5.8877845,4.567362,5.85
2021-11-08 05:20:00.000002,2021-11-08 06:00:00.000000,4,6.3422136,5.7278657,4.567362,6.27
2021-11-08 05:20:00.000002,2021-11-08 06:10:00.000004,5,6.7456675,5.6293583,4.567362,6.93
2021-11-08 05:20:00.000002,2021-11-08 06:19:59.999999,6,7.3213,5.5763397,4.567362,7.12
2021-11-08 05:20:00.000002,2021-11-08 06:30:00.000003,7,8.152194,5.5544353,4.567362,8.26
2021-11-08 05:20:00.000002,2021-11-08 06:39:59.999998,8,8.774045,5.552229,4.567362,8.8
2021-11-08 05:20:00.000002,2021-11-08 06:50:00.000002,9,8.67862,5.561321,4.567362,8.66
2021-11-08 05:20:00.000002,2021-11-08 06:59:59.999997,10,7.822494,5.5758867,4.567362,7.68
2021-11-08 05:20:00.000002,2021-11-08 07:10:00.000001,11,6.575915,5.592115,4.567362,6.69
2021-11-08 05:20:00.000002,2021-11-08 07:19:59.999996,12,5.630471,5.6076956,4.567362,5.86
2021-11-08 05:20:00.000002,2021-11-08 07:30:00.000000,13,5.476381,5.621371,4.567362,5.03
2021-11-08 05:20:00.000002,2021-11-08 07:40:00.000004,14,5.726587,5.632593,4.567362,5.98
2021-11-08 05:20:00.000002,2021-11-08 07:49:59.999999,15,5.6972523,5.641266,4.567362,5.74
2021-11-08 05:20:00.000002,2021-11-08 08:00:00.000003,16,5.4046597,5.6475644,4.567362,5.28
2021-11-08 05:20:00.000002,2021-11-08 08:09:59.999998,17,5.2472086,5.6517944,4.567362,5.23
2021-11-08 05:20:00.000002,2021-11-08 08:20:00.000002,18,5.2921705,5.6543183,4.567362,5.5
2021-11-08 05:20:00.000002,2021-11-08 08:29:59.999997,19,5.4522543,5.6554976,4.567362,5.36
2021-11-08 05:20:00.000002,2021-11-08 08:40:00.000001,20,5.7863703,5.6556597,4.567362,5.43
2021-11-08 05:20:00.000002,2021-11-08 08:49:59.999996,21,6.285106,5.6550927,4.567362,6.72
2021-11-08 05:20:00.000002,2021-11-08 09:00:00.000000,22,6.759585,5.6540294,4.567362,6.92
2021-11-08 05:20:00.000002,2021-11-08 09:10:00.000004,23,7.0209956,5.652657,4.567362,6.47
2021-11-08 05:20:00.000002,2021-11-08 09:19:59.999999,24,6.9446,5.6511188,4.567362,7.13
2021-11-08 05:20:00.000002,2021-11-08 09:30:00.000003,25,6.5964007,5.649522,4.567362,6.76
2021-11-08 05:20:00.000002,2021-11-08 09:39:59.999998,26,6.3950276,5.64794,4.567362,6.47
2021-11-08 05:20:00.000002,2021-11-08 09:50:00.000002,27,6.687765,5.646426,4.567362,6.36
2021-11-08 05:20:00.000002,2021-11-08 09:59:59.999997,28,7.264212,5.6450124,4.567362,7.42
2021-11-08 05:20:00.000002,2021-11-08 10:10:00.000001,29,7.7105985,5.6437154,4.567362,7.76
2021-11-08 05:20:00.000002,2021-11-08 10:19:59.999996,30,7.896879,5.642545,4.567362,7.91
2021-11-08 05:20:00.000002,2021-11-08 10:30:00.000000,31,7.9476724,5.641501,4.567362,7.81
2021-11-08 05:20:00.000002,2021-11-08 10:40:00.000004,32,8.133185,5.640578,4.567362,8.29
2021-11-08 05:20:00.000002,2021-11-08 10:49:59.999999,33,8.623754,5.639771,4.567362,8.5
2021-11-08 05:20:00.000002,2021-11-08 11:00:00.000003,34,9.183878,5.6390705,4.567362,9.27
2021-11-08 05:20:00.000002,2021-11-08 11:09:59.999998,35,9.478398,5.6384645,4.567362,9.41
2021-11-08 05:20:00.000002,2021-11-08 11:20:00.000002,36,9.515832,5.6379466,4.567362,9.62
2021-11-08 05:29:59.999997,2021-11-08 05:40:00.000001,1,5.40503,6.5066576,4.9748874,5.43
2021-11-08 05:29:59.999997,2021-11-08 05:49:59.999996,2,5.8836775,6.2151923,4.9748874,5.85
2021-11-08 05:29:59.999997,2021-11-08 06:00:00.000000,3,6.3422136,6.0190415,4.9748874,6.27
2021-11-08 05:29:59.999997,2021-11-08 06:10:00.000004,4,6.7456675,5.8930783,4.9748874,6.93
2021-11-08 05:29:59.999997,2021-11-08 06:19:59.999999,5,7.3213,5.82319,4.9748874,7.12
2021-11-08 05:29:59.999997,2021-11-08 06:30:00.000003,6,8.152194,5.792898,4.9748874,8.26
2021-11-08 05:29:59.999997,2021-11-08 06:39:59.999998,7,8.774045,5.788051,4.9748874,8.8
2021-11-08 05:29:59.999997,2021-11-08 06:50:00.000002,8,8.67862,5.7978516,4.9748874,8.66
2021-11-08 05:29:59.999997,2021-11-08 06:59:59.999997,9,7.822494,5.8146667,4.9748874,7.68
2021-11-08 05:29:59.999997,2021-11-08 07:10:00.000001,10,6.575915,5.833472,4.9748874,6.69
2021-11-08 05:29:59.999997,2021-11-08 07:19:59.999996,11,5.630471,5.8512073,4.9748874,5.86
2021-11-08 05:29:59.999997,2021-11-08 07:30:00.000000,12,5.476381,5.8662314,4.9748874,5.03
2021-11-08 05:29:59.999997,2021-11-08 07:40:00.000004,13,5.726587,5.8778567,4.9748874,5.98
2021-11-08 05:29:59.999997,2021-11-08 07:49:59.999999,14,5.6972523,5.886014,4.9748874,5.74
2021-11-08 05:29:59.999997,2021-11-08 08:00:00.000003,15,5.4046597,5.8909907,4.9748874,5.28
2021-11-08 05:29:59.999997,2021-11-08 08:09:59.999998,16,5.2472086,5.8932567,4.9748874,5.23
2021-11-08 05:29:59.999997,2021-11-08 08:20:00.000002,17,5.2921705,5.8933516,4.9748874,5.5
2021-11-08 05:29:59.999997,2021-11-08 08:29:59.999997,18,5.4522543,5.8918033,4.9748874,5.36
2021-11-08 05:29:59.999997,2021-11-08 08:40:00.000001,19,5.7863703,5.88909,4.9748874,5.43
2021-11-08 05:29:59.999997,2021-11-08 08:49:59.999996,20,6.285106,5.885622,4.9748874,6.72
2021-11-08 05:29:59.999997,2021-11-08 09:00:00.000000,21,6.759585,5.881727,4.9748874,6.92
2021-11-08 05:29:59.999997,2021-11-08 09:10:00.000004,22,7.0209956,5.8776655,4.9748874,6.47
2021-11-08 05:29:59.999997,2021-11-08 09:19:59.999999,23,6.9446,5.8736267,4.9748874,7.13
2021-11-08 05:29:59.999997,2021-11-08 09:30:00.000003,24,6.5964007,5.869749,4.9748874,6.76
2021-11-08 05:29:59.999997,2021-11-08 09:39:59.999998,25,6.3950276,5.866118,4.9748874,6.47
2021-11-08 05:29:59.999997,2021-11-08 09:50:00.000002,26,6.687765,5.8627877,4.9748874,6.36
2021-11-08 05:29:59.999997,2021-11-08 09:59:59.999997,27,7.264212,5.859785,4.9748874,7.42
2021-11-08 05:29:59.999997,2021-11-08 10:10:00.000001,28,7.7105985,5.8571124,4.9748874,7.76
2021-11-08 05:29:59.999997,2021-11-08 10:19:59.999996,29,7.896879,5.854764,4.9748874,7.91
2021-11-08 05:29:59.999997,2021-11-08 10:30:00.000000,30,7.9476724,5.852721,4.9748874,7.81
2021-11-08 05:29:59.999997,2021-11-08 10:40:00.000004,31,8.133185,5.850961,4.9748874,8.29
2021-11-08 05:29:59.999997,2021-11-08 10:49:59.999999,32,8.623754,5.849454,4.9748874,8.5
2021-11-08 05:29:59.999997,2021-11-08 11:00:00.000003,33,9.183878,5.848175,4.9748874,9.27
2021-11-08 05:29:59.999997,2021-11-08 11:09:59.999998,34,9.478398,5.8470984,4.9748874,9.41
2021-11-08 05:29:59.999997,2021-11-08 11:20:00.000002,35,9.515832,5.8461967,4.9748874,9.62
2021-11-08 05:29:59.999997,2021-11-08 11:29:59.999997,36,9.482512,5.845446,4.9748874,9.31
2021-11-08 05:40:00.000001,2021-11-08 05:49:59.999996,1,5.8836775,6.5793486,5.40503,5.85
2021-11-08 05:40:00.000001,2021-11-08 06:00:00.000000,2,6.3422136,6.319122,5.40503,6.27
2021-11-08 05:40:00.000001,2021-11-08 06:10:00.000004,3,6.7456675,6.1559987,5.40503,6.93
2021-11-08 05:40:00.000001,2021-11-08 06:19:59.999999,4,7.3213,6.0609956,5.40503,7.12
2021-11-08 05:40:00.000001,2021-11-08 06:30:00.000003,5,8.152194,6.017921,5.40503,8.26
2021-11-08 05:40:00.000001,2021-11-08 06:39:59.999998,6,8.774045,6.0094953,5.40503,8.8
2021-11-08 05:40:00.000001,2021-11-08 06:50:00.000002,7,8.67862,6.0215573,5.40503,8.66
2021-11-08 05:40:00.000001,2021-11-08 06:59:59.999997,8,7.822494,6.0437264,5.40503,7.68
2021-11-08 05:40:00.000001,2021-11-08 07:10:00.000001,9,6.575915,6.068984,5.40503,6.69
2021-11-08 05:40:00.000001,2021-11-08 07:19:59.999996,10,5.630471,6.092981,5.40503,5.86
2021-11-08 05:40:00.000001,2021-11-08 07:30:00.000000,11,5.476381,6.113312,5.40503,5.03
2021-11-08 05:40:00.000001,2021-11-08 07:40:00.000004,12,5.726587,6.1289263,5.40503,5.98
2021-11-08 05:40:00.000001,2021-11-08 07:49:59.999999,13,5.6972523,6.139663,5.40503,5.74
2021-11-08 05:40:00.000001,2021-11-08 08:00:00.000003,14,5.4046597,6.145882,5.40503,5.28
2021-11-08 05:40:00.000001,2021-11-08 08:09:59.999998,15,5.2472086,6.1482296,5.40503,5.23
2021-11-08 05:40:00.000001,2021-11-08 08:20:00.000002,16,5.2921705,6.147458,5.40503,5.5
2021-11-08 05:40:00.000001,2021-11-08 08:29:59.999997,17,5.4522543,6.1443267,5.40503,5.36
2021-11-08 05:40:00.000001,2021-11-08 08:40:00.000001,18,5.7863703,6.1395264,5.40503,5.43
2021-11-08 05:40:00.000001,2021-11-08 08:49:59.999996,19,6.285106,6.133654,5.40503,6.72
2021-11-08 05:40:00.000001,2021-11-08 09:00:00.000000,20,6.759585,6.1271987,5.40503,6.92
2021-11-08 05:40:00.000001,2021-11-08 09:10:00.000004,21,7.0209956,6.1205425,5.40503,6.47
2021-11-08 05:40:00.000001,2021-11-08 09:19:59.999999,22,6.9446,6.1139703,5.40503,7.13
2021-11-08 05:40:00.000001,2021-11-08 09:30:00.000003,23,6.5964007,6.1076884,5.40503,6.76
2021-11-08 05:40:00.000001,2021-11-08 09:39:59.999998,24,6.3950276,6.101826,5.40503,6.47
2021-11-08 05:40:00.000001,2021-11-08 09:50:00.000002,25,6.687765,6.0964665,5.40503,6.36
2021-11-08 05:40:00.000001,2021-11-08 09:59:59.999997,26,7.264212,6.0916433,5.40503,7.42
2021-11-08 05:40:00.000001,2021-11-08 10:10:00.000001,27,7.7105985,6.087367,5.40503,7.76
2021-11-08 05:40:00.000001,2021-11-08 10:19:59.999996,28,7.896879,6.0836177,5.40503,7.91
2021-11-08 05:40:00.000001,2021-11-08 10:30:00.000000,29,7.9476724,6.0803657,5.40503,7.81
2021-11-08 05:40:00.000001,2021-11-08 10:40:00.000004,30,8.133185,6.0775723,5.40503,8.29
2021-11-08 05:40:00.000001,2021-11-08 10:49:59.999999,31,8.623754,6.075195,5.40503,8.5
2021-11-08 05:40:00.000001,2021-11-08 11:00:00.000003,32,9.183878,6.073186,5.40503,9.27
2021-11-08 05:40:00.000001,2021-11-08 11:09:59.999998,33,9.478398,6.0715027,5.40503,9.41
2021-11-08 05:40:00.000001,2021-11-08 11:20:00.000002,34,9.515832,6.0701013,5.40503,9.62
2021-11-08 05:40:00.000001,2021-11-08 11:29:59.999997,35,9.482512,6.068946,5.40503,9.31
2021-11-08 05:40:00.000001,2021-11-08 11:40:00.000001,36,9.498234,6.0679975,5.40503,9.71
2021-11-08 05:49:59.999996,2021-11-08 06:00:00.000000,1,6.3422136,6.6670036,5.8836775,6.27
2021-11-08 05:49:59.999996,2021-11-08 06:10:00.000004,2,6.7456675,6.439902,5.8836775,6.93
2021-11-08 05:49:59.999996,2021-11-08 06:19:59.999999,3,7.3213,6.3124166,5.8836775,7.12
2021-11-08 05:49:59.999996,2021-11-08 06:30:00.000003,4,8.152194,6.251237,5.8836775,8.26
2021-11-08 05:49:59.999996,2021-11-08 06:39:59.999998,5,8.774045,6.237717,5.8836775,8.8
2021-11-08 05:49:59.999996,2021-11-08 06:50:00.000002,6,8.67862,6.2535863,5.8836775,8.66
2021-11-08 05:49:59.999996,2021-11-08 06:59:59.999997,7,7.822494,6.284602,5.8836775,7.68
2021-11-08 05:49:59.999996,2021-11-08 07:10:00.000001,8,6.575915,6.3207846,5.8836775,6.69
2021-11-08 05:49:59.999996,2021-11-08 07:19:59.999996,9,5.630471,6.355751,5.8836775,5.86
2021-11-08 05:49:59.999996,2021-11-08 07:30:00.000000,10,5.476381,6.385854,5.8836775,5.03
2021-11-08 05:49:59.999996,2021-11-08 07:40:00.000004,11,5.726587,6.409383,5.8836775,5.98
2021-11-08 05:49:59.999996,2021-11-08 07:49:59.999999,12,5.6972523,6.4259295,5.8836775,5.74
2021-11-08 05:49:59.999996,2021-11-08 08:00:00.000003,13,5.4046597,6.4358907,5.8836775,5.28
2021-11-08 05:49:59.999996,2021-11-08 08:09:59.999998,14,5.2472086,6.440109,5.8836775,5.23
2021-11-08 05:49:59.999996,2021-11-08 08:20:00.000002,15,5.2921705,6.4396267,5.8836775,5.5
2021-11-08 05:49:59.999996,2021-11-08 08:29:59.999997,16,5.4522543,6.4355164,5.8836775,5.36
2021-11-08 05:49:59.999996,2021-11-08 08:40:00.000001,17,5.7863703,6.4287863,5.8836775,5.43
2021-11-08 05:49:59.999996,2021-11-08 08:49:59.999996,18,6.285106,6.4203196,5.8836775,6.72
2021-11-08 05:49:59.999996,2021-11-08 09:00:00.000000,19,6.759585,6.410852,5.8836775,6.92
2021-11-08 05:49:59.999996,2021-11-08 09:10:00.000004,20,7.0209956,6.4009705,5.8836775,6.47
2021-11-08 05:49:59.999996,2021-11-08 09:19:59.999999,21,6.9446,6.391124,5.8836775,7.13
2021-11-08 05:49:59.999996,2021-11-08 09:30:00.000003,22,6.5964007,6.3816357,5.8836775,6.76
2021-11-08 05:49:59.999996,2021-11-08 09:39:59.999998,23,6.3950276,6.3727264,5.8836775,6.47
2021-11-08 05:49:59.999996,2021-11-08 09:50:00.000002,24,6.687765,6.3645334,5.8836775,6.36
2021-11-08 05:49:59.999996,2021-11-08 09:59:59.999997,25,7.264212,6.357128,5.8836775,7.42
2021-11-08 05:49:59.999996,2021-11-08 10:10:00.000001,26,7.7105985,6.3505316,5.8836775,7.76
2021-11-08 05:49:59.999996,2021-11-08 10:19:59.999996,27,7.896879,6.344731,5.8836775,7.91
2021-11-08 05:49:59.999996,2021-11-08 10:30:00.000000,28,7.9476724,6.3396854,5.8836775,7.81
2021-11-08 05:49:59.999996,2021-11-08 10:40:00.000004,29,8.133185,6.335342,5.8836775,8.29
2021-11-08 05:49:59.999996,2021-11-08 10:49:59.999999,30,8.623754,6.331639,5.8836775,8.5
2021-11-08 05:49:59.999996,2021-11-08 11:00:00.000003,31,9.183878,6.3285084,5.8836775,9.27
2021-11-08 05:49:59.999996,2021-11-08 11:09:59.999998,32,9.478398,6.325883,5.8836775,9.41
2021-11-08 05:49:59.999996,2021-11-08 11:20:00.000002,33,9.515832,6.3237,5.8836775,9.62
2021-11-08 05:49:59.999996,2021-11-08 11:29:59.999997,34,9.482512,6.3218994,5.8836775,9.31
2021-11-08 05:49:59.999996,2021-11-08 11:40:00.000001,35,9.498234,6.320425,5.8836775,9.71
2021-11-08 05:49:59.999996,2021-11-08 11:49:59.999996,36,9.571139,6.31923,5.8836775,9.4
2021-11-08 06:00:00.000000,2021-11-08 06:10:00.000004,1,6.7456675,6.751657,6.3422136,6.93
2021-11-08 06:00:00.000000,2021-11-08 06:19:59.999999,2,7.3213,6.564771,6.3422136,7.12
2021-11-08 06:00:00.000000,2021-11-08 06:30:00.000003,3,8.152194,6.474853,6.3422136,8.26
2021-11-08 06:00:00.000000,2021-11-08 06:39:59.999998,4,8.774045,6.4466624,6.3422136,8.8
2021-11-08 06:00:00.000000,2021-11-08 06:50:00.000002,5,8.67862,6.460491,6.3422136,8.66
2021-11-08 06:00:00.000000,2021-11-08 06:59:59.999997,6,7.822494,6.4979496,6.3422136,7.68
2021-11-08 06:00:00.000000,2021-11-08 07:10:00.000001,7,6.575915,6.545219,6.3422136,6.69
2021-11-08 06:00:00.000000,2021-11-08 07:19:59.999996,8,5.630471,6.592999,6.3422136,5.86
2021-11-08 06:00:00.000000,2021-11-08 07:30:00.000000,9,5.476381,6.6356616,6.3422136,5.03
2021-11-08 06:00:00.000000,2021-11-08 07:40:00.000004,10,5.726587,6.670297,6.3422136,5.98
2021-11-08 06:00:00.000000,2021-11-08 07:49:59.999999,11,5.6972523,6.6958747,6.3422136,5.74
2021-11-08 06:00:00.000000,2021-11-08 08:00:00.000003,12,5.4046597,6.7125773,6.3422136,5.28
2021-11-08 06:00:00.000000,2021-11-08 08:09:59.999998,13,5.2472086,6.721305,6.3422136,5.23
2021-11-08 06:00:00.000000,2021-11-08 08:20:00.000002,14,5.2921705,6.723315,6.3422136,5.5
2021-11-08 06:00:00.000000,2021-11-08 08:29:59.999997,15,5.4522543,6.7199907,6.3422136,5.36
2021-11-08 06:00:00.000000,2021-11-08 08:40:00.000001,16,5.7863703,6.71267,6.3422136,5.43
2021-11-08 06:00:00.000000,2021-11-08 08:49:59.999996,17,6.285106,6.7025685,6.3422136,6.72
2021-11-08 06:00:00.000000,2021-11-08 09:00:00.000000,18,6.759585,6.690722,6.3422136,6.92
2021-11-08 06:00:00.000000,2021-11-08 09:10:00.000004,19,7.0209956,6.677978,6.3422136,6.47
2021-11-08 06:00:00.000000,2021-11-08 09:19:59.999999,20,6.9446,6.6650023,6.3422136,7.13
2021-11-08 06:00:00.000000,2021-11-08 09:30:00.000003,21,6.5964007,6.6522894,6.3422136,6.76
2021-11-08 06:00:00.000000,2021-11-08 09:39:59.999998,22,6.3950276,6.640194,6.3422136,6.47
2021-11-08 06:00:00.000000,2021-11-08 09:50:00.000002,23,6.687765,6.6289454,6.3422136,6.36
2021-11-08 06:00:00.000000,2021-11-08 09:59:59.999997,24,7.264212,6.618681,6.3422136,7.42
2021-11-08 06:00:00.000000,2021-11-08 10:10:00.000001,25,7.7105985,6.6094627,6.3422136,7.76
2021-11-08 06:00:00.000000,2021-11-08 10:19:59.999996,26,7.896879,6.6012936,6.3422136,7.91
2021-11-08 06:00:00.000000,2021-11-08 10:30:00.000000,27,7.9476724,6.5941453,6.3422136,7.81
2021-11-08 06:00:00.000000,2021-11-08 10:40:00.000004,28,8.133185,6.5879555,6.3422136,8.29
2021-11-08 06:00:00.000000,2021-11-08 10:49:59.999999,29,8.623754,6.5826488,6.3422136,8.5
2021-11-08 06:00:00.000000,2021-11-08 11:00:00.000003,30,9.183878,6.5781407,6.3422136,9.27
2021-11-08 06:00:00.000000,2021-11-08 11:09:59.999998,31,9.478398,6.5743456,6.3422136,9.41
2021-11-08 06:00:00.000000,2021-11-08 11:20:00.000002,32,9.515832,6.571177,6.3422136,9.62
2021-11-08 06:00:00.000000,2021-11-08 11:29:59.999997,33,9.482512,6.568553,6.3422136,9.31
2021-11-08 06:00:00.000000,2021-11-08 11:40:00.000001,34,9.498234,6.5664,6.3422136,9.71
2021-11-08 06:00:00.000000,2021-11-08 11:49:59.999996,35,9.571139,6.5646453,6.3422136,9.4
2021-11-08 06:00:00.000000,2021-11-08 12:00:00.000000,36,9.505032,6.5632305,6.3422136,9.57
2021-11-08 06:10:00.000004,2021-11-08 06:19:59.999999,1,7.3213,6.838753,6.7456675,7.12
2021-11-08 06:10:00.000004,2021-11-08 06:30:00.000003,2,8.152194,6.679142,6.7456675,8.26
2021-11-08 06:10:00.000004,2021-11-08 06:39:59.999998,3,8.774045,6.6176662,6.7456675,8.8
2021-11-08 06:10:00.000004,2021-11-08 06:50:00.000002,4,8.67862,6.6158595,6.7456675,8.66
2021-11-08 06:10:00.000004,2021-11-08 06:59:59.999997,5,7.822494,6.6525326,6.7456675,7.68
2021-11-08 06:10:00.000004,2021-11-08 07:10:00.000001,6,6.575915,6.7086816,6.7456675,6.69
2021-11-08 06:10:00.000004,2021-11-08 07:19:59.999996,7,5.630471,6.770484,6.7456675,5.86
2021-11-08 06:10:00.000004,2021-11-08 07:30:00.000000,8,5.476381,6.8289747,6.7456675,5.03
2021-11-08 06:10:00.000004,2021-11-08 07:40:00.000004,9,5.726587,6.8790255,6.7456675,5.98
2021-11-08 06:10:00.000004,2021-11-08 07:49:59.999999,10,5.6972523,6.9182696,6.7456675,5.74
2021-11-08 06:10:00.000004,2021-11-08 08:00:00.000003,11,5.4046597,6.9462123,6.7456675,5.28
2021-11-08 06:10:00.000004,2021-11-08 08:09:59.999998,12,5.2472086,6.963529,6.7456675,5.23
2021-11-08 06:10:00.000004,2021-11-08 08:20:00.000002,13,5.2921705,6.9715548,6.7456675,5.5
2021-11-08 06:10:00.000004,2021-11-08 08:29:59.999997,14,5.4522543,6.971922,6.7456675,5.36
2021-11-08 06:10:00.000004,2021-11-08 08:40:00.000001,15,5.7863703,6.966314,6.7456675,5.43
2021-11-08 06:10:00.000004,2021-11-08 08:49:59.999996,16,6.285106,6.956322,6.7456675,6.72
2021-11-08 06:10:00.000004,2021-11-08 09:00:00.000000,17,6.759585,6.943356,6.7456675,6.92
2021-11-08 06:10:00.000004,2021-11-08 09:10:00.000004,18,7.0209956,6.928599,6.7456675,6.47
2021-11-08 06:10:00.000004,2021-11-08 09:19:59.999999,19,6.9446,6.9130077,6.7456675,7.13
2021-11-08 06:10:00.000004,2021-11-08 09:30:00.000003,20,6.5964007,6.897324,6.7456675,6.76
2021-11-08 06:10:00.000004,2021-11-08 09:39:59.999998,21,6.3950276,6.8820953,6.7456675,6.47
2021-11-08 06:10:00.000004,2021-11-08 09:50:00.000002,22,6.687765,6.8676996,6.7456675,6.36
2021-11-08 06:10:00.000004,2021-11-08 09:59:59.999997,23,7.264212,6.8543844,6.7456675,7.42
2021-11-08 06:10:00.000004,2021-11-08 10:10:00.000001,24,7.7105985,6.8422875,6.7456675,7.76
2021-11-08 06:10:00.000004,2021-11-08 10:19:59.999996,25,7.896879,6.8314614,6.7456675,7.91
2021-11-08 06:10:00.000004,2021-11-08 10:30:00.000000,26,7.9476724,6.8219023,6.7456675,7.81
2021-11-08 06:10:00.000004,2021-11-08 10:40:00.000004,27,8.133185,6.8135595,6.7456675,8.29
2021-11-08 06:10:00.000004,2021-11-08 10:49:59.999999,28,8.623754,6.8063564,6.7456675,8.5
2021-11-08 06:10:00.000004,2021-11-08 11:00:00.000003,29,9.183878,6.800196,6.7456675,9.27
2021-11-08 06:10:00.000004,2021-11-08 11:09:59.999998,30,9.478398,6.7949796,6.7456675,9.41
2021-11-08 06:10:00.000004,2021-11-08 11:20:00.000002,31,9.515832,6.790598,6.7456675,9.62
2021-11-08 06:10:00.000004,2021-11-08 11:29:59.999997,32,9.482512,6.7869506,6.7456675,9.31
2021-11-08 06:10:00.000004,2021-11-08 11:40:00.000001,33,9.498234,6.7839394,6.7456675,9.71
2021-11-08 06:10:00.000004,2021-11-08 11:49:59.999996,34,9.571139,6.781474,6.7456675,9.4
2021-11-08 06:10:00.000004,2021-11-08 12:00:00.000000,35,9.505032,6.7794766,6.7456675,9.57
2021-11-08 06:10:00.000004,2021-11-08 12:10:00.000004,36,9.136773,6.77787,6.7456675,9.13
2021-11-08 06:19:59.999999,2021-11-08 06:30:00.000003,1,8.152194,6.905987,7.3213,8.26
2021-11-08 06:19:59.999999,2021-11-08 06:39:59.999998,2,8.774045,6.782455,7.3213,8.8
2021-11-08 06:19:59.999999,2021-11-08 06:50:00.000002,3,8.67862,6.758323,7.3213,8.66
2021-11-08 06:19:59.999999,2021-11-08 06:59:59.999997,4,7.822494,6.7920423,7.3213,7.68
2021-11-08 06:19:59.999999,2021-11-08 07:10:00.000001,5,6.575915,6.860803,7.3213,6.69
2021-11-08 06:19:59.999999,2021-11-08 07:19:59.999996,6,5.630471,6.94479,7.3213,5.86
2021-11-08 06:19:59.999999,2021-11-08 07:30:00.000000,7,5.476381,7.0299816,7.3213,5.03
2021-11-08 06:19:59.999999,2021-11-08 07:40:00.000004,8,5.726587,7.1075954,7.3213,5.98
2021-11-08 06:19:59.999999,2021-11-08 07:49:59.999999,9,5.6972523,7.172876,7.3213,5.74
2021-11-08 06:19:59.999999,2021-11-08 08:00:00.000003,10,5.4046597,7.223929,7.3213,5.28
2021-11-08 06:19:59.999999,2021-11-08 08:09:59.999998,11,5.2472086,7.2607555,7.3213,5.23
2021-11-08 06:19:59.999999,2021-11-08 08:20:00.000002,12,5.2921705,7.284508,7.3213,5.5
2021-11-08 06:19:59.999999,2021-11-08 08:29:59.999997,13,5.4522543,7.2969694,7.3213,5.36
2021-11-08 06:19:59.999999,2021-11-08 08:40:00.000001,14,5.7863703,7.300168,7.3213,5.43
2021-11-08 06:19:59.999999,2021-11-08 08:49:59.999996,15,6.285106,7.2961407,7.3213,6.72
2021-11-08 06:19:59.999999,2021-11-08 09:00:00.000000,16,6.759585,7.2867756,7.3213,6.92
2021-11-08 06:19:59.999999,2021-11-08 09:10:00.000004,17,7.0209956,7.2737265,7.3213,6.47
2021-11-08 06:19:59.999999,2021-11-08 09:19:59.999999,18,6.9446,7.2583847,7.3213,7.13
2021-11-08 06:19:59.999999,2021-11-08 09:30:00.000003,19,6.5964007,7.2418714,7.3213,6.76
2021-11-08 06:19:59.999999,2021-11-08 09:39:59.999998,20,6.3950276,7.2250514,7.3213,6.47
2021-11-08 06:19:59.999999,2021-11-08 09:50:00.000002,21,6.687765,7.208576,7.3213,6.36
2021-11-08 06:19:59.999999,2021-11-08 09:59:59.999997,22,7.264212,7.1928964,7.3213,7.42
2021-11-08 06:19:59.999999,2021-11-08 10:10:00.000001,23,7.7105985,7.1783133,7.3213,7.76
2021-11-08 06:19:59.999999,2021-11-08 10:19:59.999996,24,7.896879,7.165002,7.3213,7.91
2021-11-08 06:19:59.999999,2021-11-08 10:30:00.000000,25,7.9476724,7.1530414,7.3213,7.81
2021-11-08 06:19:59.999999,2021-11-08 10:40:00.000004,26,8.133185,7.14244,7.3213,8.29
2021-11-08 06:19:59.999999,2021-11-08 10:49:59.999999,27,8.623754,7.1331563,7.3213,8.5
2021-11-08 06:19:59.999999,2021-11-08 11:00:00.000003,28,9.183878,7.125115,7.3213,9.27
2021-11-08 06:19:59.999999,2021-11-08 11:09:59.999998,29,9.478398,7.118217,7.3213,9.41
2021-11-08 06:19:59.999999,2021-11-08 11:20:00.000002,30,9.515832,7.112357,7.3213,9.62
2021-11-08 06:19:59.999999,2021-11-08 11:29:59.999997,31,9.482512,7.1074224,7.3213,9.31
2021-11-08 06:19:59.999999,2021-11-08 11:40:00.000001,32,9.498234,7.1033015,7.3213,9.71
2021-11-08 06:19:59.999999,2021-11-08 11:49:59.999996,33,9.571139,7.09989,7.3213,9.4
2021-11-08 06:19:59.999999,2021-11-08 12:00:00.000000,34,9.505032,7.0970907,7.3213,9.57
2021-11-08 06:19:59.999999,2021-11-08 12:10:00.000004,35,9.136773,7.094813,7.3213,9.13
2021-11-08 06:19:59.999999,2021-11-08 12:19:59.999999,36,8.715543,7.0929775,7.3213,8.75
2021-11-08 06:30:00.000003,2021-11-08 06:39:59.999998,1,8.774045,7.006287,8.152194,8.8
2021-11-08 06:30:00.000003,2021-11-08 06:50:00.000002,2,8.67862,6.940276,8.152194,8.66
2021-11-08 06:30:00.000003,2021-11-08 06:59:59.999997,3,7.822494,6.973354,8.152194,7.68
2021-11-08 06:30:00.000003,2021-11-08 07:10:00.000001,4,6.575915,7.0600376,8.152194,6.69
2021-11-08 06:30:00.000003,2021-11-08 07:19:59.999996,5,5.630471,7.1756454,8.152194,5.86
2021-11-08 06:30:00.000003,2021-11-08 07:30:00.000000,6,5.476381,7.2996707,8.152194,5.03
2021-11-08 06:30:00.000003,2021-11-08 07:40:00.000004,7,5.726587,7.418166,8.152194,5.98
2021-11-08 06:30:00.000003,2021-11-08 07:49:59.999999,8,5.6972523,7.5228333,8.152194,5.74
2021-11-08 06:30:00.000003,2021-11-08 08:00:00.000003,9,5.4046597,7.6095967,8.152194,5.28
2021-11-08 06:30:00.000003,2021-11-08 08:09:59.999998,10,5.2472086,7.677298,8.152194,5.23
2021-11-08 06:30:00.000003,2021-11-08 08:20:00.000002,11,5.2921705,7.726665,8.152194,5.5
2021-11-08 06:30:00.000003,2021-11-08 08:29:59.999997,12,5.4522543,7.759541,8.152194,5.36
2021-11-08 06:30:00.000003,2021-11-08 08:40:00.000001,13,5.7863703,7.778331,8.152194,5.43
2021-11-08 06:30:00.000003,2021-11-08 08:49:59.999996,14,6.285106,7.7856183,8.152194,6.72
2021-11-08 06:30:00.000003,2021-11-08 09:00:00.000000,15,6.759585,7.7839193,8.152194,6.92
2021-11-08 06:30:00.000003,2021-11-08 09:10:00.000004,16,7.0209956,7.7755346,8.152194,6.47
2021-11-08 06:30:00.000003,2021-11-08 09:19:59.999999,17,6.9446,7.7624607,8.152194,7.13
2021-11-08 06:30:00.000003,2021-11-08 09:30:00.000003,18,6.5964007,7.74637,8.152194,6.76
2021-11-08 06:30:00.000003,2021-11-08 09:39:59.999998,19,6.3950276,7.7286105,8.152194,6.47
2021-11-08 06:30:00.000003,2021-11-08 09:50:00.000002,20,6.687765,7.710233,8.152194,6.36
2021-11-08 06:30:00.000003,2021-11-08 09:59:59.999997,21,7.264212,7.6920223,8.152194,7.42
2021-11-08 06:30:00.000003,2021-11-08 10:10:00.000001,22,7.7105985,7.674541,8.152194,7.76
2021-11-08 06:30:00.000003,2021-11-08 10:19:59.999996,23,7.896879,7.6581655,8.152194,7.91
2021-11-08 06:30:00.000003,2021-11-08 10:30:00.000000,24,7.9476724,7.643127,8.152194,7.81
2021-11-08 06:30:00.000003,2021-11-08 10:40:00.000004,25,8.133185,7.629543,8.152194,8.29
2021-11-08 06:30:00.000003,2021-11-08 10:49:59.999999,26,8.623754,7.6174426,8.152194,8.5
2021-11-08 06:30:00.000003,2021-11-08 11:00:00.000003,27,9.183878,7.6068006,8.152194,9.27
2021-11-08 06:30:00.000003,2021-11-08 11:09:59.999998,28,9.478398,7.5975423,8.152194,9.41
2021-11-08 06:30:00.000003,2021-11-08 11:20:00.000002,29,9.515832,7.5895696,8.152194,9.62
2021-11-08 06:30:00.000003,2021-11-08 11:29:59.999997,30,9.482512,7.58277,8.152194,9.31
2021-11-08 06:30:00.000003,2021-11-08 11:40:00.000001,31,9.498234,7.577021,8.152194,9.71
2021-11-08 06:30:00.000003,2021-11-08 11:49:59.999996,32,9.571139,7.5722027,8.152194,9.4
2021-11-08 06:30:00.000003,2021-11-08 12:00:00.000000,33,9.505032,7.5682,8.152194,9.57
2021-11-08 06:30:00.000003,2021-11-08 12:10:00.000004,34,9.136773,7.5649023,8.152194,9.13
2021-11-08 06:30:00.000003,2021-11-08 12:19:59.999999,35,8.715543,7.562209,8.152194,8.75
2021-11-08 06:30:00.000003,2021-11-08 12:30:00.000003,36,8.585997,7.5600314,8.152194,8.61
2021-11-08 06:39:59.999998,2021-11-08 06:50:00.000002,1,8.67862,7.119325,8.774045,8.66
2021-11-08 06:39:59.999998,2021-11-08 06:59:59.999997,2,7.822494,7.097623,8.774045,7.68
2021-11-08 06:39:59.999998,2021-11-08 07:10:00.000001,3,6.575915,7.1722045,8.774045,6.69
2021-11-08 06:39:59.999998,2021-11-08 07:19:59.999996,4,5.630471,7.2957673,8.774045,5.86
2021-11-08 06:39:59.999998,2021-11-08 07:30:00.000000,5,5.476381,7.4429717,8.774045,5.03
2021-11-08 06:39:59.999998,2021-11-08 07:40:00.000004,6,5.726587,7.593272,8.774045,5.98
2021-11-08 06:39:59.999998,2021-11-08 07:49:59.999999,7,5.6972523,7.7330785,8.774045,5.74
2021-11-08 06:39:59.999998,2021-11-08 08:00:00.000003,8,5.4046597,7.8546495,8.774045,5.28
2021-11-08 06:39:59.999998,2021-11-08 08:09:59.999998,9,5.2472086,7.954515,8.774045,5.23
2021-11-08 06:39:59.999998,2021-11-08 08:20:00.000002,10,5.2921705,8.032117,8.774045,5.5
2021-11-08 06:39:59.999998,2021-11-08 08:29:59.999997,11,5.4522543,8.088729,8.774045,5.36
2021-11-08 06:39:59.999998,2021-11-08 08:40:00.000001,12,5.7863703,8.126683,8.774045,5.43
2021-11-08 06:39:59.999998,2021-11-08 08:49:59.999996,13,6.285106,8.148815,8.774045,6.72
2021-11-08 06:39:59.999998,2021-11-08 09:00:00.000000,14,6.759585,8.158075,8.774045,6.92
2021-11-08 06:39:59.999998,2021-11-08 09:10:00.000004,15,7.0209956,8.157295,8.774045,6.47
2021-11-08 06:39:59.999998,2021-11-08 09:19:59.999999,16,6.9446,8.1490345,8.774045,7.13
2021-11-08 06:39:59.999998,2021-11-08 09:30:00.000003,17,6.5964007,8.1355095,8.774045,6.76
2021-11-08 06:39:59.999998,2021-11-08 09:39:59.999998,18,6.3950276,8.1185665,8.774045,6.47
2021-11-08 06:39:59.999998,2021-11-08 09:50:00.000002,19,6.687765,8.099693,8.774045,6.36
2021-11-08 06:39:59.999998,2021-11-08 09:59:59.999997,20,7.264212,8.080051,8.774045,7.42
2021-11-08 06:39:59.999998,2021-11-08 10:10:00.000001,21,7.7105985,8.060509,8.774045,7.76
2021-11-08 06:39:59.999998,2021-11-08 10:19:59.999996,22,7.896879,8.04169,8.774045,7.91
2021-11-08 06:39:59.999998,2021-11-08 10:30:00.000000,23,7.9476724,8.024017,8.774045,7.81
2021-11-08 06:39:59.999998,2021-11-08 10:40:00.000004,24,8.133185,8.007751,8.774045,8.29
2021-11-08 06:39:59.999998,2021-11-08 10:49:59.999999,25,8.623754,7.99303,8.774045,8.5
2021-11-08 06:39:59.999998,2021-11-08 11:00:00.000003,26,9.183878,7.979896,8.774045,9.27
2021-11-08 06:39:59.999998,2021-11-08 11:09:59.999998,27,9.478398,7.9683237,8.774045,9.41
2021-11-08 06:39:59.999998,2021-11-08 11:20:00.000002,28,9.515832,7.9582434,8.774045,9.62
2021-11-08 06:39:59.999998,2021-11-08 11:29:59.999997,29,9.482512,7.9495506,8.774045,9.31
2021-11-08 06:39:59.999998,2021-11-08 11:40:00.000001,30,9.498234,7.9421244,8.774045,9.71
2021-11-08 06:39:59.999998,2021-11-08 11:49:59.999996,31,9.571139,7.93584,8.774045,9.4
2021-11-08 06:39:59.999998,2021-11-08 12:00:00.000000,32,9.505032,7.930566,8.774045,9.57
2021-11-08 06:39:59.999998,2021-11-08 12:10:00.000004,33,9.136773,7.926179,8.774045,9.13
2021-11-08 06:39:59.999998,2021-11-08 12:19:59.999999,34,8.715543,7.922562,8.774045,8.75
2021-11-08 06:39:59.999998,2021-11-08 12:30:00.000003,35,8.585997,7.919606,8.774045,8.61
2021-11-08 06:39:59.999998,2021-11-08 12:39:59.999998,36,8.691378,7.9172115,8.774045,8.47
2021-11-08 06:50:00.000002,2021-11-08 06:59:59.999997,1,7.822494,7.2149653,8.67862,7.68
2021-11-08 06:50:00.000002,2021-11-08 07:10:00.000001,2,6.575915,7.1937366,8.67862,6.69
2021-11-08 06:50:00.000002,2021-11-08 07:19:59.999996,3,5.630471,7.2633286,8.67862,5.86
2021-11-08 06:50:00.000002,2021-11-08 07:30:00.000000,4,5.476381,7.3779674,8.67862,5.03
2021-11-08 06:50:00.000002,2021-11-08 07:40:00.000004,5,5.726587,7.5136833,8.67862,5.98
2021-11-08 06:50:00.000002,2021-11-08 07:49:59.999999,6,5.6972523,7.651075,8.67862,5.74
2021-11-08 06:50:00.000002,2021-11-08 08:00:00.000003,7,5.4046597,7.7774863,8.67862,5.28
2021-11-08 06:50:00.000002,2021-11-08 08:09:59.999998,8,5.2472086,7.8858614,8.67862,5.23
2021-11-08 06:50:00.000002,2021-11-08 08:20:00.000002,9,5.2921705,7.973209,8.67862,5.5
2021-11-08 06:50:00.000002,2021-11-08 08:29:59.999997,10,5.4522543,8.039266,8.67862,5.36
2021-11-08 06:50:00.000002,2021-11-08 08:40:00.000001,11,5.7863703,8.085464,8.67862,5.43
2021-11-08 06:50:00.000002,2021-11-08 08:49:59.999996,12,6.285106,8.114198,8.67862,6.72
2021-11-08 06:50:00.000002,2021-11-08 09:00:00.000000,13,6.759585,8.128286,8.67862,6.92
2021-11-08 06:50:00.000002,2021-11-08 09:10:00.000004,14,7.0209956,8.130631,8.67862,6.47
2021-11-08 06:50:00.000002,2021-11-08 09:19:59.999999,15,6.9446,8.123978,8.67862,7.13
2021-11-08 06:50:00.000002,2021-11-08 09:30:00.000003,16,6.5964007,8.110786,8.67862,6.76
2021-11-08 06:50:00.000002,2021-11-08 09:39:59.999998,17,6.3950276,8.093171,8.67862,6.47
2021-11-08 06:50:00.000002,2021-11-08 09:50:00.000002,18,6.687765,8.072876,8.67862,6.36
2021-11-08 06:50:00.000002,2021-11-08 09:59:59.999997,19,7.264212,8.051289,8.67862,7.42
2021-11-08 06:50:00.000002,2021-11-08 10:10:00.000001,20,7.7105985,8.029477,8.67862,7.76
2021-11-08 06:50:00.000002,2021-11-08 10:19:59.999996,21,7.896879,8.008227,8.67862,7.91
2021-11-08 06:50:00.000002,2021-11-08 10:30:00.000000,22,7.9476724,7.9880857,8.67862,7.81
2021-11-08 06:50:00.000002,2021-11-08 10:40:00.000004,23,8.133185,7.9694104,8.67862,8.29
2021-11-08 06:50:00.000002,2021-11-08 10:49:59.999999,24,8.623754,7.9524045,8.67862,8.5
2021-11-08 06:50:00.000002,2021-11-08 11:00:00.000003,25,9.183878,7.9371533,8.67862,9.27
2021-11-08 06:50:00.000002,2021-11-08 11:09:59.999998,26,9.478398,7.923658,8.67862,9.41
2021-11-08 06:50:00.000002,2021-11-08 11:20:00.000002,27,9.515832,7.911856,8.67862,9.62
2021-11-08 06:50:00.000002,2021-11-08 11:29:59.999997,28,9.482512,7.9016476,8.67862,9.31
2021-11-08 06:50:00.000002,2021-11-08 11:40:00.000001,29,9.498234,7.8929033,8.67862,9.71
2021-11-08 06:50:00.000002,2021-11-08 11:49:59.999996,30,9.571139,7.885487,8.67862,9.4
2021-11-08 06:50:00.000002,2021-11-08 12:00:00.000000,31,9.505032,7.879251,8.67862,9.57
2021-11-08 06:50:00.000002,2021-11-08 12:10:00.000004,32,9.136773,7.874054,8.67862,9.13
2021-11-08 06:50:00.000002,2021-11-08 12:19:59.999999,33,8.715543,7.8697634,8.67862,8.75
2021-11-08 06:50:00.000002,2021-11-08 12:30:00.000003,34,8.585997,7.86625,8.67862,8.61
2021-11-08 06:50:00.000002,2021-11-08 12:39:59.999998,35,8.691378,7.8634024,8.67862,8.47
2021-11-08 06:50:00.000002,2021-11-08 12:50:00.000002,36,8.792771,7.861116,8.67862,9.06
2021-11-08 06:59:59.999997,2021-11-08 07:10:00.000001,1,6.575915,7.2833385,7.822494,6.69
2021-11-08 06:59:59.999997,2021-11-08 07:19:59.999996,2,5.630471,7.213442,7.822494,5.86
2021-11-08 06:59:59.999997,2021-11-08 07:30:00.000000,3,5.476381,7.226347,7.822494,5.03
2021-11-08 06:59:59.999997,2021-11-08 07:40:00.000004,4,5.726587,7.2816334,7.822494,5.98
2021-11-08 06:59:59.999997,2021-11-08 07:49:59.999999,5,5.6972523,7.359056,7.822494,5.74
2021-11-08 06:59:59.999997,2021-11-08 08:00:00.000003,6,5.4046597,7.4416466,7.822494,5.28
2021-11-08 06:59:59.999997,2021-11-08 08:09:59.999998,7,5.2472086,7.518178,7.822494,5.23
2021-11-08 06:59:59.999997,2021-11-08 08:20:00.000002,8,5.2921705,7.5822983,7.822494,5.5
2021-11-08 06:59:59.999997,2021-11-08 08:29:59.999997,9,5.4522543,7.6312075,7.822494,5.36
2021-11-08 06:59:59.999997,2021-11-08 08:40:00.000001,10,5.7863703,7.664493,7.822494,5.43
2021-11-08 06:59:59.999997,2021-11-08 08:49:59.999996,11,6.285106,7.6832237,7.822494,6.72
2021-11-08 06:59:59.999997,2021-11-08 09:00:00.000000,12,6.759585,7.6893063,7.822494,6.92
2021-11-08 06:59:59.999997,2021-11-08 09:10:00.000004,13,7.0209956,7.6850123,7.822494,6.47
2021-11-08 06:59:59.999997,2021-11-08 09:19:59.999999,14,6.9446,7.67268,7.822494,7.13
2021-11-08 06:59:59.999997,2021-11-08 09:30:00.000003,15,6.5964007,7.654518,7.822494,6.76
2021-11-08 06:59:59.999997,2021-11-08 09:39:59.999998,16,6.3950276,7.632481,7.822494,6.47
2021-11-08 06:59:59.999997,2021-11-08 09:50:00.000002,17,6.687765,7.608226,7.822494,6.36
2021-11-08 06:59:59.999997,2021-11-08 09:59:59.999997,18,7.264212,7.583089,7.822494,7.42
2021-11-08 06:59:59.999997,2021-11-08 10:10:00.000001,19,7.7105985,7.5581074,7.822494,7.76
2021-11-08 06:59:59.999997,2021-11-08 10:19:59.999996,20,7.896879,7.5340466,7.822494,7.91
2021-11-08 06:59:59.999997,2021-11-08 10:30:00.000000,21,7.9476724,7.511439,7.822494,7.81
2021-11-08 06:59:59.999997,2021-11-08 10:40:00.000004,22,8.133185,7.4906197,7.822494,8.29
2021-11-08 06:59:59.999997,2021-11-08 10:49:59.999999,23,8.623754,7.4717736,7.822494,8.5
2021-11-08 06:59:59.999997,2021-11-08 11:00:00.000003,24,9.183878,7.454963,7.822494,9.27
2021-11-08 06:59:59.999997,2021-11-08 11:09:59.999998,25,9.478398,7.4401636,7.822494,9.41
2021-11-08 06:59:59.999997,2021-11-08 11:20:00.000002,26,9.515832,7.4272857,7.822494,9.62
2021-11-08 06:59:59.999997,2021-11-08 11:29:59.999997,27,9.482512,7.416202,7.822494,9.31
2021-11-08 06:59:59.999997,2021-11-08 11:40:00.000001,28,9.498234,7.4067583,7.822494,9.71
2021-11-08 06:59:59.999997,2021-11-08 11:49:59.999996,29,9.571139,7.39879,7.822494,9.4
2021-11-08 06:59:59.999997,2021-11-08 12:00:00.000000,30,9.505032,7.392128,7.822494,9.57
2021-11-08 06:59:59.999997,2021-11-08 12:10:00.000004,31,9.136773,7.3866105,7.822494,9.13
2021-11-08 06:59:59.999997,2021-11-08 12:19:59.999999,32,8.715543,7.3820825,7.822494,8.75
2021-11-08 06:59:59.999997,2021-11-08 12:30:00.000003,33,8.585997,7.378404,7.822494,8.61
2021-11-08 06:59:59.999997,2021-11-08 12:39:59.999998,34,8.691378,7.3754435,7.822494,8.47
2021-11-08 06:59:59.999997,2021-11-08 12:50:00.000002,35,8.792771,7.373088,7.822494,9.06
2021-11-08 06:59:59.999997,2021-11-08 12:59:59.999997,36,8.822051,7.3712354,7.822494,8.79
2021-11-08 07:10:00.000001,2021-11-08 07:19:59.999996,1,5.630471,7.3045382,6.575915,5.86
2021-11-08 07:10:00.000001,2021-11-08 07:30:00.000000,2,5.476381,7.162741,6.575915,5.03
2021-11-08 07:10:00.000001,2021-11-08 07:40:00.000004,3,5.726587,7.095279,6.575915,5.98
2021-11-08 07:10:00.000001,2021-11-08 07:49:59.999999,4,5.6972523,7.0684114,6.575915,5.74
2021-11-08 07:10:00.000001,2021-11-08 08:00:00.000003,5,5.4046597,7.066856,6.575915,5.28
2021-11-08 07:10:00.000001,2021-11-08 08:09:59.999998,6,5.2472086,7.076705,6.575915,5.23
2021-11-08 07:10:00.000001,2021-11-08 08:20:00.000002,7,5.2921705,7.08834,6.575915,5.5
2021-11-08 07:10:00.000001,2021-11-08 08:29:59.999997,8,5.4522543,7.0960255,6.575915,5.36
2021-11-08 07:10:00.000001,2021-11-08 08:40:00.000001,9,5.7863703,7.0969157,6.575915,5.43
2021-11-08 07:10:00.000001,2021-11-08 08:49:59.999996,10,6.285106,7.0901427,6.575915,6.72
2021-11-08 07:10:00.000001,2021-11-08 09:00:00.000000,11,6.759585,7.0760803,6.575915,6.92
2021-11-08 07:10:00.000001,2021-11-08 09:10:00.000004,12,7.0209956,7.055814,6.575915,6.47
2021-11-08 07:10:00.000001,2021-11-08 09:19:59.999999,13,6.9446,7.030768,6.575915,7.13
2021-11-08 07:10:00.000001,2021-11-08 09:30:00.000003,14,6.5964007,7.002442,6.575915,6.76
2021-11-08 07:10:00.000001,2021-11-08 09:39:59.999998,15,6.3950276,6.972259,6.575915,6.47
2021-11-08 07:10:00.000001,2021-11-08 09:50:00.000002,16,6.687765,6.94146,6.575915,6.36
2021-11-08 07:10:00.000001,2021-11-08 09:59:59.999997,17,7.264212,6.9110713,6.575915,7.42
2021-11-08 07:10:00.000001,2021-11-08 10:10:00.000001,18,7.7105985,6.881886,6.575915,7.76
2021-11-08 07:10:00.000001,2021-11-08 10:19:59.999996,19,7.896879,6.8544765,6.575915,7.91
2021-11-08 07:10:00.000001,2021-11-08 10:30:00.000000,20,7.9476724,6.82922,6.575915,7.81
2021-11-08 07:10:00.000001,2021-11-08 10:40:00.000004,21,8.133185,6.8063326,6.575915,8.29
2021-11-08 07:10:00.000001,2021-11-08 10:49:59.999999,22,8.623754,6.78589,6.575915,8.5
2021-11-08 07:10:00.000001,2021-11-08 11:00:00.000003,23,9.183878,6.7678723,6.575915,9.27
2021-11-08 07:10:00.000001,2021-11-08 11:09:59.999998,24,9.478398,6.7521815,6.575915,9.41
2021-11-08 07:10:00.000001,2021-11-08 11:20:00.000002,25,9.515832,6.738669,6.575915,9.62
2021-11-08 07:10:00.000001,2021-11-08 11:29:59.999997,26,9.482512,6.7271523,6.575915,9.31
2021-11-08 07:10:00.000001,2021-11-08 11:40:00.000001,27,9.498234,6.7174377,6.575915,9.71
2021-11-08 07:10:00.000001,2021-11-08 11:49:59.999996,28,9.571139,6.709321,6.575915,9.4
2021-11-08 07:10:00.000001,2021-11-08 12:00:00.000000,29,9.505032,6.702606,6.575915,9.57
2021-11-08 07:10:00.000001,2021-11-08 12:10:00.000004,30,9.136773,6.697103,6.575915,9.13
2021-11-08 07:10:00.000001,2021-11-08 12:19:59.999999,31,8.715543,6.6926403,6.575915,8.75
2021-11-08 07:10:00.000001,2021-11-08 12:30:00.000003,32,8.585997,6.6890574,6.575915,8.61
2021-11-08 07:10:00.000001,2021-11-08 12:39:59.999998,33,8.691378,6.6862135,6.575915,8.47
2021-11-08 07:10:00.000001,2021-11-08 12:50:00.000002,34,8.792771,6.6839857,6.575915,9.06
2021-11-08 07:10:00.000001,2021-11-08 12:59:59.999997,35,8.822051,6.682264,6.575915,8.79
2021-11-08 07:10:00.000001,2021-11-08 13:10:00.000001,36,8.80239,6.680953,6.575915,8.67
2021-11-08 07:19:59.999996,2021-11-08 07:30:00.000000,1,5.476381,7.2590094,5.630471,5.03
2021-11-08 07:19:59.999996,2021-11-08 07:40:00.000004,2,5.726587,7.0595007,5.630471,5.98
2021-11-08 07:19:59.999996,2021-11-08 07:49:59.999999,3,5.6972523,6.929307,5.630471,5.74
2021-11-08 07:19:59.999996,2021-11-08 08:00:00.000003,4,5.4046597,6.8401704,5.630471,5.28
2021-11-08 07:19:59.999996,2021-11-08 08:09:59.999998,5,5.2472086,6.780654,5.630471,5.23
2021-11-08 07:19:59.999996,2021-11-08 08:20:00.000002,6,5.2921705,6.7389636,5.630471,5.5
2021-11-08 07:19:59.999996,2021-11-08 08:29:59.999997,7,5.4522543,6.7063375,5.630471,5.36
2021-11-08 07:19:59.999996,2021-11-08 08:40:00.000001,8,5.7863703,6.677091,5.630471,5.43
2021-11-08 07:19:59.999996,2021-11-08 08:49:59.999996,9,6.285106,6.6479707,5.630471,6.72
2021-11-08 07:19:59.999996,2021-11-08 09:00:00.000000,10,6.759585,6.6174345,5.630471,6.92
2021-11-08 07:19:59.999996,2021-11-08 09:10:00.000004,11,7.0209956,6.585074,5.630471,6.47
2021-11-08 07:19:59.999996,2021-11-08 09:19:59.999999,12,6.9446,6.551161,5.630471,7.13
2021-11-08 07:19:59.999996,2021-11-08 09:30:00.000003,13,6.5964007,6.5163307,5.630471,6.76
2021-11-08 07:19:59.999996,2021-11-08 09:39:59.999998,14,6.3950276,6.481361,5.630471,6.47
2021-11-08 07:19:59.999996,2021-11-08 09:50:00.000002,15,6.687765,6.447022,5.630471,6.36
2021-11-08 07:19:59.999996,2021-11-08 09:59:59.999997,16,7.264212,6.413999,5.630471,7.42
2021-11-08 07:19:59.999996,2021-11-08 10:10:00.000001,17,7.7105985,6.3828406,5.630471,7.76
2021-11-08 07:19:59.999996,2021-11-08 10:19:59.999996,18,7.896879,6.3539457,5.630471,7.91
2021-11-08 07:19:59.999996,2021-11-08 10:30:00.000000,19,7.9476724,6.3275657,5.630471,7.81
2021-11-08 07:19:59.999996,2021-11-08 10:40:00.000004,20,8.133185,6.3038297,5.630471,8.29
2021-11-08 07:19:59.999996,2021-11-08 10:49:59.999999,21,8.623754,6.282749,5.630471,8.5
2021-11-08 07:19:59.999996,2021-11-08 11:00:00.000003,22,9.183878,6.2642555,5.630471,9.27
2021-11-08 07:19:59.999996,2021-11-08 11:09:59.999998,23,9.478398,6.248215,5.630471,9.41
2021-11-08 07:19:59.999996,2021-11-08 11:20:00.000002,24,9.515832,6.2344527,5.630471,9.62
2021-11-08 07:19:59.999996,2021-11-08 11:29:59.999997,25,9.482512,6.2227664,5.630471,9.31
2021-11-08 07:19:59.999996,2021-11-08 11:40:00.000001,26,9.498234,6.212941,5.630471,9.71
2021-11-08 07:19:59.999996,2021-11-08 11:49:59.999996,27,9.571139,6.2047625,5.630471,9.4
2021-11-08 07:19:59.999996,2021-11-08 12:00:00.000000,28,9.505032,6.198018,5.630471,9.57
2021-11-08 07:19:59.999996,2021-11-08 12:10:00.000004,29,9.136773,6.1925135,5.630471,9.13
2021-11-08 07:19:59.999996,2021-11-08 12:19:59.999999,30,8.715543,6.188067,5.630471,8.75
2021-11-08 07:19:59.999996,2021-11-08 12:30:00.000003,31,8.585997,6.184513,5.630471,8.61
2021-11-08 07:19:59.999996,2021-11-08 12:39:59.999998,32,8.691378,6.1817055,5.630471,8.47
2021-11-08 07:19:59.999996,2021-11-08 12:50:00.000002,33,8.792771,6.179516,5.630471,9.06
2021-11-08 07:19:59.999996,2021-11-08 12:59:59.999997,34,8.822051,6.177836,5.630471,8.79
2021-11-08 07:19:59.999996,2021-11-08 13:10:00.000001,35,8.80239,6.1765666,5.630471,8.67
2021-11-08 07:19:59.999996,2021-11-08 13:19:59.999996,36,8.77107,6.1756277,5.630471,8.79
2021-11-08 07:30:00.000000,2021-11-08 07:40:00.000004,1,5.726587,7.179156,5.476381,5.98
2021-11-08 07:30:00.000000,2021-11-08 07:49:59.999999,2,5.6972523,6.961515,5.476381,5.74
2021-11-08 07:30:00.000000,2021-11-08 08:00:00.000003,3,5.4046597,6.8150625,5.476381,5.28
2021-11-08 07:30:00.000000,2021-11-08 08:09:59.999998,4,5.2472086,6.712829,5.476381,5.23
2021-11-08 07:30:00.000000,2021-11-08 08:20:00.000002,5,5.2921705,6.643936,5.476381,5.5
2021-11-08 07:30:00.000000,2021-11-08 08:29:59.999997,6,5.4522543,6.596503,5.476381,5.36
2021-11-08 07:30:00.000000,2021-11-08 08:40:00.000001,7,5.7863703,6.561308,5.476381,5.43
2021-11-08 07:30:00.000000,2021-11-08 08:49:59.999996,8,6.285106,6.5320725,5.476381,6.72
2021-11-08 07:30:00.000000,2021-11-08 09:00:00.000000,9,6.759585,6.5049396,5.476381,6.92
2021-11-08 07:30:00.000000,2021-11-08 09:10:00.000004,10,7.0209956,6.477823,5.476381,6.47
2021-11-08 07:30:00.000000,2021-11-08 09:19:59.999999,11,6.9446,6.4498467,5.476381,7.13
2021-11-08 07:30:00.000000,2021-11-08 09:30:00.000003,12,6.5964007,6.4209003,5.476381,6.76
2021-11-08 07:30:00.000000,2021-11-08 09:39:59.999998,13,6.3950276,6.391312,5.476381,6.47
2021-11-08 07:30:00.000000,2021-11-08 09:50:00.000002,14,6.687765,6.3616204,5.476381,6.36
2021-11-08 07:30:00.000000,2021-11-08 09:59:59.999997,15,7.264212,6.3324203,5.476381,7.42
2021-11-08 07:30:00.000000,2021-11-08 10:10:00.000001,16,7.7105985,6.3042693,5.476381,7.76
2021-11-08 07:30:00.000000,2021-11-08 10:19:59.999996,17,7.896879,6.2776313,5.476381,7.91
2021-11-08 07:30:00.000000,2021-11-08 10:30:00.000000,18,7.9476724,6.252855,5.476381,7.81
2021-11-08 07:30:00.000000,2021-11-08 10:40:00.000004,19,8.133185,6.2301707,5.476381,8.29
2021-11-08 07:30:00.000000,2021-11-08 10:49:59.999999,20,8.623754,6.2097015,5.476381,8.5
2021-11-08 07:30:00.000000,2021-11-08 11:00:00.000003,21,9.183878,6.1914744,5.476381,9.27
2021-11-08 07:30:00.000000,2021-11-08 11:09:59.999998,22,9.478398,6.1754436,5.476381,9.41
2021-11-08 07:30:00.000000,2021-11-08 11:20:00.000002,23,9.515832,6.161503,5.476381,9.62
2021-11-08 07:30:00.000000,2021-11-08 11:29:59.999997,24,9.482512,6.1495104,5.476381,9.31
2021-11-08 07:30:00.000000,2021-11-08 11:40:00.000001,25,9.498234,6.1393023,5.476381,9.71
2021-11-08 07:30:00.000000,2021-11-08 11:49:59.999996,26,9.571139,6.1306953,5.476381,9.4
2021-11-08 07:30:00.000000,2021-11-08 12:00:00.000000,27,9.505032,6.1235094,5.476381,9.57
2021-11-08 07:30:00.000000,2021-11-08 12:10:00.000004,28,9.136773,6.1175675,5.476381,9.13
2021-11-08 07:30:00.000000,2021-11-08 12:19:59.999999,29,8.715543,6.112701,5.476381,8.75
2021-11-08 07:30:00.000000,2021-11-08 12:30:00.000003,30,8.585997,6.108753,5.476381,8.61
2021-11-08 07:30:00.000000,2021-11-08 12:39:59.999998,31,8.691378,6.105585,5.476381,8.47
2021-11-08 07:30:00.000000,2021-11-08 12:50:00.000002,32,8.792771,6.1030684,5.476381,9.06
2021-11-08 07:30:00.000000,2021-11-08 12:59:59.999997,33,8.822051,6.101095,5.476381,8.79
2021-11-08 07:30:00.000000,2021-11-08 13:10:00.000001,34,8.80239,6.099568,5.476381,8.67
2021-11-08 07:30:00.000000,2021-11-08 13:19:59.999996,35,8.77107,6.0984035,5.476381,8.79
2021-11-08 07:30:00.000000,2021-11-08 13:30:00.000000,36,8.766379,6.097533,5.476381,8.82
2021-11-08 07:40:00.000004,2021-11-08 07:49:59.999999,1,5.6972523,7.162934,5.726587,5.74
2021-11-08 07:40:00.000004,2021-11-08 08:00:00.000003,2,5.4046597,6.9622626,5.726587,5.28
2021-11-08 07:40:00.000004,2021-11-08 08:09:59.999998,3,5.2472086,6.8326054,5.726587,5.23
2021-11-08 07:40:00.000004,2021-11-08 08:20:00.000002,4,5.2921705,6.746182,5.726587,5.5
2021-11-08 07:40:00.000004,2021-11-08 08:29:59.999997,5,5.4522543,6.6918054,5.726587,5.36
2021-11-08 07:40:00.000004,2021-11-08 08:40:00.000001,6,5.7863703,6.6575003,5.726587,5.43
2021-11-08 07:40:00.000004,2021-11-08 08:49:59.999996,7,6.285106,6.6340265,5.726587,6.72
2021-11-08 07:40:00.000004,2021-11-08 09:00:00.000000,8,6.759585,6.615133,5.726587,6.92
2021-11-08 07:40:00.000004,2021-11-08 09:10:00.000004,9,7.0209956,6.597022,5.726587,6.47
2021-11-08 07:40:00.000004,2021-11-08 09:19:59.999999,10,6.9446,6.577698,5.726587,7.13
2021-11-08 07:40:00.000004,2021-11-08 09:30:00.000003,11,6.5964007,6.5563874,5.726587,6.76
2021-11-08 07:40:00.000004,2021-11-08 09:39:59.999998,12,6.3950276,6.533086,5.726587,6.47
2021-11-08 07:40:00.000004,2021-11-08 09:50:00.000002,13,6.687765,6.508237,5.726587,6.36
2021-11-08 07:40:00.000004,2021-11-08 09:59:59.999997,14,7.264212,6.482484,5.726587,7.42
2021-11-08 07:40:00.000004,2021-11-08 10:10:00.000001,15,7.7105985,6.456529,5.726587,7.76
2021-11-08 07:40:00.000004,2021-11-08 10:19:59.999996,16,7.896879,6.4310207,5.726587,7.91
2021-11-08 07:40:00.000004,2021-11-08 10:30:00.000000,17,7.9476724,6.406515,5.726587,7.81
2021-11-08 07:40:00.000004,2021-11-08 10:40:00.000004,18,8.133185,6.383436,5.726587,8.29
2021-11-08 07:40:00.000004,2021-11-08 10:49:59.999999,19,8.623754,6.3620863,5.726587,8.5
2021-11-08 07:40:00.000004,2021-11-08 11:00:00.000003,20,9.183878,6.3426485,5.726587,9.27
2021-11-08 07:40:00.000004,2021-11-08 11:09:59.999998,21,9.478398,6.3252034,5.726587,9.41
2021-11-08 07:40:00.000004,2021-11-08 11:20:00.000002,22,9.515832,6.309751,5.726587,9.62
2021-11-08 07:40:00.000004,2021-11-08 11:29:59.999997,23,9.482512,6.2962275,5.726587,9.31
2021-11-08 07:40:00.000004,2021-11-08 11:40:00.000001,24,9.498234,6.2845235,5.726587,9.71
2021-11-08 07:40:00.000004,2021-11-08 11:49:59.999996,25,9.571139,6.2744994,5.726587,9.4
2021-11-08 07:40:00.000004,2021-11-08 12:00:00.000000,26,9.505032,6.2660003,5.726587,9.57
2021-11-08 07:40:00.000004,2021-11-08 12:10:00.000004,27,9.136773,6.258864,5.726587,9.13
2021-11-08 07:40:00.000004,2021-11-08 12:19:59.999999,28,8.715543,6.252926,5.726587,8.75
2021-11-08 07:40:00.000004,2021-11-08 12:30:00.000003,29,8.585997,6.248032,5.726587,8.61
2021-11-08 07:40:00.000004,2021-11-08 12:39:59.999998,30,8.691378,6.244038,5.726587,8.47
2021-11-08 07:40:00.000004,2021-11-08 12:50:00.000002,31,8.792771,6.2408085,5.726587,9.06
2021-11-08 07:40:00.000004,2021-11-08 12:59:59.999997,32,8.822051,6.2382236,5.726587,8.79
2021-11-08 07:40:00.000004,2021-11-08 13:10:00.000001,33,8.80239,6.236179,5.726587,8.67
2021-11-08 07:40:00.000004,2021-11-08 13:19:59.999996,34,8.77107,6.23458,5.726587,8.79
2021-11-08 07:40:00.000004,2021-11-08 13:30:00.000000,35,8.766379,6.2333474,5.726587,8.82
2021-11-08 07:40:00.000004,2021-11-08 13:40:00.000004,36,8.712554,6.2324123,5.726587,8.82
2021-11-08 07:49:59.999999,2021-11-08 08:00:00.000003,1,5.4046597,7.1303554,5.6972523,5.28
2021-11-08 07:49:59.999999,2021-11-08 08:09:59.999998,2,5.2472086,6.930407,5.6972523,5.23
2021-11-08 07:49:59.999999,2021-11-08 08:20:00.000002,3,5.2921705,6.800356,5.6972523,5.5
2021-11-08 07:49:59.999999,2021-11-08 08:29:59.999997,4,5.4522543,6.7129,5.6972523,5.36
2021-11-08 07:49:59.999999,2021-11-08 08:40:00.000001,5,5.7863703,6.6574655,5.6972523,5.43
2021-11-08 07:49:59.999999,2021-11-08 08:49:59.999996,6,6.285106,6.6224265,5.6972523,6.72
2021-11-08 07:49:59.999999,2021-11-08 09:00:00.000000,7,6.759585,6.5986757,5.6972523,6.92
2021-11-08 07:49:59.999999,2021-11-08 09:10:00.000004,8,7.0209956,6.5799656,5.6972523,6.47
2021-11-08 07:49:59.999999,2021-11-08 09:19:59.999999,9,6.9446,6.562448,5.6972523,7.13
2021-11-08 07:49:59.999999,2021-11-08 09:30:00.000003,10,6.5964007,6.5440464,5.6972523,6.76
2021-11-08 07:49:59.999999,2021-11-08 09:39:59.999998,11,6.3950276,6.5238986,5.6972523,6.47
2021-11-08 07:49:59.999999,2021-11-08 09:50:00.000002,12,6.687765,6.5019255,5.6972523,6.36
2021-11-08 07:49:59.999999,2021-11-08 09:59:59.999997,13,7.264212,6.478496,5.6972523,7.42
2021-11-08 07:49:59.999999,2021-11-08 10:10:00.000001,14,7.7105985,6.4541955,5.6972523,7.76
2021-11-08 07:49:59.999999,2021-11-08 10:19:59.999996,15,7.896879,6.4296746,5.6972523,7.91
2021-11-08 07:49:59.999999,2021-11-08 10:30:00.000000,16,7.9476724,6.405548,5.6972523,7.81
2021-11-08 07:49:59.999999,2021-11-08 10:40:00.000004,17,8.133185,6.38234,5.6972523,8.29
2021-11-08 07:49:59.999999,2021-11-08 10:49:59.999999,18,8.623754,6.360461,5.6972523,8.5
2021-11-08 07:49:59.999999,2021-11-08 11:00:00.000003,19,9.183878,6.340199,5.6972523,9.27
2021-11-08 07:49:59.999999,2021-11-08 11:09:59.999998,20,9.478398,6.321735,5.6972523,9.41
2021-11-08 07:49:59.999999,2021-11-08 11:20:00.000002,21,9.515832,6.305148,5.6972523,9.62
2021-11-08 07:49:59.999999,2021-11-08 11:29:59.999997,22,9.482512,6.290441,5.6972523,9.31
2021-11-08 07:49:59.999999,2021-11-08 11:40:00.000001,23,9.498234,6.277559,5.6972523,9.71
2021-11-08 07:49:59.999999,2021-11-08 11:49:59.999996,24,9.571139,6.266398,5.6972523,9.4
2021-11-08 07:49:59.999999,2021-11-08 12:00:00.000000,25,9.505032,6.2568297,5.6972523,9.57
2021-11-08 07:49:59.999999,2021-11-08 12:10:00.000004,26,9.136773,6.2487087,5.6972523,9.13
2021-11-08 07:49:59.999999,2021-11-08 12:19:59.999999,27,8.715543,6.241879,5.6972523,8.75
2021-11-08 07:49:59.999999,2021-11-08 12:30:00.000003,28,8.585997,6.236191,5.6972523,8.61
2021-11-08 07:49:59.999999,2021-11-08 12:39:59.999998,29,8.691378,6.2314954,5.6972523,8.47
2021-11-08 07:49:59.999999,2021-11-08 12:50:00.000002,30,8.792771,6.2276554,5.6972523,9.06
2021-11-08 07:49:59.999999,2021-11-08 12:59:59.999997,31,8.822051,6.2245445,5.6972523,8.79
2021-11-08 07:49:59.999999,2021-11-08 13:10:00.000001,32,8.80239,6.22205,5.6972523,8.67
2021-11-08 07:49:59.999999,2021-11-08 13:19:59.999996,33,8.77107,6.22007,5.6972523,8.79
2021-11-08 07:49:59.999999,2021-11-08 13:30:00.000000,34,8.766379,6.2185173,5.6972523,8.82
2021-11-08 07:49:59.999999,2021-11-08 13:40:00.000004,35,8.712554,6.217315,5.6972523,8.82
2021-11-08 07:49:59.999999,2021-11-08 13:49:59.999999,36,8.5709915,6.2163987,5.6972523,8.36
2021-11-08 08:00:00.000003,2021-11-08 08:09:59.999998,1,5.2472086,7.073167,5.4046597,5.23
2021-11-08 08:00:00.000003,2021-11-08 08:20:00.000002,2,5.2921705,6.8423505,5.4046597,5.5
2021-11-08 08:00:00.000003,2021-11-08 08:29:59.999997,3,5.4522543,6.6864147,5.4046597,5.36
2021-11-08 08:00:00.000003,2021-11-08 08:40:00.000001,4,5.7863703,6.578195,5.4046597,5.43
2021-11-08 08:00:00.000003,2021-11-08 08:49:59.999996,5,6.285106,6.506772,5.4046597,6.72
2021-11-08 08:00:00.000003,2021-11-08 09:00:00.000000,6,6.759585,6.459913,5.4046597,6.92
2021-11-08 08:00:00.000003,2021-11-08 09:10:00.000004,7,7.0209956,6.42781,5.4046597,6.47
2021-11-08 08:00:00.000003,2021-11-08 09:19:59.999999,8,6.9446,6.4035363,5.4046597,7.13
2021-11-08 08:00:00.000003,2021-11-08 09:30:00.000003,9,6.5964007,6.3826394,5.4046597,6.76
2021-11-08 08:00:00.000003,2021-11-08 09:39:59.999998,10,6.3950276,6.3625307,5.4046597,6.47
2021-11-08 08:00:00.000003,2021-11-08 09:50:00.000002,11,6.687765,6.3419285,5.4046597,6.36
2021-11-08 08:00:00.000003,2021-11-08 09:59:59.999997,12,7.264212,6.3204103,5.4046597,7.42
2021-11-08 08:00:00.000003,2021-11-08 10:10:00.000001,13,7.7105985,6.2980685,5.4046597,7.76
2021-11-08 08:00:00.000003,2021-11-08 10:19:59.999996,14,7.896879,6.2752767,5.4046597,7.91
2021-11-08 08:00:00.000003,2021-11-08 10:30:00.000000,15,7.9476724,6.2525144,5.4046597,7.81
2021-11-08 08:00:00.000003,2021-11-08 10:40:00.000004,16,8.133185,6.2302685,5.4046597,8.29
2021-11-08 08:00:00.000003,2021-11-08 10:49:59.999999,17,8.623754,6.2089653,5.4046597,8.5
2021-11-08 08:00:00.000003,2021-11-08 11:00:00.000003,18,9.183878,6.1889443,5.4046597,9.27
2021-11-08 08:00:00.000003,2021-11-08 11:09:59.999998,19,9.478398,6.170449,5.4046597,9.41
2021-11-08 08:00:00.000003,2021-11-08 11:20:00.000002,20,9.515832,6.153623,5.4046597,9.62
2021-11-08 08:00:00.000003,2021-11-08 11:29:59.999997,21,9.482512,6.138531,5.4046597,9.31
2021-11-08 08:00:00.000003,2021-11-08 11:40:00.000001,22,9.498234,6.125166,5.4046597,9.71
2021-11-08 08:00:00.000003,2021-11-08 11:49:59.999996,23,9.571139,6.1134715,5.4046597,9.4
2021-11-08 08:00:00.000003,2021-11-08 12:00:00.000000,24,9.505032,6.10335,5.4046597,9.57
2021-11-08 08:00:00.000003,2021-11-08 12:10:00.000004,25,9.136773,6.094678,5.4046597,9.13
2021-11-08 08:00:00.000003,2021-11-08 12:19:59.999999,26,8.715543,6.0873227,5.4046597,8.75
2021-11-08 08:00:00.000003,2021-11-08 12:30:00.000003,27,8.585997,6.081142,5.4046597,8.61
2021-11-08 08:00:00.000003,2021-11-08 12:39:59.999998,28,8.691378,6.0759945,5.4046597,8.47
2021-11-08 08:00:00.000003,2021-11-08 12:50:00.000002,29,8.792771,6.071746,5.4046597,9.06
2021-11-08 08:00:00.000003,2021-11-08 12:59:59.999997,30,8.822051,6.0682716,5.4046597,8.79
2021-11-08 08:00:00.000003,2021-11-08 13:10:00.000001,31,8.80239,6.0654564,5.4046597,8.67
2021-11-08 08:00:00.000003,2021-11-08 13:19:59.999996,32,8.77107,6.0631957,5.4046597,8.79
2021-11-08 08:00:00.000003,2021-11-08 13:30:00.000000,33,8.766379,6.061401,5.4046597,8.82
2021-11-08 08:00:00.000003,2021-11-08 13:40:00.000004,34,8.712554,6.05999,5.4046597,8.82
2021-11-08 08:00:00.000003,2021-11-08 13:49:59.999999,35,8.5709915,6.0588956,5.4046597,8.36
2021-11-08 08:00:00.000003,2021-11-08 14:00:00.000003,36,8.554569,6.0580587,5.4046597,8.62
2021-11-08 08:09:59.999998,2021-11-08 08:20:00.000002,1,5.2921705,7.024664,5.2472086,5.5
2021-11-08 08:09:59.999998,2021-11-08 08:29:59.999997,2,5.4522543,6.773279,5.2472086,5.36
2021-11-08 08:09:59.999998,2021-11-08 08:40:00.000001,3,5.7863703,6.6020594,5.2472086,5.43
2021-11-08 08:09:59.999998,2021-11-08 08:49:59.999996,4,6.285106,6.4837804,5.2472086,6.72
2021-11-08 08:09:59.999998,2021-11-08 09:00:00.000000,5,6.759585,6.4062357,5.2472086,6.92
2021-11-08 08:09:59.999998,2021-11-08 09:10:00.000004,6,7.0209956,6.356116,5.2472086,6.47
2021-11-08 08:09:59.999998,2021-11-08 09:19:59.999999,7,6.9446,6.322744,5.2472086,7.13
2021-11-08 08:09:59.999998,2021-11-08 09:30:00.000003,8,6.5964007,6.298528,5.2472086,6.76
2021-11-08 08:09:59.999998,2021-11-08 09:39:59.999998,9,6.3950276,6.27852,5.2472086,6.47
2021-11-08 08:09:59.999998,2021-11-08 09:50:00.000002,10,6.687765,6.25978,5.2472086,6.36
2021-11-08 08:09:59.999998,2021-11-08 09:59:59.999997,11,7.264212,6.240786,5.2472086,7.42
2021-11-08 08:09:59.999998,2021-11-08 10:10:00.000001,12,7.7105985,6.2209525,5.2472086,7.76
2021-11-08 08:09:59.999998,2021-11-08 10:19:59.999996,13,7.896879,6.2002673,5.2472086,7.91
2021-11-08 08:09:59.999998,2021-11-08 10:30:00.000000,14,7.9476724,6.1790376,5.2472086,7.81
2021-11-08 08:09:59.999998,2021-11-08 10:40:00.000004,15,8.133185,6.1577115,5.2472086,8.29
2021-11-08 08:09:59.999998,2021-11-08 10:49:59.999999,16,8.623754,6.136754,5.2472086,8.5
2021-11-08 08:09:59.999998,2021-11-08 11:00:00.000003,17,9.183878,6.1165915,5.2472086,9.27
2021-11-08 08:09:59.999998,2021-11-08 11:09:59.999998,18,9.478398,6.0975647,5.2472086,9.41
2021-11-08 08:09:59.999998,2021-11-08 11:20:00.000002,19,9.515832,6.079924,5.2472086,9.62
2021-11-08 08:09:59.999998,2021-11-08 11:29:59.999997,20,9.482512,6.0638256,5.2472086,9.31
2021-11-08 08:09:59.999998,2021-11-08 11:40:00.000001,21,9.498234,6.049346,5.2472086,9.71
2021-11-08 08:09:59.999998,2021-11-08 11:49:59.999996,22,9.571139,6.0364923,5.2472086,9.4
2021-11-08 08:09:59.999998,2021-11-08 12:00:00.000000,23,9.505032,6.025217,5.2472086,9.57
2021-11-08 08:09:59.999998,2021-11-08 12:10:00.000004,24,9.136773,6.015437,5.2472086,9.13
2021-11-08 08:09:59.999998,2021-11-08 12:19:59.999999,25,8.715543,6.007041,5.2472086,8.75
2021-11-08 08:09:59.999998,2021-11-08 12:30:00.000003,26,8.585997,5.9999037,5.2472086,8.61
2021-11-08 08:09:59.999998,2021-11-08 12:39:59.999998,27,8.691378,5.9938912,5.2472086,8.47
2021-11-08 08:09:59.999998,2021-11-08 12:50:00.000002,28,8.792771,5.9888735,5.2472086,9.06
2021-11-08 08:09:59.999998,2021-11-08 12:59:59.999997,29,8.822051,5.984722,5.2472086,8.79
2021-11-08 08:09:59.999998,2021-11-08 13:10:00.000001,30,8.80239,5.9813166,5.2472086,8.67
2021-11-08 08:09:59.999998,2021-11-08 13:19:59.999996,31,8.77107,5.978549,5.2472086,8.79
2021-11-08 08:09:59.999998,2021-11-08 13:30:00.000000,32,8.766379,5.9763184,5.2472086,8.82
2021-11-08 08:09:59.999998,2021-11-08 13:40:00.000004,33,8.712554,5.97454,5.2472086,8.82
2021-11-08 08:09:59.999998,2021-11-08 13:49:59.999999,34,8.5709915,5.973136,5.2472086,8.36
2021-11-08 08:09:59.999998,2021-11-08 14:00:00.000003,35,8.554569,5.9720407,5.2472086,8.62
2021-11-08 08:09:59.999998,2021-11-08 14:09:59.999998,36,8.813786,5.9711957,5.2472086,8.96
2021-11-08 08:20:00.000002,2021-11-08 08:29:59.999997,1,5.4522543,7.0043335,5.2921705,5.36
2021-11-08 08:20:00.000002,2021-11-08 08:40:00.000001,2,5.7863703,6.741852,5.2921705,5.43
2021-11-08 08:20:00.000002,2021-11-08 08:49:59.999996,3,6.285106,6.566603,5.2921705,6.72
2021-11-08 08:20:00.000002,2021-11-08 09:00:00.000000,4,6.759585,6.449268,5.2921705,6.92
2021-11-08 08:20:00.000002,2021-11-08 09:10:00.000004,5,7.0209956,6.375705,5.2921705,6.47
2021-11-08 08:20:00.000002,2021-11-08 09:19:59.999999,6,6.9446,6.331179,5.2921705,7.13
2021-11-08 08:20:00.000002,2021-11-08 09:30:00.000003,7,6.5964007,6.3040323,5.2921705,6.76
2021-11-08 08:20:00.000002,2021-11-08 09:39:59.999998,8,6.3950276,6.2860246,5.2921705,6.47
2021-11-08 08:20:00.000002,2021-11-08 09:50:00.000002,9,6.687765,6.271822,5.2921705,6.36
2021-11-08 08:20:00.000002,2021-11-08 09:59:59.999997,10,7.264212,6.258276,5.2921705,7.42
2021-11-08 08:20:00.000002,2021-11-08 10:10:00.000001,11,7.7105985,6.2437754,5.2921705,7.76
2021-11-08 08:20:00.000002,2021-11-08 10:19:59.999996,12,7.896879,6.227721,5.2921705,7.91
2021-11-08 08:20:00.000002,2021-11-08 10:30:00.000000,13,7.9476724,6.2101464,5.2921705,7.81
2021-11-08 08:20:00.000002,2021-11-08 10:40:00.000004,14,8.133185,6.191425,5.2921705,8.29
2021-11-08 08:20:00.000002,2021-11-08 10:49:59.999999,15,8.623754,6.1720757,5.2921705,8.5
2021-11-08 08:20:00.000002,2021-11-08 11:00:00.000003,16,9.183878,6.1526504,5.2921705,9.27
2021-11-08 08:20:00.000002,2021-11-08 11:09:59.999998,17,9.478398,6.1336465,5.2921705,9.41
2021-11-08 08:20:00.000002,2021-11-08 11:20:00.000002,18,9.515832,6.1154757,5.2921705,9.62
2021-11-08 08:20:00.000002,2021-11-08 11:29:59.999997,19,9.482512,6.098448,5.2921705,9.31
2021-11-08 08:20:00.000002,2021-11-08 11:40:00.000001,20,9.498234,6.0827727,5.2921705,9.71
2021-11-08 08:20:00.000002,2021-11-08 11:49:59.999996,21,9.571139,6.0685687,5.2921705,9.4
2021-11-08 08:20:00.000002,2021-11-08 12:00:00.000000,22,9.505032,6.0558767,5.2921705,9.57
2021-11-08 08:20:00.000002,2021-11-08 12:10:00.000004,23,9.136773,6.0446806,5.2921705,9.13
2021-11-08 08:20:00.000002,2021-11-08 12:19:59.999999,24,8.715543,6.0349183,5.2921705,8.75
2021-11-08 08:20:00.000002,2021-11-08 12:30:00.000003,25,8.585997,6.026496,5.2921705,8.61
2021-11-08 08:20:00.000002,2021-11-08 12:39:59.999998,26,8.691378,6.0193043,5.2921705,8.47
2021-11-08 08:20:00.000002,2021-11-08 12:50:00.000002,27,8.792771,6.013218,5.2921705,9.06
2021-11-08 08:20:00.000002,2021-11-08 12:59:59.999997,28,8.822051,6.0081134,5.2921705,8.79
2021-11-08 08:20:00.000002,2021-11-08 13:10:00.000001,29,8.80239,6.0038724,5.2921705,8.67
2021-11-08 08:20:00.000002,2021-11-08 13:19:59.999996,30,8.77107,6.0003753,5.2921705,8.79
2021-11-08 08:20:00.000002,2021-11-08 13:30:00.000000,31,8.766379,5.9975195,5.2921705,8.82
2021-11-08 08:20:00.000002,2021-11-08 13:40:00.000004,32,8.712554,5.995205,5.2921705,8.82
2021-11-08 08:20:00.000002,2021-11-08 13:49:59.999999,33,8.5709915,5.993347,5.2921705,8.36
2021-11-08 08:20:00.000002,2021-11-08 14:00:00.000003,34,8.554569,5.9918704,5.2921705,8.62
2021-11-08 08:20:00.000002,2021-11-08 14:09:59.999998,35,8.813786,5.9907084,5.2921705,8.96
2021-11-08 08:20:00.000002,2021-11-08 14:20:00.000002,36,9.153306,5.9898057,5.2921705,8.94
2021-11-08 08:29:59.999997,2021-11-08 08:40:00.000001,1,5.7863703,6.968328,5.4522543,5.43
2021-11-08 08:29:59.999997,2021-11-08 08:49:59.999996,2,6.285106,6.701276,5.4522543,6.72
2021-11-08 08:29:59.999997,2021-11-08 09:00:00.000000,3,6.759585,6.528882,5.4522543,6.92
2021-11-08 08:29:59.999997,2021-11-08 09:10:00.000004,4,7.0209956,6.418619,5.4522543,6.47
2021-11-08 08:29:59.999997,2021-11-08 09:19:59.999999,5,6.9446,6.354658,5.4522543,7.13
2021-11-08 08:29:59.999997,2021-11-08 09:30:00.000003,6,6.5964007,6.3210125,5.4522543,6.76
2021-11-08 08:29:59.999997,2021-11-08 09:39:59.999998,7,6.3950276,6.305094,5.4522543,6.47
2021-11-08 08:29:59.999997,2021-11-08 09:50:00.000002,8,6.687765,6.298018,5.4522543,6.36
2021-11-08 08:29:59.999997,2021-11-08 09:59:59.999997,9,7.264212,6.294029,5.4522543,7.42
2021-11-08 08:29:59.999997,2021-11-08 10:10:00.000001,10,7.7105985,6.28974,5.4522543,7.76
2021-11-08 08:29:59.999997,2021-11-08 10:19:59.999996,11,7.896879,6.2834263,5.4522543,7.91
2021-11-08 08:29:59.999997,2021-11-08 10:30:00.000000,12,7.9476724,6.274476,5.4522543,7.81
2021-11-08 08:29:59.999997,2021-11-08 10:40:00.000004,13,8.133185,6.2629614,5.4522543,8.29
2021-11-08 08:29:59.999997,2021-11-08 10:49:59.999999,14,8.623754,6.24933,5.4522543,8.5
2021-11-08 08:29:59.999997,2021-11-08 11:00:00.000003,15,9.183878,6.2342052,5.4522543,9.27
2021-11-08 08:29:59.999997,2021-11-08 11:09:59.999998,16,9.478398,6.218238,5.4522543,9.41
2021-11-08 08:29:59.999997,2021-11-08 11:20:00.000002,17,9.515832,6.2020326,5.4522543,9.62
2021-11-08 08:29:59.999997,2021-11-08 11:29:59.999997,18,9.482512,6.1860967,5.4522543,9.31
2021-11-08 08:29:59.999997,2021-11-08 11:40:00.000001,19,9.498234,6.170833,5.4522543,9.71
2021-11-08 08:29:59.999997,2021-11-08 11:49:59.999996,20,9.571139,6.1565285,5.4522543,9.4
2021-11-08 08:29:59.999997,2021-11-08 12:00:00.000000,21,9.505032,6.1433725,5.4522543,9.57
2021-11-08 08:29:59.999997,2021-11-08 12:10:00.000004,22,9.136773,6.1314664,5.4522543,9.13
2021-11-08 08:29:59.999997,2021-11-08 12:19:59.999999,23,8.715543,6.1208463,5.4522543,8.75
2021-11-08 08:29:59.999997,2021-11-08 12:30:00.000003,24,8.585997,6.111492,5.4522543,8.61
2021-11-08 08:29:59.999997,2021-11-08 12:39:59.999998,25,8.691378,6.1033463,5.4522543,8.47
2021-11-08 08:29:59.999997,2021-11-08 12:50:00.000002,26,8.792771,6.096327,5.4522543,9.06
2021-11-08 08:29:59.999997,2021-11-08 12:59:59.999997,27,8.822051,6.0903373,5.4522543,8.79
2021-11-08 08:29:59.999997,2021-11-08 13:10:00.000001,28,8.80239,6.085271,5.4522543,8.67
2021-11-08 08:29:59.999997,2021-11-08 13:19:59.999996,29,8.77107,6.081024,5.4522543,8.79
2021-11-08 08:29:59.999997,2021-11-08 13:30:00.000000,30,8.766379,6.0774937,5.4522543,8.82
2021-11-08 08:29:59.999997,2021-11-08 13:40:00.000004,31,8.712554,6.07458,5.4522543,8.82
2021-11-08 08:29:59.999997,2021-11-08 13:49:59.999999,32,8.5709915,6.0721965,5.4522543,8.36
2021-11-08 08:29:59.999997,2021-11-08 14:00:00.000003,33,8.554569,6.0702634,5.4522543,8.62
2021-11-08 08:29:59.999997,2021-11-08 14:09:59.999998,34,8.813786,6.0687084,5.4522543,8.96
2021-11-08 08:29:59.999997,2021-11-08 14:20:00.000002,35,9.153306,6.067467,5.4522543,8.94
2021-11-08 08:29:59.999997,2021-11-08 14:29:59.999997,36,9.279527,6.066488,5.4522543,9.3
